Date,Total_Images,Image_Number,Image_File,Name,Description,URL,Year
1/1/2019 0:00:00,5,1,january-1-2012-leo-iv.jpg,Dwarf Galaxy Leo IV,"Leo IV is one of more than a dozen ultra-faint dwarf galaxies near the Milky Way. These galaxies are dominated by dark matter, an invisible substance that makes up most of the universe's mass.",https://science.nasa.gov/asset/hubble/ultra-faint-dwarf-galaxy-leo-iv/,2012
,5,2,january-1-2007-ngc-3982.jpg,Spiral Galaxy NGC 3982,"This image captures the face-on spiral galaxy NGC 3982. Its arms are lined with pink star-forming regions of glowing hydrogen, blue newborn star clusters, and dark dust lanes that provide the raw material for future generations of stars.",https://science.nasa.gov/asset/hubble/face-on-spiral-galaxy-ngc-3982/,2007
,5,3,january-1-2023-ngc-1333.jpg,Reflection Nebula NGC 1333,NGC 1333 is a nearby star-forming region. Glowing gases and pitch-black dust are stirred up and blown around by several hundred newly forming stars embedded within this dark cloud.,https://science.nasa.gov/asset/hubble/ngc-1333/,2023
,5,4,january-1-2018-omega-centauri.jpg,Omega Centauri,Omega Centauri consists of roughly 10 million stars that are gravitationally bound. The cluster is about 10 times as massive as other big globular clusters – almost as massive as a small galaxy.,https://science.nasa.gov/asset/hubble/omega-centauri-2/,2018
,5,5,january-1-2014-ugc-4459.jpg,Irregular Galaxy UGC 4459,"Irregular dwarf galaxies, such as UGC 4459, are one of the most common types of galaxy in the universe. UGC 4459’s diffused and disorganized appearance is characteristic of an irregular dwarf galaxy.",https://science.nasa.gov/missions/hubble/hubble-peers-at-a-distinctly-disorganized-dwarf-galaxy/,2014
1/2/2019 0:00:00,5,1,january-2-2005-SDSS-J1004-4112.jpg,Galaxy Cluster SDSS J1004+4112,"This picture captures a galaxy cluster called SDSS J1004+4112 that's so massive that its gravity bends and magnifies light from galaxies behind it. The light of a distant quasar (the brilliant core of an active galaxy) has been bent around the cluster, appearing in five places in this image.",https://science.nasa.gov/asset/hubble/hubble-captures-a-five-star-rated-gravitational-lens/,2005
,5,2,january-2-2017-ngc-4302-and-ngc-4298.jpg,Spiral Galaxies NGC 4302 and NGC 4298,"This image captures two spiral galaxies. They look quite different because we see them from different angles. The edge-on galaxy (on the left) is called NGC 4302, and the other is NGC 4298.",https://science.nasa.gov/asset/hubble/spiral-galaxy-pair-ngc-4302-and-ngc-4298/,2017
,5,3,january-2-2006-leo-a.jpg,Dwarf Galaxy Leo A,This image features the nearby dwarf irregular galaxy Leo A. Astronomers study dwarf galaxies like Leo A because they are numerous and may offer clues to how galaxies grow and evolve.,https://science.nasa.gov/missions/hubble/hubble-finds-structure-in-an-unstructured-galaxy/,2006
,5,4,january-2-2011-caldwell-73.jpg,Globular Cluster Caldwell 73,"C73, or NGC 1851, is a globular cluster that may be the result of a collision of two star clusters. Unlike many globular clusters, C73 hosts stellar populations with different ages.",https://science.nasa.gov/mission/hubble/science/explore-the-night-sky/hubble-caldwell-catalog/caldwell-73/,2011
,5,5,january-2-2020-cosmic-reef.jpg,Cosmic Reef,"About 163,000 light-years from Earth, the Cosmic Reef is a starbirth region. Massive, young stars are sculpting and lighting up their surroundings with powerful winds and ultraviolet radiation.",https://science.nasa.gov/asset/hubble/cosmic-reef/,2020
1/3/2019 0:00:00,5,1,january-3-2017-ngc-4302-and-ngc-4298.jpg,Spiral Galaxies NGC 4302 and NGC 4298,"This image captures two spiral galaxies. They look quite different because we see them from different angles. The edge-on galaxy (on the left) is called NGC 4302, and the other is NGC 4298.",https://science.nasa.gov/asset/hubble/spiral-galaxy-pair-ngc-4302-and-ngc-4298/,2017
,5,2,january-3-2021-ag-carinae.jpg,AG Carinae,"The star AG Carinae is living on the edge! This petulant star is prone to outbursts, and will likely only survive a few million years – much shorter than the expected lifetime of our Sun, which is about 10 billion years.",https://science.nasa.gov/asset/hubble/ag-carinae/,2021
,5,3,january-3-2004-hudf.jpg,Hubble Ultra Deep Field,"This view of nearly 10,000 galaxies is the deepest visible-light image of the cosmos. Called the Hubble Ultra Deep Field, this galaxy-studded view represents a ""deep"" core sample of the universe, cutting across billions of light-years.",https://science.nasa.gov/asset/hubble/hubble-ultra-deep-field-image-reveals-galaxies-galore/,2004
,5,4,january-3-2006-messier-87.jpg,Elliptical Galaxy Messier 87,"This image of the giant galaxy M87 shows a 3,000-light-year-long jet of plasma blasting from the galaxy's 6.5-billion-solar-mass central black hole. The jet seems to cause stars to erupt along its trajectory.",https://science.nasa.gov/asset/hubble/m87-4/,2006
,5,5,january-3-2007-ngc-4911.jpg,Spiral Galaxy NGC 4911,"Spiral galaxy NGC 4911 contains rich lanes of dust and gas near its center, silhouetted against glowing newborn star clusters and pink clouds of hydrogen. The galaxy's outer spiral arms are being distorted by forces from a companion galaxy, NGC 4911A (upper right).",https://science.nasa.gov/asset/hubble/spiral-galaxy-ngc-4911-in-the-coma-cluster/,2007
1/4/2019 0:00:00,5,1,january-4-1998-saturn.jpg,Saturn in Infrared,"This false-color image of Saturn captures infrared light reflecting off the planet. The image also captures two of Saturn's moons, Dione in the lower left and Tethys in the upper right.",https://science.nasa.gov/asset/hubble/an-infrared-view-of-saturn/,1998
,5,2,january-4-2013-ngc-1309.jpg,Spiral Galaxy NGC 1309,"Looking like a child's pinwheel ready to be set spinning by a gentle breeze, this dramatic spiral galaxy is home to multiple notable stellar explosions, called supernovae, including SN 2002fk and SN 2012Z.",https://science.nasa.gov/asset/hubble/supernova-2012z-in-spiral-galaxy-ngc-1309/,2013
,5,3,january-4-2023-ngc-1333.jpg,Reflection Nebula NGC 1333,NGC 1333 is a nearby star-forming region. Glowing gases and pitch-black dust are stirred up and blown around by several hundred newly forming stars embedded within this dark cloud.,https://science.nasa.gov/asset/hubble/ngc-1333/,2023
,5,4,january-4-1995-crab-nebula-heart.jpg,Heart of the Crab Nebula,"Located about 6,500 light-years from Earth, the Crab Nebula is the remnant of a star that began its life with about 10 times the mass of our own Sun. The star exploded as a supernova in 1054.",https://science.nasa.gov/asset/hubble/peering-into-the-heart-of-the-crab-nebula/,1995
,5,5,january-4-2020-cosmic-reef.jpg,Cosmic Reef,"About 163,000 light-years from Earth, the Cosmic Reef is a starbirth region. Massive, young stars are sculpting and lighting up their surroundings with powerful winds and ultraviolet radiation.",https://science.nasa.gov/asset/hubble/cosmic-reef/,2020
1/5/2019 0:00:00,5,1,january-5-2010-ngc-2841.jpg,Spiral Galaxy NGC 2841,"Young, blue stars and dark lanes of dust trace the winding arms of NGC 2841. Winds from the young stars may have cleared out the gas needed for additional star birth and halted star formation in the spiral galaxy.",https://science.nasa.gov/asset/hubble/spiral-galaxy-ngc-2841/,2010
,5,2,january-5-2024-jupiter.jpg,Jupiter in Ultraviolet Light,"Jupiter's bands of clouds present an ever-changing kaleidoscope of shapes and colors. There is always stormy weather on Jupiter: cyclones, anticyclones, and the largest storm in the solar system, the Great Red Spot.",https://science.nasa.gov/asset/hubble/multiwavelength-opal-jupiter/,2024
,5,3,january-5-2014-galaxy-cluster-macs-j041612403.jpg,Galaxy Cluster MACS J0416.1-2403,"Massive galaxy cluster MACS J0416.1-2403 weighs as much as a million billion suns. The cluster's gravitational field magnifies and distorts the light from galaxies far behind it, a phenomenon called gravitational lensing.",https://science.nasa.gov/asset/hubble/faint-compact-galaxy-in-the-early-universe/,2014
,5,4,january-5-1995-crab-nebula-heart.jpg,Heart of the Crab Nebula,"Located about 6,500 light-years from Earth, the Crab Nebula is the remnant of a star that began its life with about 10 times the mass of our own Sun. The star exploded as a supernova in 1054.",https://science.nasa.gov/asset/hubble/peering-into-the-heart-of-the-crab-nebula/,1995
,5,5,january-5-2024-ngc-3285b.jpg,Spiral Galaxy NGC 3285B,"The swirling spiral galaxy NGC 3285B is a member of the Hydra I cluster, one of the largest galaxy clusters in the nearby universe. NGC 3285B sits on the outskirts of its home cluster, far from the massive galaxies at the center.",https://science.nasa.gov/missions/hubble/hubble-spies-swirling-spiral/,2024
1/6/2019 0:00:00,5,1,january-6-2006-arp-220.jpg,Interacting Galaxies Arp 220,"Arp 220 is the result of a collision between two spiral galaxies that began 700 millions years ago. Located about 250 million light-years from Earth, it is one of the nearest galaxy mergers to our planet.",https://science.nasa.gov/asset/hubble/hubble-interacting-galaxy-arp-220/,2006
,5,2,january-6-2024-jupiter.jpg,Jupiter,"Jupiter's innermost and highly volcanic moon, Io, is visible to the left of the planet in this image. A pair of storms, a deep red cyclone and a reddish anticyclone, appear to be next to each other just right of center.",https://science.nasa.gov/asset/hubble/jupiter-11/,2024
,5,3,january-6-2014-stein-2051b.jpg,White Dwarf Stein 2051 B,"The white dwarf star Stein 2051 B and the smaller star below it appear to be close neighbors, but actually reside far away from each other. Stein 2051 B is 17 light-years from Earth; the other star is about 5,000 light-years away.",https://science.nasa.gov/asset/hubble/white-dwarf-star-stein-2051-b/,2014
,5,4,january-6-2006-i-zwicky-18.jpg,Irregular Galaxy I Zwicky 18,"This galaxy has a youthful appearance that resembles galaxies typically found in the early universe. Hubble found, however, that it contains faint, older stars, suggesting that the galaxy may have formed at the same time as most other galaxies.",https://science.nasa.gov/asset/hubble/hubble-finds-mature-galaxy-masquerading-as-toddler/,2006
,5,5,january-6-2020-cosmic-reef.jpg,Cosmic Reef,"About 163,000 light-years from Earth, the Cosmic Reef is a starbirth region. Massive, young stars are sculpting and lighting up their surroundings with powerful winds and ultraviolet radiation.",https://science.nasa.gov/asset/hubble/cosmic-reef/,2020
1/7/2019 0:00:00,5,1,january-7-2010-ngc-2841.jpg,Spiral Galaxy NGC 2841,"Young, blue stars and dark lanes of dust trace the winding arms of NGC 2841. Winds from the young, super-hot stars may have cleared out the gas needed for additional star birth and halted star formation in the spiral galaxy.",https://science.nasa.gov/asset/hubble/spiral-galaxy-ngc-2841/,2010
,5,2,january-7-2020-cosmic-reef.jpg,Cosmic Reef,"About 163,000 light-years from Earth, the Cosmic Reef is a starbirth region. Massive, young stars are sculpting and lighting up their surroundings with powerful winds and ultraviolet radiation.",https://science.nasa.gov/asset/hubble/cosmic-reef/,2020
,5,3,january-7-2006-ugc-9618.jpg,Interacting Galaxy UGC 9618,"UGC 9618, also known as VV 340 or Arp 302, consists of a pair of very gas-rich spiral galaxies in their early stages of interaction: VV 340A is seen edge-on to the left, and VV 340B face-on to the right.",https://science.nasa.gov/asset/hubble/hubble-interacting-galaxy-ugc-9618/,2006
,5,4,january-7-2019-ugc-4879.jpg,Dwarf Galaxy UGC 4879,"UGC 4879 is an isolated irregular dwarf galaxy. Theories suggest that the lowest mass dwarf galaxies may have been the first galaxies to form, which means UGC 4879 may be a relic of the early universe.",https://science.nasa.gov/missions/hubble/hubble-examines-a-possible-relic/,2019
,5,5,january-7-2014-galaxy-cluster-macs-j041612403.jpg,Galaxy Cluster MACS J0416.1-2403,"Massive galaxy cluster MACS J0416.1-2403 weighs as much as a million billion suns. The cluster's gravitational field magnifies and distorts the light from galaxies far behind it, a phenomenon called gravitational lensing.",https://science.nasa.gov/asset/hubble/faint-compact-galaxy-in-the-early-universe/,2014
1/8/2019 0:00:00,5,1,january-8-2007-ngc-2976.jpg,Spiral Galaxy NGC 2976,"This picture shows the inner region of NGC 2976, located roughly 11 million light-years away in the constellation Ursa Major. Despite the lack of well-defined arms visible in this image, NGC 2976 is a spiral galaxy.",https://science.nasa.gov/asset/hubble/star-birth-party-almost-over-in-ngc-2976/,2007
,5,2,january-8-2012-crab-nebula.jpg,Crab Nebula,"The glow of a dead star, which exploded long ago as a supernova, reveals itself in this image of the Crab Nebula. At its center is a rotating neutron star, or pulsar, which has about the same mass as the Sun squeezed into a sphere only a few miles wide.",https://science.nasa.gov/asset/hubble/crab-nebula/,2012
,5,3,january-8-2013-sdss-j1110-6459.jpg,Galaxy Cluster SDSS J1110+6459,"A blue arc stands out against a background of red galaxies. That arc is actually three separate images of the same background galaxy that has been gravitationally lensed, its light magnified and distorted by the intervening galaxy cluster.",https://science.nasa.gov/asset/hubble/hubble-pushed-beyond-limits-to-spot-clumps-of-new-stars-in-distant-galaxy/,2013
,5,4,january-8-2015-omega-centauri.jpg,Omega Centauri,Omega Centauri consists of roughly 10 million stars that are gravitationally bound. The cluster is about 10 times as massive as other big globular clusters – almost as massive as a small galaxy.,https://science.nasa.gov/asset/hubble/omega-centauri-2/,2015
,5,5,january-8-2025-ngc-2899.jpg,Planetary Nebula NGC 2899,"This Hubble image captures the nebula NGC 2899, which resembles a moth. A dying star casts off its outer layers of material and is shaped by radiation and stellar winds.",https://science.nasa.gov/asset/hubble/planetary-nebula-ngc-2899-2/,2025
1/9/2019 0:00:00,5,1,january-9-2003-ngc-1427a.jpg,Irregular Galaxy NGC 1427A,"This image captures NGC 1427A, an irregular dwarf galaxy that is warped by the gravitational influence of its larger galactic neighbors in the Fornax galaxy cluster.",https://science.nasa.gov/asset/hubble/galaxy-ngc-1427a-plunges-toward-the-fornax-galaxy-cluster/,2003
,5,2,january-9-2006-messier-87.jpg,Elliptical Galaxy Messier 87,"This image of the giant galaxy M87 shows a 3,000-light-year-long jet of plasma blasting from the galaxy's 6.5-billion-solar-mass central black hole. The jet seems to cause stars to erupt along its trajectory.",https://science.nasa.gov/asset/hubble/m87-4/,2006
,5,3,january-9-2014-galaxy-cluster-macs-j041612403.jpg,Galaxy Cluster MACS J0416.1-2403,"Massive galaxy cluster MACS J0416.1-2403 weighs as much as a million billion suns. The cluster's gravitational field magnifies and distorts the light from galaxies far behind it, a phenomenon called gravitational lensing.",https://science.nasa.gov/asset/hubble/faint-compact-galaxy-in-the-early-universe/,2014
,5,4,january-9-2018-ngc-2770.jpg,Spiral Galaxy NGC 2770,"This image shows a close-up view of the galaxy NGC 2770, which has hosted four different observed supernovae. These exploding stars shine as brightly as an entire galaxy before slowly fading away.",https://science.nasa.gov/missions/hubble/hubble-snaps-galaxy-with-intriguing-supernova-past/,2018
,5,5,january-9-2020-cosmic-reef.jpg,Cosmic Reef,"About 163,000 light-years from Earth, the Cosmic Reef is a starbirth region. Massive, young stars are sculpting and lighting up their surroundings with powerful winds and ultraviolet radiation.",https://science.nasa.gov/asset/hubble/cosmic-reef/,2020
1/10/2019 0:00:00,5,1,january-10-1998-centaurus-a.jpg,Galaxy Centaurus A,"This image captures a turbulent firestorm of star birth along a nearly edge-on dust disk girdling nearby galaxy Centaurus A. Brilliant clusters of young, blue stars lie along the edge of the dark dust lane.",https://science.nasa.gov/asset/hubble/turbulent-cauldron-of-starbirth-in-galaxy-centaurus-a-with-ground-view-inset/,1998
,5,2,january-10-2002-ic-883.jpg,Interacting Galaxy IC 883,"IC 883 contains a very disturbed, complex central region with twin tidal tails of approximately the same length, which suggest it is the remnant of the merger of two gas-rich disk galaxies.",https://science.nasa.gov/asset/hubble/hubble-interacting-galaxy-ic-883/,2002
,5,3,january-10-2004-hudf.jpg,Hubble Ultra Deep Field,"This view of nearly 10,000 galaxies is the deepest visible-light image of the cosmos. Called the Hubble Ultra Deep Field, this galaxy-studded view represents a ""deep"" core sample of the universe, cutting across billions of light-years.",https://science.nasa.gov/asset/hubble/hubble-ultra-deep-field-image-reveals-galaxies-galore/,2004
,5,4,january-10-2013-crab-nebula-core.jpg,Center of the Crab Nebula,"At the center of the Crab Nebula is a neutron star that has about the same mass as the Sun compressed into a sphere only a few miles across. Spinning 30 times a second, the neutron star shoots out beams of energy that make it look like it's pulsating.",https://science.nasa.gov/asset/hubble/core-of-the-crab-nebula/,2013
,5,5,january-10-2024-bullseye-galaxy.jpg,Bullseye Galaxy,"Spiral galaxy LEDA 1313424, aptly nicknamed the Bullseye, contains nine rings that were caused by a smaller galaxy (the blue one to center-left) diving through its center.",https://science.nasa.gov/missions/hubble/hubble-investigates-galaxy-with-nine-rings/,2024
1/11/2019 0:00:00,5,1,january-11-2000-clown-nebula.jpg,Clown Nebula,"The Clown Nebula, or NGC 2392, contains the glowing remains of a dying Sun-like star. The bright, central region of the clown's ""face"" is material being blown away by the nebula's central star.",https://science.nasa.gov/asset/hubble/ngc-2392/,2000
,5,2,january-11-2005-messier-94.jpg,Spiral Galaxy Messier 94,"This is a portion of M94, a colorful spiral galaxy also cataloged as NGC 4736. It has two faint arms outside of its core region that extend far out into space.",https://science.nasa.gov/mission/hubble/science/explore-the-night-sky/hubble-messier-catalog/messier-94/,2005
,5,3,january-11-2012-tycho-crater.jpg,Tycho Crater on the Moon,The lunar impact crater Tycho was caused by an asteroid strike about 100 million years ago. This image reveals lunar features as small as roughly 560 feet (170 meters) across.,https://science.nasa.gov/asset/hubble/crater-tycho-on-the-moon/,2012
,5,4,january-11-2014-galaxy-cluster-macs-j041612403.jpg,Galaxy Cluster MACS J0416.1-2403,"Massive galaxy cluster MACS J0416.1-2403 weighs as much as a million billion suns. The cluster's gravitational field magnifies and distorts the light from galaxies far behind it, a phenomenon called gravitational lensing.",https://science.nasa.gov/asset/hubble/faint-compact-galaxy-in-the-early-universe/,2014
,5,5,january-11-2023-ngc-1333.jpg,Reflection Nebula NGC 1333,NGC 1333 is a nearby star-forming region. Glowing gases and pitch-black dust are stirred up and blown around by several hundred newly forming stars embedded within this dark cloud.,https://science.nasa.gov/asset/hubble/ngc-1333/,2023
1/12/2019 0:00:00,5,1,january-12-2011-andromeda-galaxy.jpg,Andromeda Galaxy,"Over 100 million stars are on display in this portion of the Andromeda galaxy, located over 2 million light-years away. This portrait of our galactic neighbor uses 7,398 exposures taken over 411 individual pointings of the telescope.",https://science.nasa.gov/asset/hubble/hubble-m31-phat-mosaic/,2011
,5,2,january-12-2006-ngc-1846.jpg,Globular Cluster NGC 1846,"Globular cluster NGC 1846 is a collection of hundreds of thousands of stars bound together by gravity. Among the stars is a faint green bubble near the bottom center of the image – a planetary nebula, or remains of a dying star, which may be a member of the cluster.",https://science.nasa.gov/asset/hubble/globular-cluster-ngc-1846/,2006
,5,3,january-12-2014-ngc-4485.jpg,Irregular Galaxy NGC 4485,"The galaxy NGC 4485 is irregular in shape. Part of it was dragged toward a second galaxy that is not in this frame of view. The interaction warped them both, turning them from spiral galaxies into irregular ones.",https://science.nasa.gov/missions/hubble/hubble-sees-starbursts-in-the-wake-of-a-fleeting-romance/,2014
,5,4,january-12-2014-galaxy-cluster-macs-j041612403.jpg,Galaxy Cluster MACS J0416.1-2403,"Massive galaxy cluster MACS J0416.1-2403 weighs as much as a million billion suns. The cluster's gravitational field magnifies and distorts the light from galaxies far behind it, a phenomenon called gravitational lensing.",https://science.nasa.gov/asset/hubble/faint-compact-galaxy-in-the-early-universe/,2014
,5,5,january-12-2024-sh2-284.jpg,Stellar Nursery Sh2-284,"This infrared view of an immense region of gas and dust is the birthing place of stars, which shine among the clouds. Clusters of new stars glow pink among dark knots of dust.",https://science.nasa.gov/missions/hubble/hubble-unveils-a-glittering-view-of-sh2-284/,2024
1/13/2019 0:00:00,5,1,january-13-2011-andromeda-galaxy.jpg,Andromeda Galaxy,"Over 100 million stars are on display in this portion of the Andromeda galaxy, located over 2 million light-years away. This portrait of our galactic neighbor uses 7,398 exposures taken over 411 individual pointings of the telescope.",https://science.nasa.gov/asset/hubble/hubble-m31-phat-mosaic/,2011
,5,2,january-13-2010-omega-centauri.jpg,Omega Centauri,Omega Centauri consists of roughly 10 million stars that are gravitationally bound. The cluster is about 10 times as massive as other big globular clusters – almost as massive as a small galaxy.,https://science.nasa.gov/asset/hubble/omega-centauri-2/,2010
,5,3,january-13-2014-galaxy-cluster-macs-j041612403.jpg,Galaxy Cluster MACS J0416.1-2403,"Massive galaxy cluster MACS J0416.1-2403 weighs as much as a million billion suns. The cluster's gravitational field magnifies and distorts the light from galaxies far behind it, a phenomenon called gravitational lensing.",https://science.nasa.gov/asset/hubble/faint-compact-galaxy-in-the-early-universe/,2014
,5,4,january-13-2020-r-aquarii.jpg,R Aquarii,"The binary star system called R Aquarii undergoes violent eruptions that blast out huge filaments of glowing gas, weaving a spiral pattern among the stars.",https://science.nasa.gov/asset/hubble/r-aquarii-wfc3-image/,2020
,5,5,january-13-2004-hudf.jpg,Hubble Ultra Deep Field,"This view of nearly 10,000 galaxies is the deepest visible-light image of the cosmos. Called the Hubble Ultra Deep Field, this galaxy-studded view represents a ""deep"" core sample of the universe, cutting across billions of light-years.",https://science.nasa.gov/asset/hubble/hubble-ultra-deep-field-image-reveals-galaxies-galore/,2004
1/14/2019 0:00:00,5,1,january-14-2003-ngc-2768.jpg,Elliptical Galaxy NGC 2768,"NGC 2768 is an elliptical galaxy located 65 million light-years away in the constellation Ursa Major. The galaxy hosts a supermassive black hole, fueling jets of material in its active center.",https://science.nasa.gov/missions/hubble/nasas-hubble-finds-supernovae-in-wrong-place-at-wrong-time/,2003
,5,2,january-14-2009-arp-194.jpg,Interacting Galaxies Arp 194,"The interacting group Arp 194 contains several galaxies along with a ""cosmic fountain"" of stars, gas, and dust that stretches over 100,000 light-years. The blue stream of material contains many millions of stars.",https://science.nasa.gov/asset/hubble/interacting-galaxies-group-arp-194/,2009
,5,3,january-14-2010-omega-centauri.jpg,Omega Centauri,Omega Centauri consists of roughly 10 million stars that are gravitationally bound. The cluster is about 10 times as massive as other big globular clusters – almost as massive as a small galaxy.,https://science.nasa.gov/asset/hubble/omega-centauri-2/,2010
,5,4,january-14-2014-p2013-r3.jpg,Asteroid P/2013 R3,This image shows an asteroid called P/2013 R3 as it was breaking apart. The asteroid's fragments were slowly drifting away from each other and had tails of dust pushed back by the pressure of sunlight.,https://science.nasa.gov/missions/hubble/hubble-witnesses-an-asteroid-mysteriously-disintegrating/,2014
,5,5,january-14-2020-r-aquarii.jpg,R Aquarii,"The binary star system called R Aquarii undergoes violent eruptions that blast out huge filaments of glowing gas, weaving a spiral pattern among the stars.",https://science.nasa.gov/asset/hubble/r-aquarii-wfc3-image/,2020
1/15/2019 0:00:00,5,1,january-15-2006-ngc-4710.jpg,Galaxy NGC 4710,"The magnificent galaxy NGC 4710 is tilted nearly edge-on to our view from Earth. This perspective allows the central bulge of stars to be easily distinguished from the galaxy's pancake-flat disk of stars, dust, and gas.",https://science.nasa.gov/asset/hubble/hubble-space-telescope-image-of-ngc-4710/,2006
,5,2,january-15-2010-47-tucanae.jpg,Globular Cluster 47 Tucanae,"The ancient globular cluster 47 Tucanae is a dense swarm of up to a million stars, and this view captures a close-up of thousands of them. The large, bright stars in the image are red giants near the end of their lives.",https://science.nasa.gov/asset/hubble/globular-cluster-47-tucanae-2/,2010
,5,3,january-15-2014-galaxy-cluster-macs-j041612403.jpg,Galaxy Cluster MACS J0416.1-2403,"Massive galaxy cluster MACS J0416.1-2403 weighs as much as a million billion suns. The cluster's gravitational field magnifies and distorts the light from galaxies far behind it, a phenomenon called gravitational lensing.",https://science.nasa.gov/asset/hubble/faint-compact-galaxy-in-the-early-universe/,2014
,5,4,january-15-2017-ngc-4302-and-ngc-4298.jpg,Spiral Galaxies NGC 4302 and NGC 4298,"This image captures two spiral galaxies. They look quite different because we see them from different angles. The edge-on galaxy (on the left) is called NGC 4302, and the other is NGC 4298.",https://science.nasa.gov/asset/hubble/spiral-galaxy-pair-ngc-4302-and-ngc-4298/,2017
,5,5,january-15-2023-omega-centauri.jpg,Omega Centauri,Omega Centauri consists of roughly 10 million stars that are gravitationally bound. The cluster is about 10 times as massive as other big globular clusters – almost as massive as a small galaxy.,https://science.nasa.gov/asset/hubble/omega-centauri-2/,2023
1/16/2019 0:00:00,5,1,january-16-2004-lindsay-shapley-ring-galaxy.jpg,Lindsay-Shapley Ring Galaxy,"The striking blue ring of the Lindsay-Shapley Ring Galaxy (AM 0644-741) is comprised of brilliant star clusters. About 150,000 light-years across, the ring structure is larger than our galaxy, the Milky Way.",https://science.nasa.gov/asset/hubble/blue-stars-ring-nucleus-of-galaxy-am-0644-741/,2004
,5,2,january-16-1995-ngc-604.jpg,Star-Forming Nebula NGC 604,"This festively colorful nebula, called NGC 604, is one of the largest known regions of star birth in nearby Messier 33, the Triangulum Galaxy. The bright stars in NGC 604 are extremely young, having formed a mere 3 million years ago.",https://science.nasa.gov/asset/hubble/firestorm-of-star-birth-in-galaxy-m33/,1995
,5,3,january-16-2007-ngc-3982.jpg,Spiral Galaxy NGC 3982,"Face-on spiral galaxy NGC 3982 has arms lined with pink star-forming regions of glowing hydrogen, blue newborn star clusters, and dark dust lanes that provide the raw material for future generations of stars.",https://science.nasa.gov/asset/hubble/face-on-spiral-galaxy-ngc-3982/,2007
,5,4,january-16-2010-47-tucanae.jpg,Globular Cluster 47 Tucanae,"The ancient globular cluster 47 Tucanae is a dense swarm of up to a million stars, and this view captures a close-up of thousands of them. The large, bright stars in the image are red giants near the end of their lives.",https://science.nasa.gov/asset/hubble/globular-cluster-47-tucanae-2/,2010
,5,5,january-16-2021-ngc-1559.jpg,Spiral Galaxy NGC 1559,"This magnificent barred spiral galaxy is NGC 1559. This picture is composed of 10 different Hubble images, from ultraviolet through visible light and into the near-infrared spectrum.",https://science.nasa.gov/missions/hubble/hubble-lights-the-way-with-new-multiwavelength-galaxy-view/,2021
1/17/2019 0:00:00,5,1,january-17-2017-supernova-1987a.jpg,Supernova 1987A,"The remnant of Supernova 1987A, located in a neighboring galaxy called the Large Magellanic Cloud, appears at the center of this image. The red, gaseous clouds that surround it fuel a firestorm of new star formation.",https://science.nasa.gov/asset/hubble/hubble-captures-wide-view-of-supernova-1987a/,2017
,5,2,january-17-1998-trapezium-cluster.jpg,Trapezium Star Cluster,"More than 300 fledgling stars and brown dwarfs surround the brightest, most massive stars (center of picture) in Hubble's infrared view of the Trapezium cluster's central region.",https://science.nasa.gov/asset/hubble/infrared-image-shows-brown-dwarfs-and-infant-stars-in-orion-nebulas-trapezium-cluster/,1998
,5,3,january-17-2007-ngc-3982.jpg,Spiral Galaxy NGC 3982,"Face-on spiral galaxy NGC 3982 has arms lined with pink star-forming regions of glowing hydrogen, blue newborn star clusters, and dark dust lanes that provide the raw material for future generations of stars.",https://science.nasa.gov/asset/hubble/face-on-spiral-galaxy-ngc-3982/,2007
,5,4,january-17-2022-omega-centauri.jpg,Omega Centauri,Omega Centauri consists of roughly 10 million stars that are gravitationally bound. The cluster is about 10 times as massive as other big globular clusters – almost as massive as a small galaxy.,https://science.nasa.gov/asset/hubble/omega-centauri-2/,2022
,5,5,january-17-2025-arp-105.jpg,Interacting Galaxies Arp 105,"Arp 105 is a dazzling ongoing merger between an elliptical galaxy (NGC 3561B) and a spiral galaxy (NGC 3561A) drawn together by gravity, characterized by a long, drawn out tidal tail of stars and gas.",https://science.nasa.gov/centers-and-facilities/goddard/hubble-jams-with-a-cosmic-guitar/,2025
1/18/2019 0:00:00,5,1,january-18-2004-ngc-4163.jpg,Dwarf Galaxy NGC 4163,"This swarm of stars is the dwarf galaxy NGC 4163, located 10 million light-years from Earth in the constellation Canes Venatici. Irregularly shaped red blobs are regions of active star formation.",https://science.nasa.gov/asset/hubble/hubble-spies-a-frenzy-of-star-birth-in-dwarf-galaxies/,2004
,5,2,january-18-2011-supernova-tiberius.jpg,Supernova Tiberius,"Supernova Tiberius, named after a Roman emperor, is the white dot in the center of this image. The bright material beneath it is part of the host galaxy. The supernova is so far away, we see it as it appeared 8 billion years ago.",https://science.nasa.gov/asset/hubble/remote-supernova-magnified-by-massive-galaxy-cluster-abell-383/,2011
,5,3,january-18-2013-ugc-9391.jpg,Spiral Galaxy UGC 9391,"This spiral galaxy, UGC 9391, contains two types of stars that astronomers use to calculate accurate distances to galaxies and refine the measurement for how fast the universe expands with time, called the Hubble constant.",https://science.nasa.gov/asset/hubble/galaxy-ugc-9391/,2013
,5,4,january-18-2015-macs-j04161-2403.jpg,Galaxy Cluster MACS J0416.1-2403,"Amid the bright light of its member galaxies, the galaxy cluster MACS J0416.1-2403 also emits a soft glow of intracluster light, produced by stars that are not part of any individual galaxy.",https://science.nasa.gov/asset/hubble/macs-j04161-2403-2/,2015
,5,5,january-18-2024-arp-105.jpg,Interacting Galaxies Arp 105,"Arp 105 is a dazzling ongoing merger between an elliptical galaxy (NGC 3561B) and a spiral galaxy (NGC 3561A) drawn together by gravity, characterized by a long, drawn out tidal tail of stars and gas.",https://science.nasa.gov/centers-and-facilities/goddard/hubble-jams-with-a-cosmic-guitar/,2024
1/19/2019 0:00:00,5,1,january-19-2005-whirlpool-galaxy.jpg,Whirlpool Galaxy,"This image provides a close-up of some of the winding arms in the Whirlpool galaxy. Tracing the arms of the spiral galaxy are red-colored clouds of hydrogen gas, which are giving birth to new stars.",https://science.nasa.gov/asset/hubble/hubble-pinpoints-doomed-star-that-explodes-as-supernova/,2005
,5,2,january-19-2015-great-red-spot.jpg,Jupiter's Great Red Spot,"This image showed that Jupiter's Great Red Spot, a giant storm in its atmosphere about the size of Earth, continues to shrink and become more circular, as it has been doing for years.",https://science.nasa.gov/missions/hubble/hubbles-planetary-portrait-captures-new-changes-in-jupiters-great-red-spot/,2015
,5,3,january-19-2009-arp-194.jpg,Interacting Galaxies Arp 194,"The interacting group Arp 194 contains several galaxies along with a ""cosmic fountain"" of stars, gas, and dust that stretches over 100,000 light-years. The blue stream of material contains many millions of stars.",https://science.nasa.gov/asset/hubble/interacting-galaxies-group-arp-194/,2009
,5,4,january-19-2007-ngc-3021.jpg,Spiral Galaxy NGC 3021,Spiral galaxy NGC 3021 is home to Cepheid variable stars. These stars pulsate at a rate that is closely related to their intrinsic brightness. Astronomers use this information to calculate a galaxy’s distance.,https://science.nasa.gov/asset/hubble/cepheid-variable-stars-in-spiral-galaxy-ngc-3021/,2007
,5,5,january-19-2019-47-tucanae.jpg,Globular Cluster 47 Tucanae,"The ancient globular cluster 47 Tucanae is a dense swarm of up to a million stars, and this view captures a close-up of thousands of them. The large, bright stars in the image are red giants near the end of their lives.",https://science.nasa.gov/asset/hubble/globular-cluster-47-tucanae-2/,2010
1/20/2019 0:00:00,5,1,january-20-2005-whirlpool-galaxy.jpg,Whirlpool Galaxy,"This image provides a close-up of some of the winding arms in the Whirlpool galaxy. Tracing the arms of the spiral galaxy are red-colored clouds of hydrogen gas, which are giving birth to new stars.",https://science.nasa.gov/asset/hubble/hubble-pinpoints-doomed-star-that-explodes-as-supernova/,2005
,5,2,january-20-2008-pn-hb-12.jpg,Planetary Nebula Hubble 12,"The hourglass-like shape of this bipolar planetary nebula, PN Hb 12 (a.k.a. Hubble 12), was formed as a Sun-like star approached the end of its life and puffed its outer layers into the surrounding space.",https://science.nasa.gov/asset/hubble/bipolar-planetary-nebula-pn-hb-12/,2008
,5,3,january-20-2014-ugc-5340.jpg,Dwarf Galaxy UGC 5340,This image captures the dwarf galaxy UGC 5340. A pocket of rapid star birth appears in the lower right corner. This region of star formation was probably triggered by a gravitational interaction with an unseen companion galaxy.,https://science.nasa.gov/asset/hubble/legus-galaxies/,2014
,5,4,january-20-2017-ngc-4302-4298.jpg,Galaxy Pair NGC 4302 and NGC 4298,This is an infrared image of the galaxy pair NGC 4302 and NGC 4298. The infrared light pierces through the dust lanes and shows significantly more stars than seen in visible light.,https://science.nasa.gov/asset/hubble/spiral-galaxy-pair-ngc-4302-and-ngc-4298/,2017
,5,5,january-20-2025-ngc-460.jpg,Open Cluster NGC 460,The NGC 460 star cluster resides in a complex of stellar clusters and nebulae. Open clusters like NGC 460 are made of anywhere from a few dozen to a few thousand stars loosely knitted together by gravity.,https://science.nasa.gov/missions/hubble/hubble-examines-stars-ensconced-in-a-cocoon-of-gas/,2025
1/21/2019 0:00:00,5,1,january-21-2000-ngc-1999.jpg,Reflection Nebula NGC 1999,NGC 1999 is a reflection nebula. It does not emit any visible light of its own but shines only because the light from the star just to the left of the center illuminates the nebula's dust.,https://science.nasa.gov/asset/hubble/reflection-nebula-ngc-1999/,2000
,5,2,january-21-2005-abell-s0740.jpg,Galaxy Cluster Abell S0740,This diverse collection of galaxies is the cluster Abell S0740 located over 450 million light-years away. The giant elliptical ESO 325-G004 looms large at the cluster's center.,https://science.nasa.gov/asset/hubble/hubble-illuminates-cluster-of-diverse-galaxies/,2005
,5,3,january-21-2023-ngc-941.jpg,Spiral Galaxy NGC 941,"Beautiful spiral galaxy NGC 941 was imaged by Hubble to collect data on the faded supernova SN 2005ad, in order to better understand the environments in which certain types of supernova explosions take place.",https://science.nasa.gov/missions/hubble/hubble-images-galaxy-with-an-explosive-past/,2023
,5,4,january-21-2024-little-dumbbell-nebula.jpg,Little Dumbbell Nebula,"The name ""Little Dumbbell"" comes from the nebula's two-lobed structure of colorful, mottled, glowing gases. The lobes are expanding into space from a dying star seen as a white dot in the center.",https://science.nasa.gov/asset/hubble/little-dumbbell-nebula-wfc3-image/,2024
,5,5,january-21-2024-ic-3225.jpg,Spiral Galaxy IC 3225,"The spiral galaxy IC 3225 looks remarkably as if it was launched from a cannon, speeding through space like a comet with a tail of gas streaming from its disk behind it.",https://science.nasa.gov/missions/hubble/hubble-sees-a-celestial-cannonball/,2024
1/22/2019 0:00:00,5,1,january-22-2005-whirlpool-galaxy.jpg,Whirlpool Galaxy,"This image captures the winding arms of the Whirlpool galaxy. It highlights the galaxy's graceful, curving arms, pink star-forming regions and brilliant blue strands of star clusters.",https://science.nasa.gov/asset/hubble/the-two-faced-whirlpool-galaxy/,2005
,5,2,january-22-2024-little-dumbbell-nebula.jpg,Little Dumbbell Nebula,"The name ""Little Dumbbell"" comes from the nebula's two-lobed structure of colorful, mottled, glowing gases. The lobes are expanding into space from a dying star seen as a white dot in the center.",https://science.nasa.gov/asset/hubble/little-dumbbell-nebula-wfc3-image/,2024
,5,3,january-22-2017-ngc-4302-and-ngc-4298.jpg,Galaxy Pair NGC 4302 and NGC 4298,"This image captures two spiral galaxies. They look quite different because we see them from different angles. The edge-on galaxy (on the left) is called NGC 4302, and the other is NGC 4298.",https://science.nasa.gov/asset/hubble/spiral-galaxy-pair-ngc-4302-and-ngc-4298/,2017
,5,4,january-22-2000-cassiopeia-a.jpg,Cassiopeia A,"The light from a titanic supernova explosion of a massive star reached Earth 320 years ago. The dead star's shredded remains are called Cassiopeia A, or ""Cas A"" for short. Cas A is the youngest known supernova remnant in our Milky Way Galaxy.",https://science.nasa.gov/asset/hubble/cassiopeia-a-colorful-shredded-remains-of-old-supernova/,2000
,5,5,january-22-2019-omega-centauri.jpg,Omega Centauri,Omega Centauri consists of roughly 10 million stars that are gravitationally bound. The cluster is about 10 times as massive as other big globular clusters – almost as massive as a small galaxy.,https://science.nasa.gov/asset/hubble/omega-centauri-2/,2019
1/23/2019 0:00:00,5,1,january-23-2004-ceres.jpg,Asteroid Ceres,"The largest known asteroid, Ceres, is approximately 590 miles (949 km) across, about the size of Texas. It resides with tens of thousands of other asteroids in the main asteroid belt.",https://science.nasa.gov/asset/hubble/color-view-of-ceres/,2004
,5,2,january-23-2000-cassiopeia-a.jpg,Cassiopeia A,"The light from a titanic supernova explosion of a massive star reached Earth 320 years ago. The dead star's shredded remains are called Cassiopeia A, or ""Cas A"" for short. Cas A is the youngest known supernova remnant in our Milky Way Galaxy.",https://science.nasa.gov/asset/hubble/cassiopeia-a-colorful-shredded-remains-of-old-supernova/,2000
,5,3,january-23-2009-saturns-double-light-show.jpg,Saturn's Double Light Show,"Hubble captured this rare UV image of Saturn with its rings edge-on and aurorae glowing at the planet's north and south poles. It takes Saturn almost 30 years to orbit the Sun, with the opportunity to image both of its poles occurring only twice during that time.",https://science.nasa.gov/asset/hubble/saturns-double-light-show/,2009
,5,4,january-23-2020-ngc-2292-2293.jpg,Interacting Galaxies NGC 2292 and NGC 2293,"Resembling a giant jack-o-lantern in space, the galaxies NGC 2292 and NGC 2293 are in the early stages of colliding with each other. The ""eyes"" are the cores of the galaxies.",https://science.nasa.gov/missions/hubble/hubble-finds-greater-pumpkin-galaxy-pair/,2020
,5,5,january-23-2006-ngc-4394.jpg,Spiral Galaxy NGC 4394,"NGC 4394 is a barred spiral galaxy, with bright spiral arms emerging from the ends of a bar that cuts through the galaxy’s central bulge. These arms are peppered with young blue stars, cosmic dust, and bright, fuzzy regions of active star formation.",https://science.nasa.gov/missions/hubble/hubble-spies-the-barred-spiral-galaxy-ngc-4394/,2006
1/24/2019 0:00:00,5,1,january-24-2015-jupiter-and-moons.jpg,Jupiter and Moons,"Three of Jupiter's moons cast their shadows on the planet. Callisto and Io are visible in the lower left and upper right, respectively, but Europa (whose shadow is on Jupiter's left edge) is out of the frame.",https://science.nasa.gov/asset/hubble/jupiter-january-24-2015/,2015
,5,2,january-24-2007-ngc-4911.jpg,Spiral Galaxy NGC 4911,"Spiral galaxy NGC 4911 contains rich lanes of dust and gas near its center, silhouetted against glowing newborn star clusters and pink clouds of hydrogen. The galaxy's outer spiral arms are being distorted by forces from a companion galaxy, NGC 4911A (upper right).",https://science.nasa.gov/asset/hubble/spiral-galaxy-ngc-4911-in-the-coma-cluster/,2007
,5,3,january-24-2010-47-tucanae.jpg,Globular Cluster 47 Tucanae,"This image of the heart of the giant globular star cluster 47 Tucanae reveals the glow of 200,000 stars. Young white dwarfs ― the burned-out relics of stars that have used up their nuclear fuel, cooled down, and lost most of their mass ― are beginning to migrate outward.",https://science.nasa.gov/asset/hubble/white-dwarfs-migrating-from-globular-cluster-47-tucanaes-core/,2013
,5,4,january-24-2014-galaxy-cluster-macs-j041612403.jpg,Galaxy Cluster MACS J0416.1-2403,"Massive galaxy cluster MACS J0416.1-2403 weighs as much as a million billion suns. The cluster's gravitational field magnifies and distorts the light from galaxies far behind it, a phenomenon called gravitational lensing.",https://science.nasa.gov/asset/hubble/faint-compact-galaxy-in-the-early-universe/,2014
,5,5,january-24-2018-ngc-1559.jpg,Spiral Galaxy NGC 1559,"This magnificent barred spiral galaxy is NGC 1559. This picture is composed of 10 different Hubble images, from ultraviolet through visible light and into the near-infrared spectrum.",https://science.nasa.gov/missions/hubble/hubble-lights-the-way-with-new-multiwavelength-galaxy-view/,2018
1/25/2019 0:00:00,5,1,january-25-2000-galaxy-ngc-4013.jpg,Spiral Galaxy NGC 4013,A dark band of dust bisects the spiral galaxy NGC 4013. This edge-on galaxy is located 55 million light-years away in the constellation Ursa Major.,https://science.nasa.gov/asset/hubble/ngc-4013-a-galaxy-on-the-edge/,2000
,5,2,january-25-2005-galaxy-cluster-macsj071753745.jpg,Galaxy Cluster MACS J0717.5+3745,Nearly every object in this image is a distant galaxy in the cluster MACS J0717.5+3745. Some faint arcs and streaks in the image are even farther galaxies whose light is magnified and disorted by the powerful gravity of the massive cluster.,https://science.nasa.gov/asset/hubble/frontier-fields-target-galaxy-clusters/,2005
,5,3,january-25-2006-messier-87.jpg,Elliptical Galaxy Messier 87,"This image of the giant galaxy M87 shows a 3,000-light-year-long jet of plasma blasting from the galaxy's 6.5-billion-solar-mass central black hole. The jet seems to cause stars to erupt along its trajectory.",https://science.nasa.gov/asset/hubble/m87-4/,2006
,5,4,january-25-2007-ngc-4911.jpg,Spiral Galaxy NGC 4911,"Spiral galaxy NGC 4911 contains rich lanes of dust and gas near its center, silhouetted against glowing newborn star clusters and pink clouds of hydrogen. The galaxy's outer spiral arms are being distorted by forces from a companion galaxy, NGC 4911A (upper right).",https://science.nasa.gov/asset/hubble/spiral-galaxy-ngc-4911-in-the-coma-cluster/,2007
,5,5,january-25-2010-47-tucanae.jpg,Globular Cluster 47 Tucanae,"The ancient globular cluster 47 Tucanae is a dense swarm of up to a million stars, and this view captures a close-up of thousands of them. The large, bright stars in the image are red giants near the end of their lives.",https://science.nasa.gov/asset/hubble/globular-cluster-47-tucanae-2/,2010
1/26/2019 0:00:00,5,1,january-26-2016-comet-332p.jpg,Comet 332P/Ikeya-Murakami,This image reveals the ancient comet 332P/Ikeya-Murakami disintegrating as it approaches the Sun. It is one of the sharpest views ever captured of an icy comet breaking apart.,https://science.nasa.gov/asset/hubble/comet-332pikeya-murakami/,2016
,5,2,january-26-2014-europa-plumes.jpg,Water Plumes on Europa,This composite image shows suspected plumes of water vapor erupting at the 7 o'clock position off the limb of Jupiter's moon Europa. The water is believed to come from an ocean beneath the moon's icy surface layer.,https://science.nasa.gov/missions/hubble/hubble-spots-possible-water-plumes-erupting-on-jupiters-moon-europa/,2014
,5,3,january-26-2007-ngc-3021.jpg,Spiral Galaxy NGC 3021,Spiral galaxy NGC 3021 is home to Cepheid variable stars. These stars pulsate at a rate that is closely related to their intrinsic brightness. Astronomers use this information to calculate a galaxy’s distance.,https://science.nasa.gov/asset/hubble/cepheid-variable-stars-in-spiral-galaxy-ngc-3021/,2007
,5,4,january-26-2010-47-tucanae.jpg,Globular Cluster 47 Tucanae,"The ancient globular cluster 47 Tucanae is a dense swarm of up to a million stars, and this view captures a close-up of thousands of them. The large, bright stars in the image are red giants near the end of their lives.",https://science.nasa.gov/asset/hubble/globular-cluster-47-tucanae-2/,2010
,5,5,january-26-2006-messier-87.jpg,Elliptical Galaxy Messier 87,"This image of the giant galaxy M87 shows a 3,000-light-year-long jet of plasma blasting from the galaxy's 6.5-billion-solar-mass central black hole. The jet seems to cause stars to erupt along its trajectory.",https://science.nasa.gov/asset/hubble/m87-4/,2006
1/27/2019 0:00:00,5,1,january-27-2016-comet-332p.jpg,Comet 332P/Ikeya-Murakami,This image reveals the ancient comet 332P/Ikeya-Murakami disintegrating as it approaches the Sun. It is one of the sharpest views ever captured of an icy comet breaking apart.,https://science.nasa.gov/asset/hubble/comet-332pikeya-murakami/,2016
,5,2,january-27-1996-caldwell-15.jpg,Planetary Nebula Caldwell 15,"This nebula's bright, white remnant star – known as a white dwarf – is surrounded by a greenish orb of gas and dust, the outer layers of the burned-out star that jettisoned into space.",https://science.nasa.gov/mission/hubble/science/explore-the-night-sky/hubble-caldwell-catalog/caldwell-15/,1996
,5,3,january-27-2010-47-tucanae.jpg,Globular Cluster 47 Tucanae,"The ancient globular cluster 47 Tucanae is a dense swarm of up to a million stars, and this view captures a close-up of thousands of them. The large, bright stars in the image are red giants near the end of their lives.",https://science.nasa.gov/asset/hubble/globular-cluster-47-tucanae-2/,2010
,5,4,january-27-2017-messier-87.jpg,Elliptical Galaxy Messier 87,"This image of the giant galaxy M87 shows a 3,000-light-year-long jet of plasma blasting from the galaxy's 6.5-billion-solar-mass central black hole. The jet seems to cause stars to erupt along its trajectory.",https://science.nasa.gov/asset/hubble/m87-4/,2017
,5,5,january-27-2005-galaxy-cluster-macsj071753745.jpg,Galaxy Cluster MACS J0717.5+3745,Nearly every object in this image is a distant galaxy in the cluster MACS J0717.5+3745. Some faint arcs and streaks in the image are even farther galaxies whose light is magnified and disorted by the powerful gravity of the massive cluster.,https://science.nasa.gov/asset/hubble/frontier-fields-target-galaxy-clusters/,2005
1/28/2019 0:00:00,5,1,january-28-2016-comet-332p.jpg,Comet 332P/Ikeya-Murakami,This image reveals the ancient comet 332P/Ikeya-Murakami disintegrating as it approached the Sun in 2016. The comet debris consists of building-size chunks near the center of the image. The main nucleus of the comet is the bright object at lower left.,https://science.nasa.gov/asset/hubble/comet-332pikeya-murakami/,2016
,5,2,january-28-2002-ugc-5101.jpg,Interacting Galaxy UGC 5101,"UGC 5101 is a peculiar galaxy that is likely the result of a recent galactic interaction and merger. It's thought to contain an active galactic nucleus (an extremely bright, compact core) buried deep in the gas and dust.",https://science.nasa.gov/asset/hubble/hubble-interacting-galaxy-ugc-5101/,2002
,5,3,january-28-2010-47-tucanae.jpg,Globular Cluster 47 Tucanae,"The ancient globular cluster 47 Tucanae is a dense swarm of up to a million stars, and this view captures a close-up of thousands of them. The large, bright stars in the image are red giants near the end of their lives.",https://science.nasa.gov/asset/hubble/globular-cluster-47-tucanae-2/,2010
,5,4,january-28-2006-messier-87.jpg,Elliptical Galaxy Messier 87,"This image of the giant galaxy M87 shows a 3,000-light-year-long jet of plasma blasting from the galaxy's 6.5-billion-solar-mass central black hole. The jet seems to cause stars to erupt along its trajectory.",https://science.nasa.gov/asset/hubble/m87-4/,2006
,5,5,january-28-2018-ngc-5643.jpg,Spiral Galaxy NGC 5643,"The glorious spiral galaxy NGC 5643 is a grand design spiral, which refers to the galaxy’s symmetrical form with two large, winding spiral arms that are clearly visible.",https://science.nasa.gov/missions/hubble/hubble-images-a-grand-spiral/,2018
1/29/2019 0:00:00,5,1,january-29-1999-ngc-2787.jpg,Lenticular Galaxy NGC 2787,Galaxy NGC 2787 is located 24 million light-years from Earth in the constellation Ursa Major. Arms of dark dust encircle the galaxy's bright center. The points of light scattered around the galaxy are huge collections of old stars known as globular clusters.,https://science.nasa.gov/asset/hubble/tightly-wound-arms-of-dust-encircle-nucleus-of-galaxy-ngc-2787/,1999
,5,2,january-29-2006-messier-87.jpg,Elliptical Galaxy Messier 87,"This image of the giant galaxy M87 shows a 3,000-light-year-long jet of plasma blasting from the galaxy's 6.5-billion-solar-mass central black hole. The jet seems to cause stars to erupt along its trajectory.",https://science.nasa.gov/asset/hubble/m87-4/,2006
,5,3,january-29-2008-messier-92.jpg,Globular Cluster Messier 92,"M92 is one of the brightest globular clusters in the Milky Way. It is very tightly packed with stars, containing some 330,000 stars in total.",https://science.nasa.gov/mission/hubble/science/explore-the-night-sky/hubble-messier-catalog/messier-92/,2008
,5,4,january-29-2014-galaxy-cluster-macs-j041612403.jpg,Galaxy Cluster MACS J0416.1-2403,"Massive galaxy cluster MACS J0416.1-2403 weighs as much as a million billion suns. The cluster's gravitational field magnifies and distorts the light from galaxies far behind it, a phenomenon called gravitational lensing.",https://science.nasa.gov/asset/hubble/faint-compact-galaxy-in-the-early-universe/,2014
,5,5,january-29-2024-ngc-4951.jpg,Spiral Galaxy NGC 4951,"Bright, starry spiral arms surround galaxy NGC 4951. NGC 4951 is a Seyfert galaxy, an extremely energetic type of galaxy with an active galactic nucleus powered by a black hole.",https://science.nasa.gov/missions/hubble/hubble-views-a-galaxy-with-a-voracious-black-hole/,2024
1/30/2019 0:00:00,5,1,january-30-2010-ngc-5584.jpg,Spiral Galaxy NGC 5584,"The brilliant, blue glow of young stars traces the graceful spiral arms of galaxy NGC 5584. Thin, dark dust lanes appear to be flowing from the yellowish core, where older stars reside.",https://science.nasa.gov/asset/hubble/hubbles-view-of-ngc-5584/,2010
,5,2,january-30-2005-galaxy-cluster-macsj071753745.jpg,Galaxy Cluster MACS J0717.5+3745,Nearly every object in this image is a distant galaxy in the cluster MACS J0717.5+3745. Some faint arcs and streaks in the image are even farther galaxies whose light is magnified and disorted by the powerful gravity of the massive cluster.,https://science.nasa.gov/asset/hubble/frontier-fields-target-galaxy-clusters/,2005
,5,3,january-30-2018-LEDA-60847.jpg,Interacting Galaxies LEDA 60847,"The group of interacting galaxies known as LEDA 60847 is classified as an active galactic nuclei, or AGN. An AGN has a supermassive black hole in the galaxy's central region that is accreting material.",https://science.nasa.gov/missions/hubble/hubble-glimpses-a-bright-galaxy-group/,2018
,5,4,january-30-2017-omega-centauri.jpg,Omega Centauri,Omega Centauri consists of roughly 10 million stars that are gravitationally bound. The cluster is about 10 times as massive as other big globular clusters – almost as massive as a small galaxy.,https://science.nasa.gov/asset/hubble/omega-centauri-2/,2017
,5,5,january-30-1999-caldwell-45.jpg,Spiral Galaxy Caldwell 45,"Hubble captured reddish-pink clouds of star-forming regions in this spiral galaxy, C45 (NGC 5248). It's considered a ""grand design"" spiral, with prominent spiral arms that reach from near the core out through the disk.",https://science.nasa.gov/mission/hubble/science/explore-the-night-sky/hubble-caldwell-catalog/caldwell-45/,1999
1/31/2019 0:00:00,5,1,january-31-1996-lmc-starfield.jpg,Starfield in the Large Magellanic Cloud,"Over 10,000 stars appear in this image, which covers a region about 130 light-years wide in a nearby galaxy called the Large Magellanic Cloud. The faintest stars in the picture are some 100 million times dimmer than the human eye can see.",https://science.nasa.gov/asset/hubble/swarm-of-glittering-stars-in-the-large-magellanic-cloud/,1996
,5,2,january-31-2014-ngc-4248.jpg,Spiral Galaxy NGC 4248,"This beautiful clump of glowing gas, dark dust, and glittering stars is the star-forming spiral galaxy NGC 4248, located about 24 million light-years away.",https://science.nasa.gov/missions/hubble/hubbles-cosmic-atlas/,2014
,5,3,january-31-2014-galaxy-cluster-macs-j041612403.jpg,Galaxy Cluster MACS J0416.1-2403,"Massive galaxy cluster MACS J0416.1-2403 weighs as much as a million billion suns. The cluster's gravitational field magnifies and distorts the light from galaxies far behind it, a phenomenon called gravitational lensing.",https://science.nasa.gov/asset/hubble/faint-compact-galaxy-in-the-early-universe/,2014
,5,4,january-31-2023-omega-centauri.jpg,Omega Centauri,Omega Centauri consists of roughly 10 million stars that are gravitationally bound. The cluster is about 10 times as massive as other big globular clusters – almost as massive as a small galaxy.,https://science.nasa.gov/asset/hubble/omega-centauri-2/,2023
,5,5,january-31-1999-caldwell-45.jpg,Spiral Galaxy Caldwell 45,"Hubble captured reddish-pink clouds of star-forming regions in this spiral galaxy, C45 (NGC 5248). It's considered a ""grand design"" spiral, with prominent spiral arms that reach from near the core out through the disk.",https://science.nasa.gov/mission/hubble/science/explore-the-night-sky/hubble-caldwell-catalog/caldwell-45/,1999
2/1/2019 0:00:00,5,1,february-1-2010-carina-nebula-pillars.jpg,Carina Nebula Pillars,These cosmic pinnacles lie within a tempestuous stellar nursery called the Carina Nebula. Infant stars buried inside the pillars fire off jets of gas that stream away from the towering peaks.,https://science.nasa.gov/asset/hubble/hubble-captures-view-of-mystic-mountain/,2010
,5,2,february-1-2013-ugc-9391.jpg,Spiral Galaxy UGC 9391,"This spiral galaxy, UGC 9391, contains two types of stars that astronomers use to calculate accurate distances to galaxies and refine the measurement for how fast the universe expands with time, called the Hubble constant.",https://science.nasa.gov/asset/hubble/galaxy-ugc-9391/,2013
,5,3,february-1-2014-galaxy-cluster-macs-j041612403.jpg,Galaxy Cluster MACS J0416.1-2403,"Massive galaxy cluster MACS J0416.1-2403 weighs as much as a million billion suns. The cluster's gravitational field magnifies and distorts the light from galaxies far behind it, a phenomenon called gravitational lensing.",https://science.nasa.gov/asset/hubble/faint-compact-galaxy-in-the-early-universe/,2014
,5,4,february-1-2016-omega-centauri.jpg,Omega Centauri,Omega Centauri consists of roughly 10 million stars that are gravitationally bound. The cluster is about 10 times as massive as other big globular clusters – almost as massive as a small galaxy.,https://science.nasa.gov/asset/hubble/omega-centauri-2/,2016
,5,5,february-1-1999-large-magellanic-cloud.jpg,Stars in the Large Magellanic Cloud,"Over 10,000 stars appear in this image, which covers a region about 130 light-years wide in a nearby galaxy called the Large Magellanic Cloud. The faintest stars in the picture are some 100 million times dimmer than the human eye can see.",https://science.nasa.gov/asset/hubble/swarm-of-glittering-stars-in-the-large-magellanic-cloud/,1999
2/2/2019 0:00:00,5,1,february-2-2010-carina-nebula-pillars.jpg,Carina Nebula Pillars,These cosmic pinnacles lie within a tempestuous stellar nursery called the Carina Nebula. Infant stars buried inside the pillars fire off jets of gas that stream away from the towering peaks.,https://science.nasa.gov/asset/hubble/hubble-captures-view-of-mystic-mountain/,2010
,5,2,february-2-2013-omega-centauri.jpg,Omega Centauri,Omega Centauri consists of roughly 10 million stars that are gravitationally bound. The cluster is about 10 times as massive as other big globular clusters – almost as massive as a small galaxy.,https://science.nasa.gov/asset/hubble/omega-centauri-2/,2013
,5,3,february-2-2024-ngc-4951.jpg,Spiral Galaxy NGC 4951,"Bright, starry spiral arms surround the active galactic nucleus (AGN) of the galaxy NGC 4951. AGNs are powered by supermassive black holes. NGC 4951 is classified as a Seyfert galaxy, which means that it’s an extremely energetic type of galaxy.",https://science.nasa.gov/missions/hubble/hubble-views-a-galaxy-with-a-voracious-black-hole/,2024
,5,4,february-2-2018-ngc-5643.jpg,Spiral Galaxy NGC 5643,"The glorious spiral galaxy NGC 5643 is a grand design spiral, which refers to the galaxy’s symmetrical form with two large, winding spiral arms that are clearly visible.",https://science.nasa.gov/missions/hubble/hubble-images-a-grand-spiral/,2018
,5,5,february-2-2000-supernova-1987a.jpg,Supernova 1987A,"The glowing gas ring around supernova 1987A, excited by light from the stellar explosion, has been fading for a decade, but parts of it are now being heated by the collision of an invisible shockwave from the explosion.",https://science.nasa.gov/asset/hubble/supernova-1987a-ring-blazes-back-to-life/,2000
2/3/2019 0:00:00,5,1,february-3-1995-bow-shock-around-ll-orionis.jpg,Bow Shock Around LL Orionis,"Named for the crescent-shaped wave made by a ship as it moves through water, a bow shock can be created in space when streams of gas collide. This image captures the bow shock around the star LL Orionis.",https://science.nasa.gov/asset/hubble/bow-shock-near-young-star-ll-ori/,1995
,5,2,february-3-2006-messier-87.jpg,Elliptical Galaxy Messier 87,"This image of the giant galaxy M87 shows a 3,000-light-year-long jet of plasma blasting from the galaxy's 6.5-billion-solar-mass central black hole. The jet seems to cause stars to erupt along its trajectory.",https://science.nasa.gov/asset/hubble/m87-4/,2006
,5,3,february-3-2014-galaxy-cluster-macs-j041612403.jpg,Galaxy Cluster MACS J0416.1-2403,"Massive galaxy cluster MACS J0416.1-2403 weighs as much as a million billion suns. The cluster's gravitational field magnifies and distorts the light from galaxies far behind it, a phenomenon called gravitational lensing.",https://science.nasa.gov/asset/hubble/faint-compact-galaxy-in-the-early-universe/,2014
,5,4,february-3-2016-omega-centauri.jpg,Omega Centauri,Omega Centauri consists of roughly 10 million stars that are gravitationally bound. The cluster is about 10 times as massive as other big globular clusters – almost as massive as a small galaxy.,https://science.nasa.gov/asset/hubble/omega-centauri-2/,2016
,5,5,february-3-2017-j13221752.jpg,Ultra-Bright Galaxies J132217.52,"A jumble of misshapen-looking galaxies is punctuated by arcs, streaks, and smeared rings. These unusual features are the stretched shapes of the universe's brightest infrared galaxies, magnified and distorted by natural cosmic lenses.",https://science.nasa.gov/asset/hubble/hubble-gallery-of-ultra-bright-galaxies/,2017
2/4/2019 0:00:00,5,1,february-4-2005-galaxy-cluster-macs-j0717-5-3745.jpg,Galaxy Cluster MACS J0717.5+3745,Nearly every object in this image is a distant galaxy in the cluster MACS J0717.5+3745. Some faint arcs and streaks in the image are even farther galaxies whose light was magnified and distorted by the powerful gravity of the massive cluster.,https://science.nasa.gov/asset/hubble/frontier-fields-target-galaxy-clusters/,2005
,5,2,february-4-2020-cosmic-reef.jpg,Cosmic Reef,"About 163,000 light-years from Earth, the Cosmic Reef is a starbirth region. Massive, young stars are sculpting and lighting up their surroundings with powerful winds and ultraviolet radiation.",https://science.nasa.gov/asset/hubble/cosmic-reef/,2020
,5,3,february-4-2001-arp-300.jpg,Interacting Galaxies Arp 300,"Arp 300 consists of two galaxies, UGC 05028 (the smaller galaxy) and UGC 05029 (the larger spiral). Likely due to its gravitational dance with its larger partner, UGC 05028 has an asymmetric, irregular structure.",https://science.nasa.gov/missions/hubble/hubble-observes-an-askew-galaxy-coaxing-star-formation-from-its-partner/,2001
,5,4,february-4-2016-omega-centauri.jpg,Omega Centauri,Omega Centauri consists of roughly 10 million stars that are gravitationally bound. The cluster is about 10 times as massive as other big globular clusters – almost as massive as a small galaxy.,https://science.nasa.gov/asset/hubble/omega-centauri-2/,2016
,5,5,february-4-2006-messier-87.jpg,Elliptical Galaxy Messier 87,"This image of the giant galaxy M87 shows a 3,000-light-year-long jet of plasma blasting from the galaxy's 6.5-billion-solar-mass central black hole. The jet seems to cause stars to erupt along its trajectory.",https://science.nasa.gov/asset/hubble/m87-4/,2006
2/5/2019 0:00:00,5,1,february-5-2019-asteroid-6478-gault.jpg,Asteroid (6478) Gault,"Hubble viewed the gradual self-destruction of the asteroid (6478) Gault caused by the long-term effects of sunlight. Dusty material ejected from the asteroid formed two comet-like tails 500,000 and 3,000 miles long.",https://science.nasa.gov/asset/hubble/asteroid-6478-gault/,2019
,5,2,february-5-2010-ngc-5584.jpg,Spiral Galaxy NGC 5584,"The brilliant, blue glow of young stars traces the graceful spiral arms of galaxy NGC 5584. Thin, dark dust lanes appear to be flowing from the yellowish core, where older stars reside.",https://science.nasa.gov/asset/hubble/hubbles-view-of-ngc-5584/,2010
,5,3,february-5-1995-caldwell-46.jpg,Reflection Nebula Caldwell 46,"C46, named ""Hubble's Variable Nebula"" after astronomer Edwin Hubble, is a fan-shaped cloud of gas and dust illuminated by R Monocerotis, the bright star at the bottom end of the nebula.",https://science.nasa.gov/asset/hubble/hubbles-variable-nebula-ngc-2261/,1995
,5,4,february-5-2006-messier-87.jpg,Elliptical Galaxy Messier 87,"This image of the giant galaxy M87 shows a 3,000-light-year-long jet of plasma blasting from the galaxy's 6.5-billion-solar-mass central black hole. The jet seems to cause stars to erupt along its trajectory.",https://science.nasa.gov/asset/hubble/m87-4/,2006
,5,5,february-5-2005-galaxy-cluster-macsj071753745.jpg,Galaxy Cluster MACS J0717.5+3745,Nearly every object in this image is a distant galaxy in the cluster MACS J0717.5+3745. Some faint arcs and streaks in the image are even farther galaxies whose light was magnified and distorted by the powerful gravity of the massive cluster.,https://science.nasa.gov/asset/hubble/frontier-fields-target-galaxy-clusters/,2005
2/6/2019 0:00:00,5,1,february-6-2007-planetary-nebula-ngc-2440.jpg,Planetary Nebula NGC 2440,"Planetary nebula NGC 2440 is a relic of a star once like our Sun that has cast off its outer layers of gas, forming a colorful cocoon around the star's remaining core.",https://science.nasa.gov/asset/hubble/the-colorful-demise-of-a-sun-like-star/,2007
,5,2,february-6-2014-galactic-center.jpg,Galactic Center,"Peering deep into the heart of our Milky Way galaxy reveals a tapestry of more than half a million stars. Except for a few blue foreground stars, the rest are part of the Milky Way's nuclear star cluster, the most massive and densest star cluster in our galaxy.",https://science.nasa.gov/asset/hubble/milky-way-nuclear-star-cluster/,2014
,5,3,february-6-2010-ngc-5584.jpg,Spiral Galaxy NGC 5584,"The brilliant, blue glow of young stars traces the graceful spiral arms of galaxy NGC 5584. Thin, dark dust lanes appear to be flowing from the yellowish core, where older stars reside.",https://science.nasa.gov/asset/hubble/hubbles-view-of-ngc-5584/,2010
,5,4,february-6-2021-messier-14.jpg,Globular Cluster Messier 14,"The globular cluster M14 is home to over 150,000 stars. Globular clusters are collections of several thousands to millions of stars, all formed from a shared nebula and bound together by gravity.",https://science.nasa.gov/mission/hubble/science/explore-the-night-sky/hubble-messier-catalog/messier-14/,2021
,5,5,february-6-2019-omega-centauri.jpg,Omega Centauri,Omega Centauri consists of roughly 10 million stars that are gravitationally bound. The cluster is about 10 times as massive as other big globular clusters – almost as massive as a small galaxy.,https://science.nasa.gov/asset/hubble/omega-centauri-2/,2019
2/7/2019 0:00:00,5,1,february-7-1999-thackeray-s-globules.jpg,Thackeray's Globules,"These dense, dark dust clouds, named ""Thackeray's globules"" after astronomer A.D. Thackeray, are silhouetted against stars and bright gas clouds of the star-forming region IC 2944. The largest globule is actually two separate, overlapping clouds.",https://science.nasa.gov/asset/hubble/thackerays-globules-dense-opaque-dust-clouds-in-star-forming-region-ic-2944/,1999
,5,2,february-7-2005-messier-74.jpg,Spiral Galaxy Messier 74,"M74, also called NGC 628, is a stunning example of a ""grand-design"" spiral galaxy that is viewed from Earth nearly face-on. Its perfectly symmetrical spiral arms emanate from the central nucleus and are dotted with clusters of young stars.",https://science.nasa.gov/asset/hubble/spiral-galaxy-m74/,2005
,5,3,february-7-2007-starfish-nebula.jpg,Starfish Nebula,"He 2-47 is dubbed the ""Starfish"" because of its shape. The six lobes of gas and dust, which resemble the legs of a starfish, suggest that He 2-47 puffed off material at least three times in three different directions.",https://science.nasa.gov/asset/hubble/hubble-captures-stars-going-out-in-style/,2007
,5,4,february-7-2014-monkey-head-nebula.jpg,Monkey Head Nebula,This image reveals carved knots of gas and dust in a small portion of the Monkey Head Nebula. The nebula is a star-forming region that hosts dark dust clouds silhouetted against glowing gas.,https://science.nasa.gov/asset/hubble/ngc-2174/,2014
,5,5,february-7-2016-omega-centauri.jpg,Omega Centauri,Omega Centauri consists of roughly 10 million stars that are gravitationally bound. The cluster is about 10 times as massive as other big globular clusters – almost as massive as a small galaxy.,https://science.nasa.gov/asset/hubble/omega-centauri-2/,2016
2/8/2019 0:00:00,5,1,february-8-2014-monkey-head-nebula.jpg,Monkey Head Nebula,This image reveals carved knots of gas and dust in a small portion of the Monkey Head Nebula. The nebula is a star-forming region that hosts dusky dust clouds silhouetted against glowing gas.,https://science.nasa.gov/asset/hubble/ngc-2174/,2014
,5,2,february-8-1995-messier-4.jpg,Globular Cluster Messier 4,"Peering deep inside a cluster of several hundred thousand stars uncovers the oldest burned-out stars in our Milky Way Galaxy. Located in the globular cluster M4, these small, dying stars are known as white dwarfs.",https://science.nasa.gov/asset/hubble/hubble-pinpoints-white-dwarfs-in-globular-cluster/,1995
,5,3,february-8-2014-ngc-3627.jpg,Spiral Galaxy NGC 3627,"NGC 3627 is a large spiral galaxy that is undergoing vigorous star and star-cluster formation, which occurs along the dark filaments that make up the spiral arms.",https://science.nasa.gov/asset/hubble/legus-galaxies/,2014
,5,4,february-8-2007-ngc-5315.jpg,Planetary Nebula NGC 5315,NGC 5315 is a chaotic-looking nebula with an x-shaped structure. This shape suggests that the star ejected material in two different outbursts in two distinct directions.,https://science.nasa.gov/asset/hubble/hubble-captures-stars-going-out-in-style/,2007
,5,5,february-8-2005-galaxy-cluster-macsj071753745.jpg,Galaxy Cluster MACS J0717.5+3745,Nearly every object in this image is a distant galaxy in the cluster MACS J0717.5+3745. Some faint arcs and streaks in the image are even farther galaxies whose light was magnified and disorted by the powerful gravity of the massive cluster.,https://science.nasa.gov/asset/hubble/frontier-fields-target-galaxy-clusters/,2005
2/9/2019 0:00:00,5,1,february-9-2014-monkey-head-nebula.jpg,Monkey Head Nebula,This image reveals carved knots of gas and dust in a small portion of the Monkey Head Nebula. The nebula is a star-forming region that hosts dusky dust clouds silhouetted against glowing gas.,https://science.nasa.gov/asset/hubble/ngc-2174/,2014
,5,2,february-9-2005-galaxy-cluster-macsj071753745.jpg,Galaxy Cluster MACS J0717.5+3745,Nearly every object in this image is a distant galaxy in the cluster MACS J0717.5+3745. Some faint arcs and streaks in the image are even farther galaxies whose light was magnified and distorted by the powerful gravity of the massive cluster.,https://science.nasa.gov/asset/hubble/frontier-fields-target-galaxy-clusters/,2005
,5,3,february-9-2004-47-tucanae.jpg,Globular Cluster 47 Tucanae,"This image of the heart of the giant globular star cluster 47 Tucanae reveals the glow of 200,000 stars. Young white dwarfs ― the burned-out relics of stars that have used up their nuclear fuel, cooled down, and lost most of their mass ― are beginning to migrate outward.",https://science.nasa.gov/asset/hubble/white-dwarfs-migrating-from-globular-cluster-47-tucanaes-core/,2004
,5,4,february-9-2018-arp-303.jpg,Galaxy Pair Arp 303,"Two spiral galaxies, IC 563 (bottom right) and IC 564 (top left), collectively known as Arp 303, are very bright at infrared wavelengths and host many bright star-forming regions.",https://science.nasa.gov/missions/hubble/hubble-captures-pair-of-star-forming-spirals/,2018
,5,5,february-9-2013-ugc-9391.jpg,Spiral Galaxy UGC 9391,"This spiral galaxy, UGC 9391, contains two types of stars that astronomers use to calculate accurate distances to galaxies and refine the measurement for how fast the universe expands with time, called the Hubble constant.",https://science.nasa.gov/asset/hubble/galaxy-ugc-9391/,2013
2/10/2019 0:00:00,5,1,february-10-2005-brown-dwarf-candidate-chxr-73-b.jpg,Brown Dwarf Candidate CHXR 73 B,"The bright spot at lower right is a suspected brown dwarf, an object bigger than a planet but smaller than a star. Named CHXR 73 B, it orbits a red dwarf star dubbed CHXR 73, which is much less massive than the Sun.",https://science.nasa.gov/asset/hubble/chxr-73-a-and-b-red-dwarf-and-substellar-companion/,2005
,5,2,february-10-2012-crab-nebula.jpg,Crab Nebula,"The glow of a dead star, which exploded long ago as a supernova, reveals itself in this image of the Crab Nebula. At its center is a rotating neutron star, or pulsar, which has about the same mass as the Sun squeezed into a sphere only a few miles wide.",https://science.nasa.gov/asset/hubble/crab-nebula/,2012
,5,3,february-10-2014-stein-2051b.jpg,White Dwarf Stein 2051 B,"The white dwarf star Stein 2051 B and the smaller star below it appear to be close neighbors, but actually reside far away from each other. Stein 2051 B is 17 light-years from Earth; the other star is about 5,000 light-years away.",https://science.nasa.gov/asset/hubble/white-dwarf-star-stein-2051-b/,2014
,5,4,february-10-2018-ngc-5643.jpg,Spiral Galaxy NGC 5643,"The glorious spiral galaxy NGC 5643 is a grand design spiral, which refers to the galaxy’s symmetrical form with two large, winding spiral arms that are clearly visible.",https://science.nasa.gov/missions/hubble/hubble-images-a-grand-spiral/,2019
,5,5,february-10-2007-ngc-5307.jpg,Planetary Nebula NGC 5307,"The nebula NGC 5307 displays a spiral pattern, which may have been caused by the dying star wobbling as it expelled jets of gas in different directions.",https://science.nasa.gov/asset/hubble/hubble-captures-stars-going-out-in-style/,2007
2/11/2019 0:00:00,5,1,february-11-2001-thackeray-s-globules.jpg,Thackeray's Globules,"These dense, dark dust clouds, named ""Thackeray's globules"" after astronomer A.D. Thackeray, are silhouetted against stars and bright gas clouds of the star-forming region IC 2944. The largest globule is actually two separate, overlapping clouds.",https://science.nasa.gov/asset/hubble/thackerays-globules-dense-opaque-dust-clouds-in-star-forming-region-ic-2944/,2001
,5,2,february-11-2006-ngc-6240.jpg,Interacting Galaxy NGC 6240,"NGC 6240 is a peculiar butterfly- or lobster-shaped galaxy consisting of two smaller merging galaxies. The merging process, which began about 30 million years ago, triggered dramatic star formation and sparked numerous supernova explosions.",https://science.nasa.gov/asset/hubble/hubble-interacting-galaxy-ngc-6240/,2006
,5,3,february-11-2007-ngc-5307.jpg,Planetary Nebula NGC 5307,"The nebula NGC 5307 displays a spiral pattern, which may have been caused by the dying star wobbling as it expelled jets of gas in different directions.",https://science.nasa.gov/asset/hubble/hubble-captures-stars-going-out-in-style/,2007
,5,4,february-11-2015-gn-z11.jpg,Distant Galaxy GN-z11,"Galaxy GN-z11 is seen as it was 13.4 billion years in the past, just 400 million years after the Big Bang, when the universe was only three percent of its current age.",https://science.nasa.gov/asset/hubble/distant-galaxy-gn-z11-in-goods-north-survey/,2015
,5,5,february-11-2023-afgl-5180.jpg,Reflection Nebula AFGL 5180,"This image features AFGL 5180, a beautiful stellar nursery. Nestled among the vast clouds of star-forming regions like this one lie potential clues about the formation of our own solar system.",https://science.nasa.gov/missions/hubble/hubble-peers-into-a-dusty-stellar-nursery/,2023
2/12/2019 0:00:00,5,1,february-12-2018-lagoon-nebula.jpg,Lagoon Nebula,"This image zooms into the heart of a vast star-forming region called the Lagoon Nebula. A massive young star at the center of the image is blasting radiation and stellar winds, carving shapes into the surrounding gas and dust.",https://science.nasa.gov/asset/hubble/lagoon-nebula-visible-light-view/,2018
,5,2,february-12-2010-hudf.jpg,Hubble Ultra Deep Field,This image of the Hubble Ultra Deep Field includes infrared observations that allowed Hubble to peer deeper into the universe than it ever had before. The faintest and reddest objects in the image are galaxies that formed 600 million years after the Big Bang.,https://science.nasa.gov/asset/hubble/hubble-uncovers-most-robust-sample-of-distant-galaxies/,2010
,5,3,february-12-2007-arp-272.jpg,Colliding Galaxies Arp 272,"Arp 272 is a collision between two spiral galaxies, linked by their swirling arms. The galaxies are members of the Hercules galaxy cluster and are located roughly 450 million light-years from Earth.",https://science.nasa.gov/asset/hubble/hubble-interacting-galaxy-ngc-6050/,2007
,5,4,february-12-2023-leda-857074.jpg,Spiral Galaxy LEDA 857074,"LEDA 857074 is a barred spiral galaxy, with partially broken spiral arms. This image also captured a supernova, named SN 2022ADQZ, shining brightly on the right side of the galaxy’s bar.",https://science.nasa.gov/missions/hubble/hubble-spotlights-a-supernova/,2023
,5,5,february-12-2021-messier-14.jpg,Globular Cluster Messier 14,"The globular cluster M14 is home to over 150,000 stars. Globular clusters are collections of several thousands to millions of stars, all formed from a shared nebula and bound together by gravity.",https://science.nasa.gov/mission/hubble/science/explore-the-night-sky/hubble-messier-catalog/messier-14/,2021
2/13/2019 0:00:00,5,1,february-13-2011-nebula-sharpless-2-106.jpg,Emission Nebula Sharpless 2-106,"This star-forming region, called Sharpless 2-106, looks like a celestial angel. The ""wings"" of the nebula are twin lobes of hot gas that stretch outward from a massive, young star near the center of the image.",https://science.nasa.gov/asset/hubble/star-forming-region-s106/,2011
,5,2,february-13-2010-47-tucanae.jpg,Globular Cluster 47 Tucanae,"The ancient globular cluster 47 Tucanae is a dense swarm of up to a million stars, and this view captures a close-up of thousands of them. The large, bright stars in the image are red giants near the end of their lives.",https://science.nasa.gov/asset/hubble/globular-cluster-47-tucanae-2/,2010
,5,3,february-13-2011-macs-j114952223.jpg,Galaxy Cluster MACS J1149.5+2223,"This massive galaxy cluster, called MACS J1149.5+2223, is part of the collaborative Frontier Fields observing program that used the cluster's powerful gravitational lens to learn what might be beyond it.",https://science.nasa.gov/asset/hubble/frontier-fields-target-galaxy-clusters/,2011
,5,4,february-13-2016-afgl-5180.jpg,Reflection Nebula AFGL 5180,"This image features AFGL 5180, a beautiful stellar nursery. Nestled among the vast clouds of star-forming regions like this one lie potential clues about the formation of our own solar system.",https://science.nasa.gov/missions/hubble/hubble-peers-into-a-dusty-stellar-nursery/,2016
,5,5,february-13-2021-messier-14.jpg,Globular Cluster Messier 14,"The globular cluster M14 is home to over 150,000 stars. Globular clusters are collections of several thousands to millions of stars, all formed from a shared nebula and bound together by gravity.",https://science.nasa.gov/mission/hubble/science/explore-the-night-sky/hubble-messier-catalog/messier-14/,2021
2/14/2019 0:00:00,5,1,february-14-2007-colliding-galaxies-arp-272.jpg,Colliding Galaxies Arp 272,"Arp 272 is a collision between two spiral galaxies, linked by their swirling arms. The galaxies are members of the Hercules galaxy cluster and are located roughly 450 million light-years from Earth.",https://science.nasa.gov/asset/hubble/hubble-interacting-galaxy-ngc-6050/,2007
,5,2,february-14-2018-lagoon-nebula.jpg,Lagoon Nebula,"This image zooms into the heart of a vast star-forming region called the Lagoon Nebula. A massive young star at the center of the image is blasting radiation and stellar winds, carving shapes into the surrounding gas and dust.",https://science.nasa.gov/asset/hubble/lagoon-nebula-visible-light-view/,2018
,5,3,february-14-2023-ngc-1333.jpg,Reflection Nebula NGC 1333,NGC 1333 is a nearby star-forming region. Glowing gases and pitch-black dust are stirred up and blown around by several hundred newly forming stars embedded within this dark cloud.,https://science.nasa.gov/asset/hubble/ngc-1333/,2023
,5,4,february-14-2011-omega-centauri.jpg,Omega Centauri,Omega Centauri consists of roughly 10 million stars that are gravitationally bound. The cluster is about 10 times as massive as other big globular clusters – almost as massive as a small galaxy.,https://science.nasa.gov/asset/hubble/omega-centauri-2/,2011
,5,5,february-14-2006-messier-87.jpg,Elliptical Galaxy Messier 87,"This image of the giant galaxy M87 shows a 3,000-light-year-long jet of plasma blasting from the galaxy's 6.5-billion-solar-mass central black hole. The jet seems to cause stars to erupt along its trajectory.",https://science.nasa.gov/asset/hubble/m87-4/,2006
2/15/2019 0:00:00,5,1,february-15-1998-galaxy-i-zwicky-18.jpg,Irregular Galaxy I Zwicky 18,"This image captures the irregular dwarf galaxy I Zwicky 18 and a companion galaxy to its upper right. The two galaxies are interacting, triggering star formation in I Zwicky 18.",https://science.nasa.gov/asset/hubble/i-zwicky-18-possibly-the-youngest-galaxy-ever-seen/,1998
,5,2,february-15-2004-47-tucanae.jpg,Globular Cluster 47 Tucanae,"This image of the heart of the giant globular star cluster 47 Tucanae reveals the glow of 200,000 stars. Young white dwarfs ― the burned-out relics of stars that have used up their nuclear fuel, cooled down, and lost most of their mass ― are beginning to migrate outward.",https://science.nasa.gov/asset/hubble/white-dwarfs-migrating-from-globular-cluster-47-tucanaes-core/,2004
,5,3,february-15-2006-pluto-system.jpg,Pluto System,"A pair of small moons orbiting Pluto, named Nix and Hydra, are roughly 5,000 times fainter than Pluto and are about two to three times farther from Pluto than its large moon, Charon, which was discovered in 1978.",https://science.nasa.gov/missions/hubble/plutos-two-small-moons-officially-named-nix-and-hydra/,2006
,5,4,february-15-2006-snr-1006.jpg,Supernova Remnant 1006,"This very thin section of a large supernova remnant is the result of a stellar explosion that occurred more than 1,000 years ago.",https://science.nasa.gov/asset/hubble/sn-1006-supernova-remnant-hubble/,2006
,5,5,february-15-2017-n44.jpg,Emission Nebula N44,"N44 is a complex nebula filled with glowing hydrogen gas, dark lanes of dust, and many stars of different ages. The dark, starry gap, about 250 light-years wide, is called a “superbubble.” Its presence is something of a mystery.",https://science.nasa.gov/missions/hubble/mysterious-asuperbubblea-hollows-out-nebula-in-new-hubble-image/,2017
2/16/2019 0:00:00,5,1,february-16-2005-antennae-galaxies.jpg,Antennae Galaxies,"The two merging spiral galaxies that comprise the Antennae galaxies began their interaction only a few hundred million years ago. Over the course of the merger, billions of stars will be formed.",https://science.nasa.gov/asset/hubble/the-antennae-galaxiesngc-4038-4039/,2005
,5,2,february-16-2015-kiso-5639.jpg,Dwarf Galaxy Kiso 5639,"Dwarf galaxy Kiso 5639 is a member of a class of ""tadpole"" galaxies, so named because of their bright heads and elongated tails.",https://science.nasa.gov/asset/hubble/hubble-captures-a-fireworks-show-in-kiso-5639/,2015
,5,3,february-16-2006-snr-1006.jpg,Supernova Remnant 1006,"This very thin section of a large supernova remnant is the result of a stellar explosion that occurred more than 1,000 years ago.",https://science.nasa.gov/asset/hubble/sn-1006-supernova-remnant-hubble/,2006
,5,4,february-16-2015-de-mairans-nebula.jpg,De Mairan's Nebula,"A massive star is illuminating this small region, called Messier 43 or De Mairan's Nebula, and sculpting the landscape of dust and gas.",https://science.nasa.gov/mission/hubble/science/explore-the-night-sky/hubble-messier-catalog/messier-43/,2015
,5,5,february-16-1999-spirograph-nebula.jpg,Spirograph Nebula,"Glowing like a multi-faceted jewel, the planetary nebula IC 418 had a red giant star at its center a few thousand years ago, which then ejected its outer layers into space to form what is known as the Spirograph Nebula.",https://science.nasa.gov/asset/hubble/the-spirograph-nebula-ic-418/,1999
2/17/2019 0:00:00,5,1,february-17-2015-dwarf-galaxy-kiso-5639.jpg,Dwarf Galaxy Kiso 5639,"Dwarf galaxy Kiso 5639 is a member of a class of ""tadpole"" galaxies, so named because of their bright heads and elongated tails.",https://science.nasa.gov/asset/hubble/hubble-captures-a-fireworks-show-in-kiso-5639/,2015
,5,2,february-17-2007-jupiter.jpg,Jupiter,"This true-color view of Jupiter shows the gas giant's trademark belts, along with zones of high- and low-pressure regions appearing in crisp detail.",https://science.nasa.gov/asset/hubble/hubble-images-jupiter-in-support-of-the-new-horizons-flyby/,2007
,5,3,february-17-2023-arp-107.jpg,Interacting Galaxy Arp 107,"This image shows Arp 107, a pair of galaxies in the midst of a collision. The larger object (left) is an extremely energetic type of galaxy called a Seyfert galaxy. Seyfert galaxies host active galactic nuclei at their cores.",https://science.nasa.gov/missions/hubble/hubble-peers-at-peculiar-galactic-pair/,2023
,5,4,february-17-2014-dem-l249.jpg,Supernova Remnant DEM L249,"These cosmic ribbons of gas have been left behind by a titanic stellar explosion called a supernova, possibly involving the death of a white dwarf star.",https://science.nasa.gov/missions/hubble/hubble-captures-the-shredded-remains-of-a-cosmic-explosion/,2014
,5,5,february-17-2007-ic-4593.jpg,Planetary Nebula IC 4593,"The colorful, intricate shapes in this planetary nebula reveal how the glowing gas ejected by a dying Sun-like star evolves dramatically over time.",https://science.nasa.gov/asset/hubble/hubble-captures-stars-going-out-in-style/,2007
2/18/2019 0:00:00,5,1,february-18-2014-herbig-haro-24.jpg,Herbig-Haro 24,"A partially obscured, newborn star near the center of this image is shooting twin jets into the surrounding gas and dust. The shocks from the collision light up patches of nebulosity collectively called Herbig-Haro 24.",https://science.nasa.gov/asset/hubble/herbig-haro-jet-hh-24/,2014
,5,2,february-18-2018-lagoon-nebula.jpg,Lagoon Nebula,"At the heart of a vast star-forming region called the Lagoon Nebula, a massive young star is blasting radiation and stellar winds, carving shapes into the surrounding gas and dust.",https://science.nasa.gov/asset/hubble/lagoon-nebula-visible-light-view/,2018
,5,3,february-18-2006-messier-87.jpg,Elliptical Galaxy Messier 87,"This image of the giant galaxy M87 shows a 3,000-light-year-long jet of plasma blasting from the galaxy's 6.5-billion-solar-mass central black hole. The jet seems to cause stars to erupt along its trajectory.",https://science.nasa.gov/asset/hubble/m87-4/,2006
,5,4,february-18-2014-dem-l249.jpg,Supernova Remnant DEM L249,"These cosmic ribbons of gas have been left behind by a titanic stellar explosion called a supernova, possibly involving the death of a white dwarf star.",https://science.nasa.gov/missions/hubble/hubble-captures-the-shredded-remains-of-a-cosmic-explosion/,2014
,5,5,february-18-2018-ngc-5643.jpg,Spiral Galaxy NGC 5643,"The glorious spiral galaxy NGC 5643 is a grand design spiral, which refers to the galaxy’s symmetrical form with two large, winding spiral arms that are clearly visible.",https://science.nasa.gov/missions/hubble/hubble-images-a-grand-spiral/,2018
2/19/2019 0:00:00,5,1,february-19-2014-monkey-head-nebula.jpg,Monkey Head Nebula,This image reveals carved knots of gas and dust in a small portion of the Monkey Head Nebula. The nebula is a star-forming region that hosts dusky dust clouds silhouetted against glowing gas.,https://science.nasa.gov/asset/hubble/ngc-2174/,2014
,5,2,february-19-2017-j08464855.jpg,Ultra-Bright Galaxies J084648.55,"A jumble of misshapen-looking galaxies is punctuated by arcs, streaks, and smeared rings. These unusual features are the stretched shapes of the universe's brightest infrared galaxies, magnified and distorted by natural cosmic lenses.",https://science.nasa.gov/asset/hubble/hubble-gallery-of-ultra-bright-galaxies/,2017
,5,3,february-19-2018-triangulum-galaxy.jpg,Triangulum Galaxy,This mosaic captures the nearby Triangulum galaxy. Striking areas of star birth glow bright blue throughout the galaxy.,https://science.nasa.gov/asset/hubble/triangulum-galaxy-messier-33-m33/,2018
,5,4,february-19-2023-galaxy-pair-mcg0531045.jpg,Galaxy Pair MCG+05-31-045,"MCG+05-31-045 is a pair of interacting galaxies located 390 million light-years away. It's part of the Coma galaxy cluster, a particularly rich cluster that contains over a thousand known galaxies.",https://science.nasa.gov/missions/hubble/hubble-takes-a-look-at-tangled-galaxies/,2023
,5,5,february-19-2006-messier-87.jpg,Elliptical Galaxy Messier 87,"This image of the giant galaxy M87 shows a 3,000-light-year-long jet of plasma blasting from the galaxy's 6.5-billion-solar-mass central black hole. The jet seems to cause stars to erupt along its trajectory.",https://science.nasa.gov/asset/hubble/m87-4/,2006
2/20/2019 0:00:00,5,1,february-20-2014-monkey-head-nebula.jpg,Monkey Head Nebula,This image reveals carved knots of gas and dust in a small portion of the Monkey Head Nebula. The nebula is a star-forming region that hosts dusky dust clouds silhouetted against glowing gas.,https://science.nasa.gov/asset/hubble/ngc-2174/,2014
,5,2,february-20-2018-triangulum-galaxy.jpg,Triangulum Galaxy,This mosaic captures the nearby Triangulum galaxy. Striking areas of star birth glow bright blue throughout the galaxy.,https://science.nasa.gov/asset/hubble/triangulum-galaxy-messier-33-m33/,2018
,5,3,february-20-2007-jupiters-aurorae.jpg,Jupiter's Aurorae,Hubble's combined ultraviolet- and visible-light images of Jupiter reveal aurorae in planet's northern and southern hemispheres.,https://science.nasa.gov/asset/hubble/hubble-follows-jupiter-aurorae/,2007
,5,4,february-20-2023-ngc-1087.jpg,Spiral Galaxy NGC 1087,"New and old stars twinkle in the dusty arms of barred spiral galaxy NGC 1087. The elongated, bright-white bar structure at the galaxy’s center is shorter compared to other barred galaxies.",https://science.nasa.gov/missions/hubble/hubble-captures-starry-cetus-constellation-galaxy/,2023
,5,5,february-20-2007-arp-87.jpg,Interacting Galaxies Arp 87,"Two galaxies containing a vast number of stars swing past each other in a graceful performance, an intricate dance choreographed by gravity.",https://science.nasa.gov/asset/hubble/interacting-galaxy-pair-arp-87/,2007
2/21/2019 0:00:00,5,1,february-21-2014-monkey-head-nebula.jpg,Monkey Head Nebula,This image reveals carved knots of gas and dust in a small portion of the Monkey Head Nebula. The nebula is a star-forming region that hosts dusky dust clouds silhouetted against glowing gas.,https://science.nasa.gov/asset/hubble/ngc-2174/,2014
,5,2,february-21-2013-ugc-9391.jpg,Spiral Galaxy UGC 9391,"This spiral galaxy, UGC 9391, contains two types of stars that astronomers use to calculate accurate distances to galaxies and refine the measurement for how fast the universe expands with time, called the Hubble constant.",https://science.nasa.gov/asset/hubble/galaxy-ugc-9391/,2013
,5,3,february-21-2007-arp-87.jpg,Interacting Galaxies Arp 87,"Two galaxies containing a vast number of stars swing past each other in a graceful performance, an intricate dance choreographed by gravity.",https://science.nasa.gov/asset/hubble/interacting-galaxy-pair-arp-87/,2007
,5,4,february-21-2023-vega-disk.jpg,Vega's Circumstellar Disk,"The summer star Vega is encircled by a nearly 100-billion-mile-diameter disk of debris, known as a circumstellar disk, that's far smoother than those seen in many young star systems.",https://science.nasa.gov/missions/hubble/nasas-hubble-webb-probe-surprisingly-smooth-disk-around-vega/,2023
,5,5,february-21-2018-triangulum-galaxy.jpg,Triangulum Galaxy,This mosaic captures the nearby Triangulum galaxy. Striking areas of star birth glow bright blue throughout the galaxy.,https://science.nasa.gov/asset/hubble/triangulum-galaxy-messier-33-m33/,2018
2/22/2019 0:00:00,5,1,february-22-2004-spiral-galaxy-ngc-1313.jpg,Spiral Galaxy NGC 1313,This image resolves stars in the center of the barred spiral galaxy NGC 1313. The galaxy is roughly 14 million light-years away in the constellation Reticulum.,https://science.nasa.gov/asset/hubble/stellar-infant-mortality-in-spiral-galaxy-ngc-1313/,2004
,5,2,february-22-2010-asteroid-p2020-a2.jpg,Asteroid P/2010 A2,"Hubble saw a tail flowing from this peculiar asteroid, dubbed P/2010 A2. Scientists suspect the debris was produced by a collision with another asteroid.",https://science.nasa.gov/asset/hubble/hubble-images-reveal-aftermath-of-asteroid-collision/,2010
,5,3,february-22-1999-messier-22.jpg,Globular Cluster Messier 22,"M22 is one of about 150 globular star clusters in the Milky Way. Located just 10,000 light-years away in the constellation Sagittarius, it is one of the closest globular clusters to Earth.",https://science.nasa.gov/asset/hubble/globular-cluster-m22-inset-shows-entire-cluster/,1999
,5,4,february-22-2016-europa-plumes.jpg,Water Plumes on Europa,This composite image shows a suspected plume of material erupting near the 9 o'clock position off the limb of Jupiter's icy moon Europa. The plume corresponds to the location of an unusually warm spot on the moon's icy crust.,https://science.nasa.gov/asset/hubble/hubble-sees-recurring-plume-erupting-from-europa/,2016
,5,5,february-22-2002-gomez-hamburger.jpg,Gomez's Hamburger,"Nicknamed Gomez's Hamburger, this odd-looking object officially known as IRAS 18059-3211 is a Sun-like star nearing the end of its life. It already has expelled large amounts of gas and dust and is becoming a planetary nebula.",https://science.nasa.gov/asset/hubble/gomezs-hamburger-a-sun-like-star-near-the-end-of-its-life/,2002
2/23/2019 0:00:00,5,1,february-23-2013-galaxies-in-the-goods-north-field.jpg,Galaxies in the GOODS-North Field,"This image captures about 15,000 galaxies stretching back through 11 billion years of cosmic history. Hubble examined this part of the sky, located near the Big Dipper and called the GOODS-North field, as part of the Great Observatories Origins Deep Survey (GOODS).",https://science.nasa.gov/asset/hubble/hduv-goods-north-field/,2013
,5,2,february-23-2021-arp-248.jpg,Interacting Galaxies Arp 248,"This image shows two of the galaxies in the galactic triplet Arp 248, also known as Wild's Triplet. The two large spiral galaxies appear connected by a luminous bridge known as a tidal tail.",https://science.nasa.gov/missions/hubble/hubble-inspects-a-pair-of-space-oddities-udaek/,2021
,5,3,february-23-2015-orion-nebula-nursery.jpg,Orion Nebula,"The Orion Nebula, a turbulent stellar nursery, is a perfect laboratory to study how stars are born because it is just 1,500 light-years away, a relatively short distance within our galaxy.",https://science.nasa.gov/asset/hubble/orion-nebula-2/,2015
,5,4,february-23-2009-ngc-4911.jpg,Spiral Galaxy NGC 4911,"Spiral galaxy NGC 4911 contains rich lanes of dust and gas near its center, silhouetted against glowing newborn star clusters and pink clouds of hydrogen. The galaxy's outer spiral arms are being distorted by forces from a companion galaxy, NGC 4911A (upper right).",https://science.nasa.gov/asset/hubble/spiral-galaxy-ngc-4911-in-the-coma-cluster/,2009
,5,5,february-23-2000-v1331-cyg.jpg,Bright Star V1331 Cyg,"The star in the center is known as V1331 Cyg, and it's located in the dark cloud Lynds 981 (LDN 981). What makes V1331 Cyg special is the fact that we are actually looking in the exact direction of a jet driven by the star that is clearing the dust.",https://science.nasa.gov/missions/hubble/hubble-sees-a-young-star-take-center-stage/,2000
2/24/2019 0:00:00,5,1,february-24-2009-saturn-and-moons.jpg,Saturn and Moons,"In this image, four moons of Saturn are passing in front of the giant planet. The large, orange moon Titan casts a large shadow on the northern pole. Smaller moons Mimas, Dione, and Enceladus appear as white dots.",https://science.nasa.gov/asset/hubble/quadruple-saturn-moon-transit-snapped-by-hubble/,2009
,5,2,february-24-2021-ag-carinae.jpg,AG Carinae,"The star AG Carinae is living on the edge! This petulant star is prone to outbursts, and will likely only survive a few million years – much shorter than the expected lifetime of our Sun, which is about 10 billion years.",https://science.nasa.gov/asset/hubble/ag-carinae/,2021
,5,3,february-24-2014-monkey-head-nebula.jpg,Monkey Head Nebula,This image reveals carved knots of gas and dust in a small portion of the Monkey Head Nebula. The nebula is a star-forming region that hosts dusky dust clouds silhouetted against glowing gas.,https://science.nasa.gov/asset/hubble/ngc-2174/,2014
,5,4,february-24-2022-ngc-5427.jpg,Spiral Galaxy NGC 5427,The galaxy NGC 5427 is interacting gravitationally with a companion galaxy located outside the image. The effects show in the galactic distortion and cosmic bridge of stars seen in the lower-right.,https://science.nasa.gov/missions/hubble/hubble-observes-a-galactic-distortion/,2022
,5,5,february-24-2010-ngc-5584.jpg,Spiral Galaxy NGC 5584,"The brilliant, blue glow of young stars traces the graceful spiral arms of galaxy NGC 5584. Thin, dark dust lanes appear to be flowing from the yellowish core, where older stars reside.",https://science.nasa.gov/asset/hubble/hubbles-view-of-ngc-5584/,2010
2/25/2019 0:00:00,5,1,february-25-1995-mars.jpg,Mars,This image captures springtime in the northern hemisphere of Mars. The northern polar ice cap has receded to its core of solid water-ice several hundred miles across. Morning clouds appear along the planet's western (left) limb.,https://science.nasa.gov/asset/hubble/springtime-on-mars/,1995
,5,2,february-25-2002-eso-507-70.jpg,Interacting Galaxy ESO 507-70,"ESO 507-70 is an odd-looking galaxy that is probably the remnant of an earlier merger process. It is a chaotic swirl of gas, dust, and stars with no sign of its likely original spiral or elliptical structure.",https://science.nasa.gov/asset/hubble/hubble-interacting-galaxy-eso-507-70/,2002
,5,3,february-25-2005-ngc-6397.jpg,Globular Cluster NGC 6397,"This ancient stellar jewelry box, globular cluster NGC 6397, glitters with the light from hundreds of thousands of stars. The cluster is 13.4 billion years old, born shortly after the Big Bang.",https://science.nasa.gov/asset/hubble/ngc-6397/,2005
,5,4,february-25-2018-triangulum-galaxy.jpg,Triangulum Galaxy,This mosaic captures the nearby Triangulum galaxy. Striking areas of star birth glow bright blue throughout the galaxy.,https://science.nasa.gov/asset/hubble/triangulum-galaxy-messier-33-m33/,2018
,5,5,february-25-2021-ag-carinae.jpg,AG Carinae,"The star AG Carinae is living on the edge! This petulant star is prone to outbursts, and will likely only survive a few million years – much shorter than the expected lifetime of our Sun, which is about 10 billion years.",https://science.nasa.gov/asset/hubble/ag-carinae/,2021
2/26/2019 0:00:00,5,1,february-26-2016-bubble-nebula.jpg,Bubble Nebula,"An enormous bubble is being blown into space by a super-hot, massive star. The Bubble Nebula is roughly seven light-years across and is located 7,100 light-years away in the constellation Cassiopeia.",https://science.nasa.gov/asset/hubble/bubble-nebula-ngc-7635/,2016
,5,2,february-26-2013-47-tucanae.jpg,Globular Cluster 47 Tucanae,"This image of the heart of the giant globular star cluster 47 Tucanae reveals the glow of 200,000 stars. Young white dwarfs ― the burned-out relics of stars that have used up their nuclear fuel, cooled down, and lost most of their mass ― are beginning to migrate outward.",https://science.nasa.gov/asset/hubble/white-dwarfs-migrating-from-globular-cluster-47-tucanaes-core/,2013
,5,3,february-26-2004-sweeps-star-field.jpg,SWEEPS Star Field,"Hubble peered into the crowded central bulge of our galaxy 26,000 light-years away and collected information for 180,000 stars as part of a survey called the Sagittarius Window Eclipsing Extrasolar Planet Search (SWEEPS).",https://science.nasa.gov/asset/hubble/hubble-finds-blue-straggler-stars-in-the-galactic-bulge/,2004
,5,4,february-26-2021-iras-055062414.jpg,Stellar Object IRAS 05506+2414,"This bright young stellar object, which is known to astronomers as IRAS 05506+2414, may be an example of an explosive event caused by the disruption of a massive young star system.",https://science.nasa.gov/missions/hubble/hubble-unveils-an-astronomical-explosion/,2021
,5,5,february-26-2017-messier-87.jpg,Elliptical Galaxy Messier 87,"This image of the giant galaxy M87 shows a 3,000-light-year-long jet of plasma blasting from the galaxy's 6.5-billion-solar-mass central black hole. The jet seems to cause stars to erupt along its trajectory.",https://science.nasa.gov/asset/hubble/m87-4/,2017
2/27/2019 0:00:00,5,1,february-27-2002-little-ghost-nebula.jpg,Little Ghost Nebula,"The Little Ghost Nebula appears as a small, ghostly cloud surrounding a dying star. It is found in the constellation Ophiuchus between 2,000 and 5,000 light-years away.",https://science.nasa.gov/asset/hubble/an-old-star-gives-up-the-ghost/,2002
,5,2,february-27-2004-sweeps-star-field.jpg,SWEEPS Star Field,"Hubble peered into the crowded central bulge of our galaxy 26,000 light-years away and collected information for 180,000 stars as part of a survey called the Sagittarius Window Eclipsing Extrasolar Planet Search (SWEEPS).",https://science.nasa.gov/asset/hubble/hubble-finds-blue-straggler-stars-in-the-galactic-bulge/,2004
,5,3,february-27-2011-macs-j114952223.jpg,Galaxy Cluster MACS J1149.5+2223,"This massive galaxy cluster, called MACS J1149.5+2223, is part of the collaborative Frontier Fields observing program that used the cluster's powerful gravitational lens to learn what might be beyond it.",https://science.nasa.gov/asset/hubble/frontier-fields-target-galaxy-clusters/,2011
,5,4,february-27-2006-omega-centauri.jpg,Omega Centauri,Omega Centauri consists of roughly 10 million stars that are gravitationally bound. The cluster is about 10 times as massive as other big globular clusters – almost as massive as a small galaxy.,https://science.nasa.gov/asset/hubble/omega-centauri-2/,2006
,5,5,february-27-2006-messier-87.jpg,Elliptical Galaxy Messier 87,"This image of the giant galaxy M87 shows a 3,000-light-year-long jet of plasma blasting from the galaxy's 6.5-billion-solar-mass central black hole. The jet seems to cause stars to erupt along its trajectory.",https://science.nasa.gov/asset/hubble/m87-4/,2006
2/28/2019 0:00:00,5,1,february-28-2008-galactic-center.jpg,Galactic Center,This infrared image of the center of our Milky Way galaxy reveals a population of massive stars and complex structures in the hot ionized gas that swirls around the galactic core.,https://science.nasa.gov/asset/hubble/hubble-nicmos-mosaic-of-the-galactic-center/,2008
,5,2,february-28-2023-g35207N.jpg,Region G35.2-0.7N,G35.2-0.7N is known as a hotbed of high-mass star formation. The type of stars that form here are so massive that they will end their lives as destructive supernovae.,https://science.nasa.gov/missions/hubble/hubble-spies-colorful-shroud-of-a-stellar-jet/,2023
,5,3,february-28-2015-orion-nebula-nursery.jpg,Orion Nebula,"The Orion Nebula, a turbulent stellar nursery, is a perfect laboratory to study how stars are born because it is just 1,500 light-years away, a relatively short distance within our galaxy.",https://science.nasa.gov/asset/hubble/orion-nebula-2/,2015
,5,4,february-28-1999-messier-22.jpg,Globular Cluster Messier 22,"M22 is one of about 150 globular star clusters in the Milky Way. Located just 10,000 light-years away in the constellation Sagittarius, it is one of the closest globular clusters to Earth.",https://science.nasa.gov/asset/hubble/globular-cluster-m22-inset-shows-entire-cluster/,1999
,5,5,february-28-2006-messier-87.jpg,Elliptical Galaxy Messier 87,"This image of the giant galaxy M87 shows a 3,000-light-year-long jet of plasma blasting from the galaxy's 6.5-billion-solar-mass central black hole. The jet seems to cause stars to erupt along its trajectory.",https://science.nasa.gov/asset/hubble/m87-4/,2006
2/29/2024 0:00:00,5,1,february-29-2004-sweeps-star-field.jpg,SWEEPS Star Field,"Hubble peered into the crowded central bulge of our galaxy 26,000 light-years away and collected information for 180,000 stars as part of a survey called the Sagittarius Window Eclipsing Extrasolar Planet Search (SWEEPS).",https://science.nasa.gov/asset/hubble/hubble-finds-blue-straggler-stars-in-the-galactic-bulge/,2004
,5,2,february-29-2008-am1054-325.jpg,Interacting Galaxy AM 1054-325,Galaxy AM 1054-325 has been distorted into an S-shape by the gravitational pull of a neighboring galaxy. Newborn clusters of stars form along a stretched-out tidal tail for thousands of light-years.,https://science.nasa.gov/missions/hubble/nasas-hubble-traces-string-of-pearls-star-clusters-in-galaxy-collisions/,2008
,5,3,february-29-2008-macs-j11416-1905.jpg,Galaxy Cluster MACS J1141.6-1905,"Hubble observed MACS J1141.6-1905 as part of a survey that looked at massive clusters of galaxies. The cluster shines brightly in x-rays, but Hubble captured this scene in visible and infrared light.",https://science.nasa.gov/missions/hubble/hubble-captures-galaxy-cluster/,2008
,5,4,february-29-2012-eso490-017.jpg,Dwarf Irregular Galaxy ESO 490-017,"This dwarf irregular galaxy lies some 23 million light-years away. Its low surface brightness makes it appear as a faint, starry swarm behind brighter foreground stars.",https://science.nasa.gov/missions/hubble/hubble-spies-faint-irregular-galaxy/,2012
,5,5,february-29-2016-bubble-nebula.jpg,Bubble Nebula,"An enormous bubble, also known as NGC 7635, is being blown into space by a super-hot, massive star. Stellar winds from a massive star sweep up the cold gas in front of it, forming the outer edge of the bubble.",https://science.nasa.gov/asset/hubble/bubble-nebula-ngc-7635/,2016
3/1/2019 0:00:00,5,1,march-1-2011-galaxy-cluster-rcs2-032727-132623.jpg,Galaxy Cluster RCS2 032727-132623,"The light from a distant galaxy, nearly 10 billion light-years away, has been warped into arcs and streaks by the gravity of galaxy cluster RCS2 032727-132623. The cluster acts as a gravitational lens, bending and amplifying light from the background galaxy.",https://science.nasa.gov/asset/hubble/hubble-sees-giant-lensed-galaxy-arc/,2011
,5,2,march-1-2009-saturns-double-light-show.jpg,Saturn's Double Light Show,"Hubble captured this rare ultraviolet image of Saturn with its rings edge-on and aurorae glowing at the planet's north and south poles. It takes Saturn almost 30 years to orbit the Sun, with the opportunity to image both of its poles occurring only twice during that time.",https://science.nasa.gov/asset/hubble/saturns-double-light-show/,2009
,5,3,march-1-2010-ngc-5584.jpg,Spiral Galaxy NGC 5584,"The brilliant, blue glow of young stars traces the graceful spiral arms of galaxy NGC 5584. Thin, dark dust lanes appear to be flowing from the yellowish core, where older stars reside.",https://science.nasa.gov/asset/hubble/hubbles-view-of-ngc-5584/,2010
,5,4,march-1-2019-omega-centauri.jpg,Omega Centauri,Omega Centauri consists of roughly 10 million stars that are gravitationally bound. The cluster is about 10 times as massive as other big globular clusters – almost as massive as a small galaxy.,https://science.nasa.gov/asset/hubble/omega-centauri-2/,2019
,5,5,march-1-2004-spiral-galaxy-ngc-2903.jpg,Spiral Galaxy NGC 2903,This jewel-bright image features the spiral galaxy NGC 2903. Its swirling dark arms of gas and dust and bright pink splotches are indicators of active star-forming regions within the galaxy.,https://science.nasa.gov/missions/hubble/hubble-gets-galactic-deja-vu/,2004
3/2/2019 0:00:00,5,1,march-2-2006-pluto-system.jpg,Pluto System,"This image, taken through a red filter, captures Pluto and three of its satellites. The largest object in the image is Pluto and the second largest is Charon. Two smaller moons appear below them.",https://science.nasa.gov/asset/hubble/hubble-color-images-of-plutos-moons-support-a-common-birth/,2006
,5,2,march-2-2015-orion-nebula-nursery.jpg,Orion Nebula,"The Orion Nebula, a turbulent stellar nursery, is a perfect laboratory to study how stars are born because it is just 1,500 light-years away, a relatively short distance within our galaxy.",https://science.nasa.gov/asset/hubble/orion-nebula-2/,2015
,5,3,march-2-2006-lh95.jpg,Star-Forming Region LH 95,"Swirls of gas and dust appear ethereal in this star-formation region located some 160,000 light-years away in the Large Magellanic Cloud.",https://science.nasa.gov/asset/hubble/star-forming-region-lh-95-in-the-large-magellanic-cloud/,2006
,5,4,march-2-2006-messier-87.jpg,Elliptical Galaxy Messier 87,"This image of the giant galaxy M87 shows a 3,000-light-year-long jet of plasma blasting from the galaxy's 6.5-billion-solar-mass central black hole. The jet seems to cause stars to erupt along its trajectory.",https://science.nasa.gov/asset/hubble/m87-4/,2006
,5,5,march-2-2015-omega-centauri.jpg,Omega Centauri,Omega Centauri consists of roughly 10 million stars that are gravitationally bound. The cluster is about 10 times as massive as other big globular clusters – almost as massive as a small galaxy.,https://science.nasa.gov/asset/hubble/omega-centauri-2/,2015
3/3/2019 0:00:00,5,1,march-3-1999-messier-22.jpg,Globular Cluster Messier 22,"M22 is one of about 150 globular star clusters in the Milky Way. Located just 10,000 light-years away in the constellation Sagittarius, it is one of the closest globular clusters to Earth.",https://science.nasa.gov/asset/hubble/globular-cluster-m22-inset-shows-entire-cluster/,1999
,5,2,march-3-2006-messier-87.jpg,Elliptical Galaxy Messier 87,"This image of the giant galaxy M87 shows a 3,000-light-year-long jet of plasma blasting from the galaxy's 6.5-billion-solar-mass central black hole. The jet seems to cause stars to erupt along its trajectory.",https://science.nasa.gov/asset/hubble/m87-4/,2006
,5,3,march-3-2013-ugc-9391.jpg,Spiral Galaxy UGC 9391,"This spiral galaxy, UGC 9391, contains two types of stars that astronomers use to calculate accurate distances to galaxies and refine the measurement for how fast the universe expands with time, called the Hubble constant.",https://science.nasa.gov/asset/hubble/galaxy-ugc-9391/,2013
,5,4,march-3-2015-orion-nebula-nursery.jpg,Orion Nebula,"The Orion Nebula, a turbulent stellar nursery, is a perfect laboratory to study how stars are born because it is just 1,500 light-years away, a relatively short distance within our galaxy.",https://science.nasa.gov/asset/hubble/orion-nebula-2/,2015
,5,5,march-3-2016-prawn-nebula.jpg,Prawn Nebula,"This is a small section of the massive stellar nursery called the Prawn Nebula, or IC 4628. Its glowing gas has been energized, or ionized, by the radiation of nearby stars.",https://science.nasa.gov/missions/hubble/hubble-catches-celestial-prawn-drifting-through-the-cosmic-deep/,2016
3/4/2019 0:00:00,5,1,march-4-2003-fornax-a.jpg,Elliptical Galaxy Fornax A,"The dust lanes and star clusters of this giant elliptical galaxy, known as Fornax A, give evidence that the galaxy formed from a past merger of two gas-rich galaxies. It is also one of the strongest sources of radio emission in the sky.",https://science.nasa.gov/asset/hubble/the-dusty-galaxy-ngc-1316/,2003
,5,2,march-4-1999-ngc-1705.jpg,Dwarf Galaxy NGC 1705,"The heart of the galaxy NGC 1705 blazes with the light of thousands of young and old stars. This galaxy has been forming new stars throughout its life, but a burst of star-formation occurred about 26 to 31 million years ago.",https://science.nasa.gov/asset/hubble/a-blaze-of-stars-in-the-core-of-dwarf-galaxy-ngc-1705/,1999
,5,3,march-4-1994-ngc-4881.jpg,Elliptical Galaxy NGC 4881,"The brightest object in this photo mosaic of distant galaxies is the central galaxy NGC 4881. This is an elliptical galaxy located in the outskirts of the Coma Cluster, a massive cluster of galaxies.",https://science.nasa.gov/asset/hubble/elliptical-galaxy-ngc-4881/,1994
,5,4,march-4-2010-47-tucanae.jpg,Globular Cluster 47 Tucanae,"The ancient globular cluster 47 Tucanae is a dense swarm of up to a million stars, and this view captures a close-up of thousands of them. The large, bright stars in the image are red giants near the end of their lives.",https://science.nasa.gov/asset/hubble/globular-cluster-47-tucanae-2/,2010
,5,5,march-4-2006-messier-87.jpg,Elliptical Galaxy Messier 87,"This image of the giant galaxy M87 shows a 3,000-light-year-long jet of plasma blasting from the galaxy's 6.5-billion-solar-mass central black hole. The jet seems to cause stars to erupt along its trajectory.",https://science.nasa.gov/asset/hubble/m87-4/,2006
3/5/2019 0:00:00,5,1,march-5-1999-ngc-1512.jpg,Spiral Galaxy NGC 1512,"The core of the barred spiral galaxy NGC 1512 is unique for its stunning 2,400-light-year-wide circle of infant star clusters, called a ""circumnuclear"" starburst ring. Starbursts are episodes of vigorous star formation.",https://science.nasa.gov/asset/hubble/barred-spiral-galaxy-ngc-1512-in-many-wavelengths/,1999
,5,2,march-5-2015-orion-nebula-nursery.jpg,Orion Nebula,"The Orion Nebula, a turbulent stellar nursery, is a perfect laboratory to study how stars are born because it is just 1,500 light-years away, a relatively short distance within our galaxy.",https://science.nasa.gov/asset/hubble/orion-nebula-2/,2015
,5,3,march-5-2016-ic-2631.jpg,Reflection Nebula IC 2631,Reflection nebulae like IC 2631 are clouds of gas and dust that reflect the light from nearby stars. The starlight scatters through the gas and dust like a flashlight beam shining on mist and illuminates it.,https://science.nasa.gov/missions/hubble/reflected-starlight-bathes-forming-star-in-new-hubble-image/,2016
,5,4,march-5-2004-supernova-remnant-cassiopeia-a.jpg,Supernova Remnant Cassiopeia A,"The tattered remains of a supernova explosion known as Cassiopeia A are located in the Milky Way some 10,000 light-years away from Earth.",https://science.nasa.gov/missions/hubble/cassiopeia-a-the-colorful-aftermath-of-a-violent-stellar-death/,2004
,5,5,march-5-ngc-3603.jpg,Nebula NGC 3603,"In this stunning picture of the giant galactic nebula NGC 3603, Hubble captures various stages of the life cycle of stars in one single view.",https://science.nasa.gov/asset/hubble/nebula-ngc-3603-shows-life-cycle-of-stars/,1999
3/6/2019 0:00:00,5,1,march-6-2012-beta-pictoris-disk.jpg,Beta Pictoris Disk,"In 1984, Beta Pictoris was the very first star discovered to be surrounded by a bright disk of light-scattering dust and debris. Planets are thought to form in such disks, and astronomers have discovered two planets orbiting Beta Pictoris.",https://science.nasa.gov/missions/hubble/hubble-gets-best-view-of-a-circumstellar-debris-disk-distorted-by-a-planet/,2012
,5,2,march-6-1997-ngc-454.jpg,Interacting Galaxy NGC 454,This interacting galaxy pair holds a large red elliptical galaxy and an irregular gas-rich blue galaxy. The system is in the early stages of an interaction that severely distorted both galaxies.,https://science.nasa.gov/asset/hubble/hubble-interacting-galaxy-ngc-454/,1997
,5,3,march-6-1997-ngc-2346.jpg,Planetary Nebula NGC 2346,"NGC 2346 is a planetary nebula, formed by Sun-like stars near the ends of their lives. Its central star is known to be actually a very close pair of stars, orbiting each other every 16 days.",https://science.nasa.gov/asset/hubble/ngc-2346/,1997
,5,4,march-6-2017-omega-centauri.jpg,Omega Centauri,Omega Centauri consists of roughly 10 million stars that are gravitationally bound. The cluster is about 10 times as massive as other big globular clusters – almost as massive as a small galaxy.,https://science.nasa.gov/asset/hubble/omega-centauri-2/,2017
,5,5,march-6-2019-flame-nebula.jpg,Flame Nebula,"The Flame Nebula, also called NGC 2024, is a large star-forming region. This image focuses on the dark, dusty heart of the nebula where a star cluster resides, mostly hidden from view.",https://science.nasa.gov/missions/hubble/hubble-spots-swirls-of-dust-in-the-flame-nebula/,2019
3/7/2019 0:00:00,5,1,march-7-2003-saturn-in-ultraviolet.jpg,Saturn in Ultraviolet,"This false-color image of Saturn, taken in ultraviolet light, reveals details in the hazes and clouds of the planet's atmosphere that are not easy or possible to see in visible light.",https://science.nasa.gov/asset/hubble/saturn-with-rings-tilted-toward-earth/,2003
,5,2,march-7-2019-ic-5063.jpg,Active Galaxy IC 5063,"This Hubble image shows the heart of an active, relatively nearby galaxy called IC 5063. A mixture of bright rays of light and dark shadows emerge from the blazing core, which is home to a supermassive black hole.",https://science.nasa.gov/asset/hubble/dark-rays-in-ic-5063/,2019
,5,3,march-7-2016-nebula-g035-20-0-74.jpg,Star-forming Nebula G035.20-0.74,"This star-forming nebula, G035.20-0.74, is known for producing a kind of hot, young, blue star known as a B-Type star, which is up to five times hotter than our Sun.",https://science.nasa.gov/missions/hubble/nebula-churns-out-massive-stars-in-new-hubble-image/,2016
,5,4,march-7-2003-fornax-a.jpg,Elliptical Galaxy NGC 1316,"The dust lanes and star clusters of this giant elliptical galaxy, known as Fornax A, give evidence that the galaxy formed from a past merger of two gas-rich galaxies. It is also one of the strongest sources of radio emission in the sky.",https://science.nasa.gov/asset/hubble/the-dusty-galaxy-ngc-1316/,2003
,5,5,march-7-2019-flame-nebula.jpg,Flame Nebula,"The Flame Nebula, also called NGC 2024, is a large star-forming region. This image focuses on the dark, dusty heart of the nebula where a star cluster resides, mostly hidden from view.",https://science.nasa.gov/missions/hubble/hubble-spots-swirls-of-dust-in-the-flame-nebula/,2019
3/8/2019 0:00:00,5,1,march-8-2005-sdss-j120540.jpg,Einstein Ring SDSS J120540,"Einstein rings like this form when two galaxies are almost perfectly aligned, one behind the other, and the gravitational field of the closer galaxy bends and magnifies the light from the more-distant galaxy into bright arcs around itself.",https://science.nasa.gov/asset/hubble/a-gallery-of-einstein-rings/,2005
,5,2,march-8-2023-ngc-1333.jpg,Reflection Nebula NGC 1333,NGC 1333 is a nearby star-forming region. Glowing gases and pitch-black dust are stirred up and blown around by several hundred newly forming stars embedded within this dark cloud.,https://science.nasa.gov/asset/hubble/ngc-1333/,2023
,5,3,march-8-2010-ngc-5584.jpg,Spiral Galaxy NGC 5584,"The brilliant, blue glow of young stars traces the graceful spiral arms of galaxy NGC 5584. Thin, dark dust lanes appear to be flowing from the yellowish core, where older stars reside.",https://science.nasa.gov/asset/hubble/hubbles-view-of-ngc-5584/,2010
,5,4,march-8-2003-arp-94.jpg,Interacting Pair Arp 94,A close look at the area between the two interacting galaxies that make up the pair Arp 94 reveals faint tidal streams of gas and dust that link them in their gravitational dance.,https://science.nasa.gov/missions/hubble/hubble-captures-a-galactic-dance/,2003
,5,5,march-8-2012-omega-centauri.jpg,Omega Centauri,Omega Centauri consists of roughly 10 million stars that are gravitationally bound. The cluster is about 10 times as massive as other big globular clusters – almost as massive as a small galaxy.,https://science.nasa.gov/asset/hubble/omega-centauri-2/,2012
3/9/2019 0:00:00,5,1,march-9-2011-abell-2261.jpg,Galaxy Cluster Abell 2261,"The giant elliptical galaxy in the center of this image is the most massive and brightest member of galaxy cluster Abell 2261. More than a million light-years wide, the galaxy is about 10 times bigger than our Milky Way galaxy.",https://science.nasa.gov/asset/hubble/monster-galaxy-lacks-a-bright-core/,2011
,5,2,march-9-2007-ngc-3021.jpg,Spiral Galaxy NGC 3021,Spiral galaxy NGC 3021 is home to Cepheid variable stars. These stars pulsate at a rate that is closely related to their intrinsic brightness. Astronomers use this information to calculate a galaxy’s distance.,https://science.nasa.gov/asset/hubble/cepheid-variable-stars-in-spiral-galaxy-ngc-3021/,2007
,5,3,march-9-1999-messier-22.jpg,Globular Cluster Messier 22,"M22 is one of about 150 globular star clusters in the Milky Way. Located just 10,000 light-years away in the constellation Sagittarius, it is one of the closest globular clusters to Earth.",https://science.nasa.gov/asset/hubble/globular-cluster-m22-inset-shows-entire-cluster/,1999
,5,4,march-9-2019-flame-nebula.jpg,Flame Nebula,"The Flame Nebula, also called NGC 2024, is a large star-forming region. This image focuses on the dark, dusty heart of the nebula where a star cluster resides, mostly hidden from view.",https://science.nasa.gov/missions/hubble/hubble-spots-swirls-of-dust-in-the-flame-nebula/,2019
,5,5,march-9-2011-macs-j114952223.jpg,Galaxy Cluster MACS J1149.5+2223,"This massive galaxy cluster, called MACS J1149.5+2223, is part of the collaborative Frontier Fields observing program that used the cluster's powerful gravitational lens to learn what might be beyond it.",https://science.nasa.gov/asset/hubble/frontier-fields-target-galaxy-clusters/,2011
3/10/2019 0:00:00,5,1,march-10-1997-mars.jpg,Mars,This stunning portrait of Mars was taken just before the planet made one of its closest approaches to Earth (passing about 60 million miles [97 million km] from us). This view was taken on the last day of spring in the planet's northern hemisphere.,https://science.nasa.gov/asset/hubble/mars-march-10-1997/,1997
,5,2,march-10-2019-flame-nebula.jpg,Flame Nebula,"The Flame Nebula, also called NGC 2024, is a large star-forming region. This image focuses on the dark, dusty heart of the nebula where a star cluster resides, mostly hidden from view.",https://science.nasa.gov/missions/hubble/hubble-spots-swirls-of-dust-in-the-flame-nebula/,2019
,5,3,march-10-2002-ngc-6786.jpg,Interacting Galaxy NGC 6786,"The smaller of the two galaxies, dubbed LEDA 62867 and positioned to the left of the frame, will probably be eventually swallowed by the larger spiral galaxy, NGC 6786 (to the right).",https://science.nasa.gov/asset/hubble/hubble-interacting-galaxy-ngc-6786/,2002
,5,4,march-10-2000-ngc-3314.jpg,Galaxy Pair NGC 3314,"This image shows a pair of galaxies called NGC 3314. Through a chance alignment, a face-on spiral galaxy lies precisely in front of another, larger spiral. This provides a view of dark material within the front galaxy, seen because it is silhouetted against the galaxy behind it.",https://science.nasa.gov/asset/hubble/lined-up-galaxies-show-rare-details-ngc-3314/,2000
,5,5,march-10-2017-ugc-5460.jpg,Galaxy UGC 5460,"This image reveals UGC 5460’s central bar of stars, winding spiral arms, and bright blue star clusters. Also captured in the upper left-hand corner is a far closer object: a star just 577 light-years away in our own galaxy.",https://science.nasa.gov/missions/hubble/hubble-spies-a-spiral-that-may-be-hiding-an-imposter/,2017
3/11/2019 0:00:00,5,1,march-11-2019-southern-crab-nebula.jpg,Southern Crab Nebula,"An aging red giant star is shedding its outer layers to produce the Southern Crab Nebula. The ""legs"" are likely to be the places where the outflowing material slams into surrounding gas and dust.",https://science.nasa.gov/asset/hubble/southern-crab-nebula/,2019
,5,2,march-11-2014-comet-siding-spring.jpg,Comet Siding Spring,This comet plunged toward the Sun along a roughly 1-million-year orbit. Hubble resolved two jets of dust coming from the solid icy nucleus.,https://science.nasa.gov/asset/hubble/hubble-tracks-inbound-comet/,2014
,5,3,march-11-2015-orion-nebula-nursery.jpg,Orion Nebula,"The Orion Nebula, a turbulent stellar nursery, is a perfect laboratory to study how stars are born because it is just 1,500 light-years away, a relatively short distance within our galaxy.",https://science.nasa.gov/asset/hubble/orion-nebula-2/,2015
,5,4,march-11-2025-ngc-5335.jpg,Spiral Galaxy NGC 5335,"Hubble captured this detailed, face-on view of the spiral galaxy NGC 5335. Patchy streamers of star formation are strewn across the galaxy's disk.",https://science.nasa.gov/asset/hubble/ngc-5335/,2025
,5,5,march-11-2019-flame-nebula.jpg,Flame Nebula,"The Flame Nebula, also called NGC 2024, is a large star-forming region. This image focuses on the dark, dusty heart of the nebula where a star cluster resides, mostly hidden from view.",https://science.nasa.gov/missions/hubble/hubble-spots-swirls-of-dust-in-the-flame-nebula/,2019
3/12/2019 0:00:00,5,1,march-12-2005-sdss-j125028-25-052349.jpg,Einstein Ring SDSS J125028.25+052349,"Einstein rings like this form when two galaxies are almost perfectly aligned, one behind the other, and the gravitational field of the closer galaxy bends and magnifies the light from the more-distant galaxy into bright arcs around itself.",https://science.nasa.gov/asset/hubble/a-gallery-of-einstein-rings/,2005
,5,2,march-12-2012-crab-nebula.jpg,Crab Nebula,"The glow of a dead star, which exploded long ago as a supernova, reveals itself in this image of the Crab Nebula. At its center is a rotating neutron star, or pulsar, which has about the same mass as the Sun squeezed into a sphere only a few miles wide.",https://science.nasa.gov/asset/hubble/crab-nebula/,2012
,5,3,march-12-1999-messier-22.jpg,Globular Cluster Messier 22,"M22 is one of about 150 globular star clusters in the Milky Way. Located just 10,000 light-years away in the constellation Sagittarius, it is one of the closest globular clusters to Earth.",https://science.nasa.gov/asset/hubble/globular-cluster-m22-inset-shows-entire-cluster/,1999
,5,4,march-12-2015-orion-nebula-nursery.jpg,Orion Nebula,"The Orion Nebula, a turbulent stellar nursery, is a perfect laboratory to study how stars are born because it is just 1,500 light-years away, a relatively short distance within our galaxy.",https://science.nasa.gov/asset/hubble/orion-nebula-2/,2015
,5,5,march-12-2022-omega-centauri.jpg,Omega Centauri,Omega Centauri consists of roughly 10 million stars that are gravitationally bound. The cluster is about 10 times as massive as other big globular clusters – almost as massive as a small galaxy.,https://science.nasa.gov/asset/hubble/omega-centauri-2/,2022
3/13/2019 0:00:00,5,1,march-13-1997-ngc-3310.jpg,Starburst Galaxy NGC 3310,"There are several hundred star clusters in the starburst galaxy NGC 3310. They appear in this image as the bright, blue clumps that trace the galaxy's spiral arms.",https://science.nasa.gov/asset/hubble/starburst-galaxy-ngc-3310-blazes-with-star-formation/,1997
,5,2,march-13-2005-ngc-6397.jpg,Globular Cluster NGC 6397,"This ancient stellar jewelry box, a globular cluster called NGC 6397, glitters with the light from hundreds of thousands of stars. The cluster is 13.4 billion years old, which means it was born shortly after the Big Bang.",https://science.nasa.gov/asset/hubble/ngc-6397/,2005
,5,3,march-13-2015-orion-nebula-nursery.jpg,Orion Nebula,"The Orion Nebula, a turbulent stellar nursery, is a perfect laboratory to study how stars are born because it is just 1,500 light-years away, a relatively short distance within our galaxy.",https://science.nasa.gov/asset/hubble/orion-nebula-2/,2015
,5,4,march-13-2016-globular-cluster-messier-19.jpg,Globular Cluster Messier 19,"Messier 19 is a globular cluster, in which stars orbit about a common center of gravity. Globular clusters of stars are usually spherical, but some, like M19, have a slightly elongated shape.",https://science.nasa.gov/mission/hubble/science/explore-the-night-sky/hubble-messier-catalog/messier-19/,2016
,5,5,march-13-2020-butterfly-nebula.jpg,Butterfly Nebula,"This Hubble image shows NGC 6302, nicknamed the Butterfly Nebula. The ""wings"" are regions of heated gas that are tearing across space at more than 600,000 miles (965,600 km) an hour.",https://science.nasa.gov/asset/hubble/ngc-6302-the-butterfly-nebula/,2020
3/14/2019 0:00:00,5,1,march-14-1999-arp-297.jpg,Interacting Galaxies Arp 297,"Arp 297 is a pair of interacting galaxies that consists of NGC 5754, the large spiral at the top, and NGC 5752, the smaller companion at the bottom left. NGC 5754's internal structure has hardly been disturbed, but it does have some kinked arms just beyond its inner ring.",https://science.nasa.gov/asset/hubble/hubble-interacting-galaxy-ngc-5754/,1999
,5,2,march-14-2010-ngc-5584.jpg,Spiral Galaxy NGC 5584,"The brilliant, blue glow of young stars traces the graceful spiral arms of galaxy NGC 5584. Thin, dark dust lanes appear to be flowing from the yellowish core, where older stars reside.",https://science.nasa.gov/asset/hubble/hubbles-view-of-ngc-5584/,2010
,5,3,march-14-2016-ldn-1165.jpg,Dark Nebula LDN 1165,"This image captures a portion of a dark nebula called LDN 1165. Dark or absorption nebulae are clouds of gas and dust that neither emit nor reflect light, instead blocking light coming from behind them.",https://science.nasa.gov/missions/hubble/hubble-images-dark-nebula-cloaking-stars-within-dusty-depths/,2016
,5,4,march-14-2019-ic-4633.jpg,Spiral Galaxy IC 4633,"The spiral galaxy IC 4633 is rich in star-forming activity and also hosts an active galactic nucleus at its core. From our point of view, the galaxy is tilted mostly towards us, giving astronomers a good view of its billions of stars.",https://science.nasa.gov/missions/hubble/hubble-spots-a-galaxy-hidden-in-a-dark-cloud/,2019
,5,5,march-14-2013-omega-centauri.jpg,Omega Centauri,Omega Centauri consists of roughly 10 million stars that are gravitationally bound. The cluster is about 10 times as massive as other big globular clusters – almost as massive as a small galaxy.,https://science.nasa.gov/asset/hubble/omega-centauri-2/,2013
3/15/2019 0:00:00,5,1,march-15-1999-arp-81.jpg,Interacting Galaxies Arp 81,Arp 81 is a pair of interacting galaxies consisting of NGC 6621 (center) and NGC 6622 (left). The encounter has pulled a long tail out of NGC 6621 that has now wrapped behind the pair.,https://science.nasa.gov/asset/hubble/hubble-interacting-galaxy-ngc-6621/,1999
,5,2,march-15-2013-ugc-9391.jpg,Spiral Galaxy UGC 9391,"This spiral galaxy, UGC 9391, contains two types of stars that astronomers use to calculate accurate distances to galaxies and refine the measurement for how fast the universe expands with time, called the Hubble constant.",https://science.nasa.gov/asset/hubble/galaxy-ugc-9391/,2013
,5,3,march-15-2020-LEDA-60847.jpg,Interacting Galaxy Group LEDA 60847,"This group of interacting galaxies is called LEDA 60847. Galaxy mergers are relatively common occurrences, and most larger galaxies are the result of smaller galaxies merging.",https://science.nasa.gov/missions/hubble/hubble-glimpses-a-bright-galaxy-group/,2020
,5,4,march-15-2003-messier-24.jpg,Star Cloud Messier 24,"This detailed view of M24 captures a huge number of stars in only a tiny portion of the region, which is also known as the Small Sagittarius Star Cloud.",https://science.nasa.gov/mission/hubble/science/explore-the-night-sky/hubble-messier-catalog/messier-24/,2003
,5,5,march-15-1995-messier-4.jpg,Globular Cluster Messier 4,"Peering deep inside a cluster of several hundred thousand stars uncovers the oldest burned-out stars in our Milky Way Galaxy. Located in the globular cluster M4, these small, dying stars are known as white dwarfs.",https://science.nasa.gov/asset/hubble/hubble-pinpoints-white-dwarfs-in-globular-cluster/,1995
3/16/2019 0:00:00,5,1,march-16-2012-supernova-didius.jpg,Supernova Didius,"Supernova Didius, named after a Roman emperor, is the white dot in the center of this image. The bright blob at upper left is the core of the supernova's host galaxy. The supernova is so far away, we see it as it appeared 7 billion years ago.",https://science.nasa.gov/asset/hubble/remote-supernova-magnified-by-massive-galaxy-cluster-rxj153293021/,2012
,5,2,march-16-2010-47-tucanae.jpg,Globular Cluster 47 Tucanae,"The ancient globular cluster 47 Tucanae is a dense swarm of up to a million stars, and this view captures a close-up of thousands of them. The large, bright stars in the image are red giants near the end of their lives.",https://science.nasa.gov/asset/hubble/globular-cluster-47-tucanae-2/,2010
,5,3,march-16-2012-milky-way-bulge.jpg,Stars in the Galactic Core,"These colorful stars reside at the heart of our Milky Way galaxy, about 26,000 light-years from Earth. Aging red giant stars coexist with their more plentiful younger cousins, the smaller, white, Sun-like stars, in this crowded region of our galaxy's central hub.",https://science.nasa.gov/asset/hubble/milky-way-bulge/,2012
,5,4,march-16-2024-eso-591-12.jpg,Globular Cluster ESO 591-12,"ESO 591-12, also called Palomar 8, is a globular cluster ― a spherical collection of tens of thousands of star bound together by gravity. Globular clusters generally form early in the galaxies’ histories in regions rich in gas and dust.",https://science.nasa.gov/missions/hubble/hubble-observations-give-missing-globular-cluster-time-to-shine/,2024
,5,5,march-16-1999-messier-22.jpg,Globular Cluster Messier 22,"M22 is one of about 150 globular star clusters in the Milky Way. Located just 10,000 light-years away in the constellation Sagittarius, it is one of the closest globular clusters to Earth.",https://science.nasa.gov/asset/hubble/globular-cluster-m22-inset-shows-entire-cluster/,1999
3/17/2019 0:00:00,5,1,march-17-1999-red-rectangle-nebula.jpg,Red Rectangle Nebula,"This image reveals details of one of the most unusual nebulae known in our Milky Way. Cataloged as HD 44179, this nebula is more commonly called the ""Red Rectangle"" because of its unique shape and color.",https://science.nasa.gov/asset/hubble/dying-star-hd-44179-the-red-rectangle-sculpts-rungs-of-gas-and-dust/,1999
,5,2,march-17-2010-spiral-galaxy-m83.jpg,Spiral Galaxy Messier 83,"This image of spiral galaxy M83 captures thousands of star clusters, hundreds of thousands of individual stars, and ""ghosts"" of dead stars called supernova remnants.",https://science.nasa.gov/asset/hubble/spiral-galaxy-m83/,2010
,5,3,march-17-2012-omega-centauri.jpg,Omega Centauri,Omega Centauri consists of roughly 10 million stars that are gravitationally bound. The cluster is about 10 times as massive as other big globular clusters – almost as massive as a small galaxy.,https://science.nasa.gov/asset/hubble/omega-centauri-2/,2012
,5,4,march-17-2014-water-plumes-europa.jpg,Water Plumes on Europa,This composite image shows a suspected plume of material erupting near the 9 o'clock position off the limb of Jupiter's icy moon Europa. The plume corresponds to the location of an unusually warm spot on the moon's icy crust.,https://science.nasa.gov/asset/hubble/hubble-sees-recurring-plume-erupting-from-europa/,2014
,5,5,march-17-2014-ngc-4258.jpg,Spiral Galaxy NGC 4258,"NGC 4258 is a large spiral galaxy undergoing vigorous star and star-cluster formation, which occurs along the dark filaments that make up the spiral arms.",https://science.nasa.gov/asset/hubble/legus-galaxies/,2014
3/18/2019 0:00:00,5,1,march-18-1994-pinwheel-m101.jpg,Pinwheel Galaxy,The Pinwheel galaxy has a pancake-like shape that we view face-on. This perspective shows off the spiral structure that gives the galaxy its nickname.,https://science.nasa.gov/asset/hubble/hubble-image-of-m101/,1994
,5,2,march-18-1996-ngc-6745.jpg,Colliding Galaxy NGC 6745,"This image captures the collision of two galaxies. The larger spiral galaxy, NGC 6745, boasts an intact nucleus as it interacts with the smaller, passing galaxy that is nearly out of the frame to the lower right.",https://science.nasa.gov/asset/hubble/a-birds-eye-view-of-a-galaxy-collision/,1996
,5,3,march-18-2002-ngc-3690.jpg,Interacting Galaxy NGC 3690,"This system consists of a pair of galaxies that made a close pass some 700 million years ago. As a result of this interaction, the system underwent a fierce burst of star formation.",https://science.nasa.gov/asset/hubble/hubble-interacting-galaxy-ngc-3690/,2002
,5,4,march-18-2017-messier-87.jpg,Elliptical Galaxy Messier 87,"This image of the giant galaxy M87 shows a 3,000-light-year-long jet of plasma blasting from the galaxy's 6.5-billion-solar-mass central black hole. The jet seems to cause stars to erupt along its trajectory.",https://science.nasa.gov/asset/hubble/m87-4/,2017
,5,5,march-18-2023-ugc-9684.jpg,Spiral Galaxy UGC 9684,"This image of the spiral galaxy UGC 9684 shows an impressive example of several classic galactic features, including a clear bar in the galaxy's center, and a halo surrounding its disk.",https://science.nasa.gov/missions/hubble/hubble-glimpses-a-star-forming-factory/,2023
3/19/2019 0:00:00,5,1,march-19-2010-spiral-galaxy-m83.jpg,Spiral Galaxy Messier 83,"This image of spiral galaxy M83 captures thousands of star clusters, hundreds of thousands of individual stars, and ""ghosts"" of dead stars called supernova remnants.",https://science.nasa.gov/asset/hubble/spiral-galaxy-m83/,2010
,5,2,march-19-2007-ngc-3982.jpg,Spiral Galaxy NGC 3982,"Face-on spiral galaxy NGC 3982 has arms lined with pink star-forming regions of glowing hydrogen, blue newborn star clusters, and dark dust lanes that provide the raw material for future generations of stars.",https://science.nasa.gov/asset/hubble/face-on-spiral-galaxy-ngc-3982/,2007
,5,3,march-19-2002-eso-593-8.jpg,Interacting Galaxy ESO 593-8,ESO 593-8 is an impressive pair of interacting galaxies. One feather-shaped galaxy is crossing a companion. The two components will probably merge to form a single galaxy in the future.,https://science.nasa.gov/asset/hubble/hubble-interacting-galaxy-eso-593-8/,2002
,5,4,march-19-1999-messier-22.jpg,Globular Cluster Messier 22,"M22 is one of about 150 globular star clusters in the Milky Way. Located just 10,000 light-years away in the constellation Sagittarius, it is one of the closest globular clusters to Earth.",https://science.nasa.gov/asset/hubble/globular-cluster-m22-inset-shows-entire-cluster/,1999
,5,5,march-19-2019-omega-centauri.jpg,Omega Centauri,Omega Centauri consists of roughly 10 million stars that are gravitationally bound. The cluster is about 10 times as massive as other big globular clusters – almost as massive as a small galaxy.,https://science.nasa.gov/asset/hubble/omega-centauri-2/,2019
3/20/2019 0:00:00,5,1,march-20-1996-ngc-6745.jpg,Colliding Galaxies NGC 6745,"This image captures the collision of two galaxies. The larger spiral galaxy, NGC 6745, boasts an intact nucleus as it interacts with the smaller, passing galaxy that is nearly out of the frame to the lower right.",https://science.nasa.gov/asset/hubble/a-birds-eye-view-of-a-galaxy-collision/,1996
,5,2,march-20-2000-ngc-3982.jpg,Spiral Galaxy NGC 3982,"Face-on spiral galaxy NGC 3982 has arms lined with pink star-forming regions of glowing hydrogen, blue newborn star clusters, and dark dust lanes that provide the raw material for future generations of stars.",https://science.nasa.gov/asset/hubble/face-on-spiral-galaxy-ngc-3982/,2000
,5,3,march-20-2005-einstein-ring.jpg,Einstein Ring Gravitational Lens SDSS J162746.44-005357.5,Light from a distant galaxy was deflected on its way to Earth by the gravitational field of a massive object along its path that magnified and distorted the galaxy's light into the arcs we see here.,https://science.nasa.gov/asset/hubble/a-gallery-of-einstein-rings/,2005
,5,4,march-20-2010-spiral-galaxy-m83.jpg,Spiral Galaxy Messier 83,"This image of spiral galaxy M83 captures thousands of star clusters, hundreds of thousands of individual stars, and ""ghosts"" of dead stars called supernova remnants.",https://science.nasa.gov/asset/hubble/spiral-galaxy-m83/,2010
,5,5,march-20-2011-omega-centauri.jpg,Omega Centauri,Omega Centauri consists of roughly 10 million stars that are gravitationally bound. The cluster is about 10 times as massive as other big globular clusters – almost as massive as a small galaxy.,https://science.nasa.gov/asset/hubble/omega-centauri-2/,2011
3/21/2019 0:00:00,5,1,march-21-1996-ngc-6745.jpg,Colliding Galaxies NGC 6745,"This image captures the collision of two galaxies. The larger spiral galaxy, NGC 6745, boasts an intact nucleus as it interacts with the smaller, passing galaxy that is nearly out of the frame to the lower right.",https://science.nasa.gov/asset/hubble/a-birds-eye-view-of-a-galaxy-collision/,1996
,5,2,march-21-2002-eso-148-2.jpg,Interacting Galaxy ESO 148-2,The cores of the two colliding galaxies ― seen at the center of the image ― are embedded in hot dust and contain a large number of stars. Two large tidal tails of stars and gas were pulled from the disks of the galaxies.,https://science.nasa.gov/asset/hubble/hubble-interacting-galaxy-eso-148-2/,2002
,5,3,march-21-2006-m81-details.jpg,Core of Galaxy Messier 81,M81's central bulge is significantly larger than that of our Milky Way. A black hole of 70 million solar masses ― 15 times the size of the Milky Way's black hole ― resides at its center.,https://science.nasa.gov/asset/hubble/detailed-images-of-spiral-galaxy-m81/,2006
,5,4,march-21-2016-snowman.jpg,Snowman Nebula,Sweeping curves of bright gas and dark knots of dust appear in a small section of the Snowman Nebula. The gas has become charged by the energy of nearby massive stars until it glows.,https://science.nasa.gov/missions/hubble/hubble-surveys-a-snowman-sculpted-from-gas-and-dust/,2016
,5,5,march-21-2025-arp-184.jpg,Skewed Spiral Arp 184,"Arp 184 has a single broad, star-speckled spiral arm that appears to stretch toward us. The galaxy’s far side sports a few wisps of gas and stars, but it lacks a similarly impressive spiral arm.",https://science.nasa.gov/missions/hubble/hubble-images-a-peculiar-spiral/,2025
3/22/2019 0:00:00,5,1,march-22-2004-saturn.jpg,Saturn,This image of Saturn captures details in the hazes and clouds of the planet's atmosphere. The view is so sharp that it also reveals individual ringlets in Saturn's ring system.,https://science.nasa.gov/asset/hubble/saturn-prior-to-cassini-probes-arrival/,2004
,5,2,march-22-1999-messier-22.jpg,Globular Cluster Messier 22,"M22 is one of about 150 globular star clusters in the Milky Way. Located just 10,000 light-years away in the constellation Sagittarius, it is one of the closest globular clusters to Earth.",https://science.nasa.gov/asset/hubble/globular-cluster-m22-inset-shows-entire-cluster/,1999
,5,3,march-22-2015-ngc-4395.jpg,Spiral Galaxy NGC 4395,"This image of dwarf spiral galaxy NGC 4395 looks at a small section of the galaxy. NGC 4395 is one of the closest and dimmest known Seyfert galaxies, which have very bright cores driven by supermassive black holes.",https://science.nasa.gov/missions/hubble/hubble-gazes-at-the-home-of-an-enormous-black-hole/,2015
,5,4,march-22-2016-snowman.jpg,Snowman Nebula,Sweeping curves of bright gas and dark knots of dust appear in a small section of the Snowman Nebula. The gas has become charged by the energy of nearby massive stars until it glows.,https://science.nasa.gov/missions/hubble/hubble-surveys-a-snowman-sculpted-from-gas-and-dust/,2016
,5,5,march-22-2018-ngc-1559.jpg,Spiral Galaxy NGC 1559,"This magnificent barred spiral galaxy is NGC 1559. This picture is composed of 10 different Hubble images, from ultraviolet through visible light and into the near-infrared spectrum.",https://science.nasa.gov/missions/hubble/hubble-lights-the-way-with-new-multiwavelength-galaxy-view/,2018
3/23/2019 0:00:00,5,1,march-23-2006-holmberg.jpg,Dwarf Galaxy Holmberg IX,"This loose collection of stars is actually a dwarf irregular galaxy, called Holmberg IX. Of the more than 20,000 stars that can be resolved in this image, only about 10 percent are considered to be old stars.",https://science.nasa.gov/asset/hubble/dwarf-galaxy-holmberg-ix/,2006
,5,2,march-23-2004-abell-2218.jpg,Galaxy Cluster Abell 2218,"Galaxy cluster Abell 2218 is a gravitational lens, warping and magnifying galaxies that lie behind the cluster core. The orange arc, for instance, is an elliptical galaxy much farther away, behind the cluster.",https://science.nasa.gov/missions/hubble/hubble-and-keck-team-up-to-find-farthest-known-galaxy-in-universe/,2004
,5,3,march-23-2005-spiral-galaxy-m81.jpg,Spiral Galaxy Messier 81,"The arms of the ""grand design"" spiral galaxy M81 are filled with young, bluish, hot stars. The greenish regions in the image are bright, gaseous clouds where new stars are forming.",https://science.nasa.gov/asset/hubble/hubble-photographs-grand-design-spiral-galaxy-m81/,2005
,5,4,march-23-2005-globular-cluster-ngc6397.jpg,Globular Cluster NGC 6397,"Looking like glittering jewels, the stars in this image are part of the ancient globular star cluster NGC 6397. Scattered among these brilliant stars are the faintest stars ever seen in a globular cluster.",https://science.nasa.gov/asset/hubble/faintest-stars-in-globular-cluster-ngc-6397/,2005
,5,5,march-23-2017-messier-87.jpg,Elliptical Galaxy Messier 87,"This image of the giant galaxy M87 shows a 3,000-light-year-long jet of plasma blasting from the galaxy's 6.5-billion-solar-mass central black hole. The jet seems to cause stars to erupt along its trajectory.",https://science.nasa.gov/asset/hubble/m87-4/,2017
3/24/2019 0:00:00,5,1,march-24-2019-galactic-center.jpg,Galactic Center,This infrared image of the center of our Milky Way galaxy reveals a population of massive stars and complex structures in the hot ionized gas that swirls around the galactic core.,https://science.nasa.gov/asset/hubble/hubble-nicmos-mosaic-of-the-galactic-center/,2008
,5,2,march-24-2016-tw-hydrae.jpg,Shadow on TW Hydrae’s Disk,This image reveals a shadow moving counterclockwise around a gas-and-dust disk encircling the young star TW Hydrae. The shadow may be caused by the gravitational effect of an unseen planet orbiting close to the star.,https://science.nasa.gov/asset/hubble/shadow-on-tw-hydraes-disk/,2016
,5,3,march-24-2005-globular-cluster-ngc6397.jpg,Globular Cluster NGC 6397,"Looking like glittering jewels, the stars in this image are part of the ancient globular star cluster NGC 6397. Scattered among these brilliant stars are the faintest stars ever seen in a globular cluster.",https://science.nasa.gov/asset/hubble/faintest-stars-in-globular-cluster-ngc-6397/,2005
,5,4,march-24-1999-ngc-4438.jpg,Galaxy NGC 4438,"Known as a peculiar galaxy because of its unusual shape, NGC 4438 is home to a supermassive black hole at its center that is blowing huge bubbles of hot gas into space.",https://science.nasa.gov/asset/hubble/feasting-black-hole-blows-bubbles-from-galaxy-ngc-4438/,1999
,5,5,march-24-2011-omega-centauri.jpg,Omega Centauri,Omega Centauri consists of roughly 10 million stars that are gravitationally bound. The cluster is about 10 times as massive as other big globular clusters – almost as massive as a small galaxy.,https://science.nasa.gov/asset/hubble/omega-centauri-2/,2011
3/25/2019 0:00:00,5,1,march-25-2000-interstellar-bubble-n44f.jpg,Interstellar Bubble N44F,"This circular feature on the left side of this image is an interstellar bubble called N44F. It is being inflated by a torrent of fast-moving particles from an exceptionally hot star once buried inside this cold, dense cloud.",https://science.nasa.gov/asset/hubble/hubble-peers-inside-interstellar-bubble-n44f/,2000
,5,2,march-25-2005-globular-cluster-ngc6397.jpg,Globular Cluster NGC 6397,"Looking like glittering jewels, the stars in this image are part of the ancient globular star cluster NGC 6397. Scattered among these brilliant stars are the faintest stars ever seen in a globular cluster.",https://science.nasa.gov/asset/hubble/faintest-stars-in-globular-cluster-ngc-6397/,2005
,5,3,march-25-2006-ngc-5468.jpg,Spiral Galaxy NGC 5468,"The galaxy NGC 5468 has hosted a number of observed supernovae. The orientation of the spiral galaxy with respect to us makes it easier to spot these exploding stars as they appear; we see it face on, meaning we can see the galaxy’s loose, open spiral pattern in beautiful detail.",https://science.nasa.gov/missions/hubble/hubble-spots-galaxys-dramatic-details/,2006
,5,4,march-25-2024-veil-nebula.jpg,Veil Nebula,"The Veil Nebula is the remnant of a star roughly 20 times as massive as our Sun that exploded about 10,000 years ago. If you could see the entire nebula without the aid of a telescope, it would be as wide as six full Moons placed side-by-side.",https://science.nasa.gov/missions/hubble/hubble-captures-new-view-of-colorful-veil/,2024
,5,5,march-25-2025-barnards-galaxy.jpg,Barnard’s Galaxy,"NGC 6822 or Caldwell 57, also called Barnard’s Galaxy, lies more than 2 million light-years away, still within our corner of the cosmos. This image shows a field of stars in the galaxy’s outskirts. The long gap is an artifact of one of Hubble's old cameras.",https://science.nasa.gov/mission/hubble/science/explore-the-night-sky/hubble-caldwell-catalog/caldwell-57/,2025
3/26/2019 0:00:00,5,1,march-26-2010-star-rs-puppis.jpg,Star RS Puppis,The bright star RS Puppis is swaddled in a cocoon of reflective dust illuminated by the glittering star. The star is 10 times more massive than our Sun and is 200 times larger.,https://science.nasa.gov/asset/hubble/cepheid-variable-star-rs-puppis/,2010
,5,2,march-26-1999-messier-22.jpg,Globular Cluster Messier 22,"M22 is one of about 150 globular star clusters in the Milky Way. Located just 10,000 light-years away in the constellation Sagittarius, it is one of the closest globular clusters to Earth.",https://science.nasa.gov/asset/hubble/globular-cluster-m22-inset-shows-entire-cluster/,1999
,5,3,march-26-2005-globular-cluster-ngc6397.jpg,Globular Cluster NGC 6397,"Looking like glittering jewels, the stars in this image are part of the ancient globular star cluster NGC 6397. Scattered among these brilliant stars are the faintest stars ever seen in a globular cluster.",https://science.nasa.gov/asset/hubble/faintest-stars-in-globular-cluster-ngc-6397/,2005
,5,4,march-26-2022-quasar-3c-273.jpg,Quasar 3C 273,Astronomers have peered into the throat of an energetic monster black hole powering a quasar called 3C 273. A quasar is a galactic center that glows brightly as the black hole consumes material in its immediate surroundings.,https://science.nasa.gov/asset/hubble/quasar-3c-273-2/,2022
,5,5,march-26-2006-spiral-galaxy-m81.jpg,Spiral Galaxy Messier 81,"The arms of the ""grand design"" spiral galaxy M81 are filled with young, bluish, hot stars. The greenish regions in the image are bright, gaseous clouds where new stars are forming.",https://science.nasa.gov/asset/hubble/hubble-photographs-grand-design-spiral-galaxy-m81/,2006
3/27/2019 0:00:00,5,1,march-27-2005-spiral-galaxy-m81.jpg,Spiral Galaxy Messier 81,"The arms of the ""grand design"" spiral galaxy M81 are filled with young, bluish, hot stars. The greenish regions in the image are bright, gaseous clouds where new stars are forming.",https://science.nasa.gov/asset/hubble/hubble-photographs-grand-design-spiral-galaxy-m81/,2005
,5,2,march-27-2011-abell-1351.jpg,Galaxy Cluster Abell 1351,"This image of the galaxy cluster Abell 1351 is filled with streaks of light that are actually images of distant galaxies. The light from these faraway galaxies is warped by the gravity of Abell 1351, which is so massive that it bends space-time!",https://science.nasa.gov/missions/hubble/hubble-captures-a-galactic-menagerie/,2011
,5,3,march-27-2014-stein-2051b.jpg,White Dwarf Stein 2051 B,"The white dwarf star Stein 2051 B and the smaller star below it appear to be close neighbors, but actually reside far away from each other. Stein 2051 B is 17 light-years from Earth; the other star is about 5,000 light-years away.",https://science.nasa.gov/asset/hubble/white-dwarf-star-stein-2051-b/,2014
,5,4,march-27-2016-protostar-IC-2631.jpg,Protostar in IC 2631,"This infrared image captures a protostar in the reflection nebula IC 2631. Eventually the core of a protostar becomes hot and dense enough for nuclear fusion to begin, transforming it into a star.",https://science.nasa.gov/missions/hubble/hubble-spies-newly-forming-star-incubating-in-ic-2631/,2016
,5,5,march-27-2023-ngc-5410.jpg,Spiral Galaxy NGC 5410 and Companion,"This pair of interacting galaxies is made up of larger spiral NGC 5410, which contains many young, blue star clusters, and smaller galaxy UGC 8932, which is likely distorted by NGC 5410’s gravitational pull.",https://science.nasa.gov/missions/hubble/hubble-studies-a-sparkling-galaxy-pair/,2023
3/28/2019 0:00:00,5,1,march-28-2000-ghost-head-nebula.jpg,Ghost Head Nebula,"The Ghost Head Nebula is a star-forming region in a nearby galaxy called the Large Magellanic Cloud. The two bright areas (the ""eyes of the ghost"") are very hot, glowing blobs of hydrogen and oxygen.",https://science.nasa.gov/asset/hubble/the-ghost-head-nebula-ngc-2080/,2000
,5,2,march-28-2004-IC-4662.jpg,Dwarf Galaxy IC 4662,This image captures a starburst region in the dwarf galaxy IC 4662. Starburst regions are areas of intense star formation.,https://science.nasa.gov/asset/hubble/hubble-spies-a-frenzy-of-star-birth-in-dwarf-galaxies/,2004
,5,3,march-28-2004-infrared-jupiter-and-moons.jpg,Infrared Jupiter and Moons,"Near-infrared Hubble observations show a rare alignment of three of Jupiter's largest moons - Io, Ganymede, and Callisto – scattering their shadows over the gas giant planet. While all three moons’ shadows are visible on the planet, Callisto is not visible in this picture.",https://science.nasa.gov/asset/hubble/three-moons-cast-shadows-on-jupiter/,2004
,5,4,march-28-2021-jellyfish-galaxy-jo175.jpg,Jellyfish Galaxy JO175,"The jellyfish galaxy, JO175, appears to hang suspended in space. Jellyfish galaxies get their unusual name from the tendrils of star-forming gas and dust that trail behind them like the tentacles of a jellyfish.",https://science.nasa.gov/missions/hubble/hubble-views-striking-starry-tendrils/,2021
,5,5,march-28-2019-hh-111.jpg,Herbig-Haro Object HH111,"This striking image features a relatively rare phenomenon known as a Herbig-Haro object, in this case HH111. These objects develop when streams of ionized gas collide with clouds of gas and dust that surround newly formed stars at speeds of hundreds of miles per second.",https://science.nasa.gov/missions/hubble/hubble-snaps-speedy-star-jets/,2019
3/29/2019 0:00:00,5,1,march-29-2006-starburst-galaxy-m82.jpg,Starburst Galaxy Messier 82,"Galaxy M82 is remarkable for its bright blue disk, webs of shredded clouds, and fiery-looking plumes of glowing hydrogen blasting out of its central region. In M82, stars are being born 10 times faster than they are inside our Milky Way galaxy.",https://science.nasa.gov/asset/hubble/happy-sweet-sixteen-hubble-telescope-starburst-galaxy-m82/,2006
,5,2,march-29-2020-spiral-galaxy-messier-61.jpg,Spiral Galaxy Messier 61,"The luminous heart of the spiral galaxy M61 is framed by its winding spiral arms, threaded with dark tendrils of dust. In addition to bright bands of stars, the spiral arms of M61 are studded with ruby-red patches of light.",https://science.nasa.gov/missions/hubble/hubble-takes-a-spiral-snapshot/,2020
,5,3,march-29-2002-iras-18090.jpg,Interacting Galaxies IRAS 18090,This system consists of two interacting spiral galaxies. The galaxy to the left displays a dim plume of luminosity that extends to the right in the direction of the second spiral.,https://science.nasa.gov/asset/hubble/hubble-interacting-galaxy-iras-18090/,2002
,5,4,march-29-1995-messier-4.jpg,Globular Cluster Messier 4,"Peering deep inside a cluster of several hundred thousand stars uncovers the oldest burned-out stars in our Milky Way Galaxy. Located in the globular cluster M4, these small, dying stars are known as white dwarfs.",https://science.nasa.gov/asset/hubble/hubble-pinpoints-white-dwarfs-in-globular-cluster/,1995
,5,5,march-29-2010-m84.jpg,Elliptical Galaxy Messier 84,"M84 is an elliptical galaxy, one of over a thousand galaxies that make up the Virgo cluster. This image combines observations taken at visible, infrared, and ultraviolet wavelengths.",https://science.nasa.gov/mission/hubble/science/explore-the-night-sky/hubble-messier-catalog/messier-84/,2010
3/30/2019 0:00:00,5,1,march-30-1997-four-faces-of-mars.jpg,Four Faces of Mars,Four sides of Mars are captured in these Hubble images taken over the course of a day. Mars has rotated about ninety degrees between each view.,https://science.nasa.gov/asset/hubble/four-view-of-mars-in-northern-summer/,1997
,5,2,march-30-2005-globular-cluster-ngc6397.jpg,Globular Cluster NGC 6397,"Looking like glittering jewels, the stars in this image are part of the ancient globular star cluster NGC 6397. Scattered among these brilliant stars are the faintest stars ever seen in a globular cluster.",https://science.nasa.gov/asset/hubble/faintest-stars-in-globular-cluster-ngc-6397/,2005
,5,3,march-30-2006-m107.jpg,Globular Cluster Messier 107,M107 is one of more than 150 globular star clusters found around the disk of our Milky Way Galaxy. These spherical collections each contain hundreds of thousands of extremely old stars and are among the oldest objects in the galaxy.,https://science.nasa.gov/mission/hubble/science/explore-the-night-sky/hubble-messier-catalog/messier-107/,2006
,5,4,march-30-2010-ngc-5584.jpg,Spiral Galaxy NGC 5584,"The brilliant, blue glow of young stars traces the graceful spiral arms of galaxy NGC 5584. Thin, dark dust lanes appear to be flowing from the yellowish core, where older stars reside.",https://science.nasa.gov/asset/hubble/hubbles-view-of-ngc-5584/,2010
,5,5,march-30-2015-orion-nebula-nursery.jpg,Orion Nebula,"The Orion Nebula, a turbulent stellar nursery, is a perfect laboratory to study how stars are born because it is just 1,500 light-years away, a relatively short distance within our galaxy.",https://science.nasa.gov/asset/hubble/orion-nebula-2/,2015
3/31/2019 0:00:00,5,1,march-31-1997-interacting-galaxies-am-0500-620.jpg,Interacting Galaxies AM 0500-620,"AM 0500-620 includes a pair of galaxies, with one spiral galaxy seen nearly face-on that is partially backlit by a background galaxy. These interacting galaxies are located 350 million light-years away in the constellation Dorado.",https://science.nasa.gov/asset/hubble/hubble-interacting-galaxy-am-0500-620/,1997
,5,2,march-31-2005-globular-cluster-ngc6397.jpg,Globular Cluster NGC 6397,"Looking like glittering jewels, the stars in this image are part of the ancient globular star cluster NGC 6397. Scattered among these brilliant stars are the faintest stars ever seen in a globular cluster.",https://science.nasa.gov/asset/hubble/faintest-stars-in-globular-cluster-ngc-6397/,2005
,5,3,march-31-2005-orion-nebula.jpg,Orion Nebula,"The Orion Nebula is the nearest star-forming region to Earth. Massive, young stars are shaping the nebula with their winds and radiation. Pillars of dense gas may be the homes of budding stars. The bright central region is the home of the four heftiest stars in the nebula.",https://science.nasa.gov/asset/hubble/hubbles-sharpest-view-of-the-orion-nebula/,2005
,5,4,march-31-2013-ugc-9391.jpg,Spiral Galaxy UGC 9391,"This spiral galaxy, UGC 9391, contains two types of stars that astronomers use to calculate accurate distances to galaxies and refine the measurement for how fast the universe expands with time, called the Hubble constant.",https://science.nasa.gov/asset/hubble/galaxy-ugc-9391/,2013
,5,5,march-31-2024-m96.jpg,Spiral Galaxy Messier 96,M96 is a spiral galaxy about the same mass and size as our own Milky Way. It is very asymmetrical because of the gravitational pull of its neighboring galaxies.,https://science.nasa.gov/mission/hubble/science/explore-the-night-sky/hubble-messier-catalog/messier-96/,2024
4/1/2019 0:00:00,5,1,april-1-1995-eagle-nebula.jpg,Eagle Nebula Pillars,"Hubble's view of the ""Pillars of Creation"" in the Eagle Nebula displays three giant columns of cold gas giving birth to new stars. The pillars are bathed in the scorching ultraviolet light from a cluster of young, massive stars beyond the top of the image.",https://science.nasa.gov/asset/hubble/gas-pillars-in-the-eagle-nebula-m16-pillars-of-creation-in-a-star-forming-region/,1995
,5,2,april-1-2020-comet-p2019-ld2.jpg,Comet P/2019 LD2,"Hubble snapped this image of a young comet as it orbited near Jupiter's gravitationally captured ancient asteroids, called the Trojans. This is the first comet astronomers spotted near the Trojans.",https://science.nasa.gov/asset/hubble/trojan-asteroid-2019-ld2/,2020
,5,3,april-1-2002-galaxy-tadpole.jpg,Tadpole Galaxy,"This odd-looking galaxy with the long streamer of stars, dubbed the ""tadpole"" and also known as UGC 10214, appears to be racing through space like a runaway pinwheel firework.",https://science.nasa.gov/asset/hubble/the-tadpole-galaxy-distorted-victim-of-cosmic-collision/,2002
,5,4,april-1-2020-galaxy-ngc1961.jpg,Spiral Galaxy NGC 1961,"The galaxy NGC 1961 unfurls magnificent spiral arms. Glittering, blue regions of bright young stars dot the dusty spiral arms, winding around the galaxy’s glowing center.",https://science.nasa.gov/missions/hubble/hubble-studies-a-spectacular-spiral/,2022
,5,5,april-1-2021-star-mira.jpg,Symbiotic Star Mira HM Sge,"Located 3,400 light-years away, the symbiotic star Mira HM Sge consists of a red giant and a white dwarf companion. The stars are too close together to be resolved by Hubble in this image.",https://science.nasa.gov/asset/hubble/symbiotic-star-mira-hm-sge/,2021
4/2/2019 0:00:00,5,1,april-2-2009-interacting-galaxies-arp-274.jpg,Interacting Galaxies Arp 274,"Arp 274 is a system of three galaxies that appear to be partially overlapping. Two of the galaxies are rapidly forming new stars, evident in the bright blue knots strung along the arms of the galaxy on the right and along the small galaxy on the left.",https://science.nasa.gov/asset/hubble/galaxy-triplet-arp-274/,2009
,5,2,april-2-2005-globular-cluster-ngc6397.jpg,Globular Cluster NGC 6397,"Looking like glittering jewels, the stars in this image are part of the ancient globular star cluster NGC 6397. Scattered among these brilliant stars are the faintest stars ever seen in a globular cluster.",https://science.nasa.gov/asset/hubble/faintest-stars-in-globular-cluster-ngc-6397/,2005
,5,3,april-2-2000-galaxy-ngc-3982.jpg,Spiral Galaxy NGC 3982,"Face-on spiral galaxy NGC 3982 has arms lined with pink star-forming regions of glowing hydrogen, blue newborn star clusters, and dark dust lanes that provide the raw material for future generations of stars.",https://science.nasa.gov/asset/hubble/face-on-spiral-galaxy-ngc-3982/,2000
,5,4,april-2-2002-omega-nebula.jpg,Omega Nebula,"This hotbed of newly formed stars is known as the Omega Nebula. The region of the nebula seen here by Hubble is 3,500 times wider than our entire solar system.",https://science.nasa.gov/asset/hubble/the-omega-nebula-hotbed-of-star-formation/,2002
,5,5,april-2-2017-messier-87.jpg,Elliptical Galaxy Messier 87,"This image of the giant galaxy M87 shows a 3,000-light-year-long jet of plasma blasting from the galaxy's 6.5-billion-solar-mass central black hole. The jet seems to cause stars to erupt along its trajectory.",https://science.nasa.gov/asset/hubble/m87-4/,2017
4/3/2019 0:00:00,5,1,april-3-2017-jupiter.jpg,Jupiter,"This image of Jupiter was taken when the planet was closest to Earth in 2017. The Great Red Spot appears on the left side, along with a smaller, reddish storm in the lower right dubbed ""Red Spot Jr.""",https://science.nasa.gov/asset/hubble/nasas-hubble-takes-close-up-portrait-of-jupiter/,2017
,5,2,april-3-1999-messier-22.jpg,Globular Cluster Messier 22,"M22 is one of about 150 globular star clusters in the Milky Way. Located just 10,000 light-years away in the constellation Sagittarius, it is one of the closest globular clusters to Earth.",https://science.nasa.gov/asset/hubble/globular-cluster-m22-inset-shows-entire-cluster/,1999
,5,3,april-3-1998-pn-hb-12.jpg,Planetary Nebula Hubble 12,The hourglass shape of this bipolar planetary nebula known as PN Hb 12 (a.k.a. Hubble 12) was formed as a Sun-like star approached the end of its life and puffed its outer layers into the surrounding space.,https://science.nasa.gov/asset/hubble/bipolar-planetary-nebula-pn-hb-12/,1998
,5,4,april-3-2021-galaxy-jO206.jpg,Jellyfish Galaxy JO206,"The jellyfish galaxy JO206 showcases a colorful star-forming disk surrounded by a pale, luminous cloud of dust. The tendrils of jellyfish galaxies are formed by the interaction between galaxies and galaxy clusters.",https://science.nasa.gov/missions/hubble/hubble-observes-a-cosmic-sea-creature/,2021
,5,5,april-3-2012-milky-way-bulge.jpg,Stars in the Galactic Core,"These colorful stars reside at the heart of our Milky Way galaxy, about 26,000 light-years from Earth. Aging red giant stars coexist with their more plentiful younger cousins, the smaller, white, Sun-like stars, in this crowded region of our galaxy's central hub.",https://science.nasa.gov/asset/hubble/milky-way-bulge/,2012
4/4/2019 0:00:00,5,1,april-4-1999-ngc-3314.jpg,Galaxy Pair NGC 3314,"This image shows a pair of galaxies called NGC 3314. Through a chance alignment, a face-on spiral galaxy lies precisely in front of another, larger spiral. This provides a view of dark material within the front galaxy, seen because it is silhouetted against the galaxy behind it.",https://science.nasa.gov/asset/hubble/lined-up-galaxies-show-rare-details-ngc-3314/,1999
,5,2,april-4-2004-ngc6530.jpg,Open Cluster NGC 6530,"A portion of the open cluster NGC 6530 appears as a roiling wall of smoke studded with stars. The cluster is set within the larger Lagoon Nebula, a gigantic interstellar cloud of gas and dust.",https://science.nasa.gov/missions/hubble/hubble-views-a-star-studded-cosmic-cloud/,2004
,5,3,april-4-2014-stein-2051b.jpg,White Dwarf Stein 2051 B,"The white dwarf star Stein 2051 B and the smaller star below it appear to be close neighbors, but actually reside far away from each other. Stein 2051 B is 17 light-years from Earth; the other star is about 5,000 light-years away.",https://science.nasa.gov/asset/hubble/white-dwarf-star-stein-2051-b/,2014
,5,4,april-4-2016-comet-252p-linear.jpg,Comet 252P/LINEAR,This image was taken roughly two weeks after the icy visitor Comet 252P/LINEAR made its closest approach to Earth on March 21 while traveling away from Earth and the Sun in one of the closest encounters between a comet and our planet.,https://science.nasa.gov/asset/hubble/comet-252plinear-april-4-2016/,2016
,5,5,april-4-2020-galaxy-jO206.jpg,Jellyfish Galaxy JO206,"The jellyfish galaxy JO206 showcases a colorful star-forming disk surrounded by a pale, luminous cloud of dust. The tendrils of jellyfish galaxies are formed by the interaction between galaxies and galaxy clusters.",https://science.nasa.gov/missions/hubble/hubble-observes-a-cosmic-sea-creature/,2020
4/5/2019 0:00:00,5,1,april-5-2008-galactic-center.jpg,Galactic Center,This infrared image of the center of our Milky Way galaxy reveals a population of massive stars and complex structures in the hot ionized gas that swirls around the galactic core.,https://science.nasa.gov/asset/hubble/hubble-nicmos-mosaic-of-the-galactic-center/,2008
,5,2,april-5-2002-47-tucanae.jpg,Globular Cluster 47 Tucanae,"This image shows the core of the globular star cluster 47 Tucanae. The entire cluster contains about a million stars, with many packed tightly in the core.",https://science.nasa.gov/asset/hubble/stellar-sorting-in-globular-cluster-47-tucanae/,2002
,5,3,april-5-2014-ngc3368.jpg,Spiral Galaxy NGC 3368,"NGC 3368 is a large spiral galaxy about 35 million light-years from Earth. It is undergoing vigorous star and star cluster formation, which occurs along the dark filaments that make up the spiral arms.",https://science.nasa.gov/asset/hubble/legus-galaxies/,2014
,5,4,april-5-1996-m80.jpg,Globular Cluster Messier 80,"This stellar swarm is one of the densest of the 147 known globular star clusters in the Milky Way galaxy. M80, also called NGC 6093, contains hundreds of thousands of stars, all held together by their mutual gravitational attraction.",https://science.nasa.gov/asset/hubble/globular-cluster-m80-a-swarm-of-ancient-stars-in-the-milky-way/,1996
,5,5,april-5-2006-pismis-24.jpg,Open Cluster Pismis 24,The small open star cluster Pismis 24 lies in the core of the large emission nebula NGC 6357. Some of the stars in this cluster are extremely massive and emit intense ultraviolet radiation.,https://science.nasa.gov/asset/hubble/heavyweight-stars-light-up-nebula-ngc-6357/,2006
4/6/2019 0:00:00,5,1,april-6-2001-eso-510-G13.jpg,Galaxy ESO 510-G13,"Usually, when a spiral galaxy appears edge-on, its dust and spiral arms appear flat. The warping of the disk in ESO 510-G13 suggests this galaxy has recently undergone a collision with a nearby galaxy and is in the process of swallowing it.",https://science.nasa.gov/asset/hubble/warped-edge-on-galaxy-eso-510-g13/,2001
,5,2,april-6-2011-galaxy-rx-j1504.jpg,Galaxy RX J1504,This galaxy shows chains of star formation in ultraviolet light. This star formation is a product of the action of the jets from a central black hole that controls infalling gas from the galaxy's halo.,https://science.nasa.gov/missions/hubble/nasas-hubble-finds-evidence-of-galaxy-star-birth-regulated-by-black-hole-fountain/,2011
,5,3,april-6-2005-orion-nebula.jpg,Orion Nebula,The Orion Nebula is the nearest star-forming region to Earth. Massive young stars are shaping the nebula with their winds and radiation. Pillars of dense gas may be the homes of budding stars. The bright central region is the home of the four heftiest stars in the nebula.,https://science.nasa.gov/asset/hubble/hubbles-sharpest-view-of-the-orion-nebula/,2005
,5,4,april-6-2019-ngc-1559.jpg,Spiral Galaxy NGC 1559,"This magnificent barred spiral galaxy is NGC 1559. This picture is composed of 10 different Hubble images, from ultraviolet through visible light and into the near-infrared spectrum.",https://science.nasa.gov/missions/hubble/hubble-lights-the-way-with-new-multiwavelength-galaxy-view/,2019
,5,5,april-6-1994-mile-wide-asteroid-streak.jpg,Mile-Wide Asteroid Streak,"While performing a detailed study of the Sun's nearest stellar neighbor, Proxima Centauri, Hubble captured an asteroid streak (upper right), seen here as a curved blue line against the backdrop of stars.",https://science.nasa.gov/asset/hubble/mile-wide-asteroid-streaks-by-background-of-stars/,1994
4/7/2019 0:00:00,5,1,april-7-2013-30-doradus-nebula-visible.jpg,30 Doradus Nebula,"Glowing hydrogen clouds and dark filamentary dust structures are visible in this close-up view of a star-birth region called the 30 Doradus Nebula. The giant stellar factory lies 170,000 light-years away inside the Large Magellanic Cloud.",https://science.nasa.gov/asset/hubble/30-doradus-nebula-visible-and-infrared-comparison/,2013
,5,2,april-7-2005-orion-nebula.jpg,Orion Nebula,The Orion Nebula is the nearest star-forming region to Earth. Massive young stars are shaping the nebula with their winds and radiation. Pillars of dense gas may be the homes of budding stars. The bright central region is the home of the four heftiest stars in the nebula.,https://science.nasa.gov/asset/hubble/hubbles-sharpest-view-of-the-orion-nebula/,2005
,5,3,april-7-2002-galaxies-ic4687.jpg,Interacting Galaxy IC 4687,"IC 4687 (left) forms a triplet with two other galaxies. It has a chaotic body of stars, gas, and dust and a large curly tail to the left. The two companions are partially obscured by dark bands of dust.",https://science.nasa.gov/asset/hubble/hubble-interacting-galaxy-ic-4687/,2002
,5,4,april-7-2012-galaxy-pgc18431.jpg,Irregular Galaxy PGC 18431,"The sphere of space surrounding our galaxy is known as the Local Volume, a region 35 million light-years in diameter and home to several hundred known galaxies. The beautiful dwarf irregular galaxy known as PGC 18431 is one of them.",https://science.nasa.gov/missions/hubble/hubble-meeting-the-neighbors/,2012
,5,5,april-7-1996-fornax-a.jpg,Elliptical Galaxy Fornax A,This beautiful silhouette of dark dust clouds against the glowing nucleus of the elliptical galaxy Fornax A may represent the aftermath of a 100-million-year-old cosmic collision between the elliptical and a smaller companion galaxy.,https://science.nasa.gov/asset/hubble/elliptical-galaxy-ngc-1316-shows-aftermath-of-cosmic-collision/,1996
4/8/2019 0:00:00,5,1,april-8-1999-galaxy-ngc4650a.jpg,Polar-Ring Galaxy NGC 4650A,"About 130 million light-years away, NGC 4650A is one of only 100 known polar-ring galaxies, which feature a ring of stars encircling a disk. Polar rings might form when two galaxies collide, with one galaxy becoming the inner disk and the other forming the ring.",https://science.nasa.gov/asset/hubble/polar-ring-galaxy-ngc-4650a-a-disk-of-red-stars-ringed-by-dust-gas-and-more-stars/,1999
,5,2,april-8-2001-m64.jpg,Black Eye Galaxy,"Messier 64, formed by a collision of two galaxies, has a spectacular dark band of dust in front of the galaxy's bright nucleus, giving rise to its nicknames of the ""Black Eye"" or ""Evil Eye"" galaxy.",https://science.nasa.gov/asset/hubble/dust-band-around-the-nucleus-of-black-eye-galaxy-m64/,2001
,5,3,april-8-2002-galaxies-eso-69-6.jpg,Interacting Galaxy ESO 69-6,"The galaxies of this interacting pair, called ESO 69-6, bear some resemblance to musical notes. Long tidal tails of gas and stars torn away from the outer regions sweep out from the two galaxies.",https://science.nasa.gov/asset/hubble/hubble-interacting-galaxy-eso-69-6/,2002
,5,4,april-8-2005-orion-nebula.jpg,Orion Nebula,The Orion Nebula is the nearest star-forming region to Earth. Massive young stars are shaping the nebula with their winds and radiation. Pillars of dense gas may be the homes of budding stars. The bright central region is the home of the four heftiest stars in the nebula.,https://science.nasa.gov/asset/hubble/hubbles-sharpest-view-of-the-orion-nebula/,2005
,5,5,april-8-2006-jupiter-red-spot.jpg,Jupiter's Junior Red Spot,"Astronomers witnessed the birth of a new red spot on the planet Jupiter, which is located half a billion miles away. Dubbed ""Red Spot Jr.,"" the storm is roughly one-half the diameter of its bigger and legendary cousin, the Great Red Spot.",https://science.nasa.gov/asset/hubble/hubble-snaps-baby-pictures-of-jupiters-red-spot-jr/,2006
4/9/2019 0:00:00,5,1,april-9-2007-jupiter-ganymede.jpg,Jupiter and Ganymede,"This image shows Jupiter and its large moon Ganymede as the moon peeks out from behind the planet. Composed of rock and ice, Ganymede is the largest moon in our solar system.",https://science.nasa.gov/asset/hubble/hstwfpc2-image-of-jupiter-and-ganymede-taken-april-9-2007/,2007
,5,2,april-9-1995-proxima-centauri.jpg,Proxima Centauri,"Shining brightly in this image is our closest stellar neighbor: Proxima Centauri, just over four light-years from Earth. Although it looks bright through the eye of Hubble, Proxima Centauri is not visible to the naked eye.",https://science.nasa.gov/asset/hubble/proxima-centauri/,1995
,5,3,april-9-2010-ngc-5584.jpg,Spiral Galaxy NGC 5584,"The brilliant, blue glow of young stars traces the graceful spiral arms of galaxy NGC 5584. Thin, dark dust lanes appear to be flowing from the yellowish core, where older stars reside.",https://science.nasa.gov/asset/hubble/hubbles-view-of-ngc-5584/,2010
,5,4,april-9-2013-30-doradus-nebula-visible.jpg,30 Doradus Nebula,"Glowing hydrogen clouds and dark filamentary dust structures are visible in this close-up view of a star-birth region called the 30 Doradus Nebula. The giant stellar factory lies 170,000 light-years away inside the Large Magellanic Cloud.",https://science.nasa.gov/asset/hubble/30-doradus-nebula-visible-and-infrared-comparison/,2013
,5,5,april-9-1999-galaxy-ngc4650a.jpg,Polar-Ring Galaxy NGC 4650A,"Located about 130 million light-years away, NGC 4650A is one of only 100 known polar-ring galaxies. Their unusual disk-ring structure is not yet fully understood.",https://science.nasa.gov/asset/hubble/polar-ring-galaxy-ngc-4650a-a-disk-of-red-stars-ringed-by-dust-gas-and-more-stars/,1999
4/10/2019 0:00:00,5,1,april-10-1999-circinus-galaxy.jpg,Circinus Galaxy,"Resembling a swirling witch's cauldron of glowing vapors, the black-hole-powered core of the Circinus galaxy appears in this image. Much of the gas in the spiral galaxy's disk is concentrated in two rings.",https://science.nasa.gov/asset/hubble/circinus-galaxy-spews-gas-into-space/,1999
,5,2,april-10-2013-comet-ison.jpg,Comet ISON,"This image of Comet C/2012 S1 (ISON) was taken when the comet was slightly closer than Jupiter's orbit. Even at that great distance, the comet was already active as sunlight warmed the surface and caused frozen volatiles to sublimate.",https://science.nasa.gov/asset/hubble/hubble-captures-comet-ison/,2013
,5,3,april-10-2021-galaxy-gama526784.jpg,Diffuse Galaxy GAMA 526784,"The ultra-diffuse galaxy GAMA 526784 appears as a tenuous patch of light in this image. One oddity of this class of galaxies is their unusual abundance of bright globular star clusters, something not observed in other types of galaxies.",https://science.nasa.gov/missions/hubble/hubble-views-a-galactic-oddity/,2021
,5,4,april-10-2010-47-tucanae.jpg,Globular Cluster 47 Tucanae,"The ancient globular cluster 47 Tucanae is a dense swarm of up to a million stars, and this view captures a close-up of thousands of them. The large, bright stars in the image are red giants near the end of their lives.",https://science.nasa.gov/asset/hubble/globular-cluster-47-tucanae-2/,2010
,5,5,april-10-1995-ngc-4414.jpg,Spiral Galaxy NGC 4414,"This Hubble image reveals the central regions of the dusty spiral galaxy NGC 4414. The galaxy’s arms are very rich in clouds of interstellar dust, visible as dark patches and streaks silhouetted against the starlight.",https://science.nasa.gov/asset/hubble/dusty-spiral-galaxy-ngc-4414/,1995
4/11/2019 0:00:00,5,1,april-11-2019-galactic-center.jpg,Galactic Center,This infrared image of the center of our Milky Way galaxy reveals a population of massive stars and complex structures in the hot ionized gas that swirls around the galactic core.,https://science.nasa.gov/asset/hubble/hubble-nicmos-mosaic-of-the-galactic-center/,2008
,5,2,april-11-2011-galaxy-hydra-a.jpg,Galaxy Hydra A,This galaxy shows chains of star formation in ultraviolet light. This star formation in each galaxy is a product of the action of the jets from a central black hole that controls infalling gas from the galaxy's halo.,https://science.nasa.gov/missions/hubble/nasas-hubble-finds-evidence-of-galaxy-star-birth-regulated-by-black-hole-fountain/,2011
,5,3,april-11-2005-orion-nebula.jpg,Orion Nebula,The Orion Nebula is the nearest star-forming region to Earth. Massive young stars are shaping the nebula with their winds and radiation. Pillars of dense gas may be the homes of budding stars. The bright central region is the home of the four heftiest stars in the nebula.,https://science.nasa.gov/asset/hubble/hubbles-sharpest-view-of-the-orion-nebula/,2005
,5,4,april-11-2014-brown-dwarf-2M1207A.jpg,Brown Dwarf 2M1207A and Companion,"This brown dwarf, no more than 30 times the mass of Jupiter, is too small to become a star. When its glow is removed, a smaller and fainter companion becomes visible. No more that four times the mass of Jupiter, this companion is called a ""super-Jupiter.""",https://science.nasa.gov/asset/hubble/brown-dwarf-2m1207a-and-companion/,2014
,5,5,april-11-2013-30-doradus-nebula-visible.jpg,30 Doradus Nebula,"Glowing hydrogen clouds and dark filamentary dust structures are visible in this close-up view of a star-birth region called the 30 Doradus Nebula. The giant stellar factory lies 170,000 light-years away inside the Large Magellanic Cloud.",https://science.nasa.gov/asset/hubble/30-doradus-nebula-visible-and-infrared-comparison/,2013
4/12/2019 0:00:00,5,1,april-12-2010-hanny-s-voorwerp.jpg,Hanny's Voorwerp,"This image shows a ghostly green blob of gas that appears to float near a normal-looking spiral galaxy. The bizarre object, dubbed Hanny's Voorwerp, is the visible part of a 300,000-light-year-long streamer of gas stretching around the galaxy, called IC 2497.",https://science.nasa.gov/asset/hubble/hubble-snaps-image-of-space-oddity/,2010
,5,2,april-12-2002-47-tucanae.jpg,Globular Cluster 47 Tucanae,"This image shows the core of the globular star cluster 47 Tucanae. The entire cluster contains about a million stars, with many packed tightly in the core.",https://science.nasa.gov/asset/hubble/stellar-sorting-in-globular-cluster-47-tucanae/,2002
,5,3,april-12-2015-orion-nebula-nursery.jpg,Orion Nebula,"The Orion Nebula, a turbulent stellar nursery, is a perfect laboratory to study how stars are born because it is just 1,500 light-years away, a relatively short distance within our galaxy.",https://science.nasa.gov/asset/hubble/orion-nebula-2/,2015
,5,4,april-12-2018-leo-a.jpg,Dwarf Galaxy Leo A,This image features the nearby dwarf irregular galaxy Leo A. Astronomers study dwarf galaxies like Leo A because they are numerous and may offer clues to how galaxies grow and evolve.,https://science.nasa.gov/missions/hubble/hubble-finds-structure-in-an-unstructured-galaxy/,2018
,5,5,april-12-1995-ngc-4414.jpg,Spiral Galaxy NGC 4414,"This Hubble image reveals the central regions of the dusty spiral galaxy NGC 4414. The galaxy’s arms are very rich in clouds of interstellar dust, visible as dark patches and streaks silhouetted against the starlight.",https://science.nasa.gov/asset/hubble/dusty-spiral-galaxy-ngc-4414/,1995
4/13/2019 0:00:00,5,1,april-13-2011-abell-2261.jpg,Galaxy Cluster Abell 2261,"The giant elliptical galaxy in the center of this image is the most massive and brightest member of galaxy cluster Abell 2261. More than a million light-years wide, the galaxy is about 10 times bigger than our Milky Way galaxy.",https://science.nasa.gov/asset/hubble/monster-galaxy-lacks-a-bright-core/,2011
,5,2,april-13-2002-47-tucanae.jpg,Globular Cluster 47 Tucanae,"This image shows the core of the globular star cluster 47 Tucanae. The entire cluster contains about a million stars, with many packed tightly in the core.",https://science.nasa.gov/asset/hubble/stellar-sorting-in-globular-cluster-47-tucanae/,2002
,5,3,april-13-2011-ngc1977.jpg,Stellar Jet in the Running Man Nebula,"A jet from a newly formed star flares into the shining depths of reflection nebula NGC 1977. The jet (orange object at bottom center) is being emitted by the young star Parengo 2042, which is embedded in a disk of debris that could give rise to planets.",https://science.nasa.gov/centers-and-facilities/goddard/hubble-spots-a-swift-stellar-jet-in-running-man-nebula/,2011
,5,4,april-13-2005-de-mairans-nebula.jpg,De Mairan's Nebula,"A massive star is illuminating this small region, called Messier 43 or De Mairan's Nebula, and sculpting the landscape of dust and gas.",https://science.nasa.gov/mission/hubble/science/explore-the-night-sky/hubble-messier-catalog/messier-43/,2005
,5,5,april-13-2021-ngc-6956.jpg,Spiral Galaxy NGC 6956,"Against an inky black backdrop, the blue swirls of spiral galaxy NGC 6956 stand out radiantly. NGC 6956 is a barred spiral galaxy, a common type of spiral galaxy with a bar-shaped structure of stars in its center.",https://science.nasa.gov/missions/hubble/hubble-captures-majestic-barred-spiral/,2021
4/14/2019 0:00:00,5,1,april-14-2006-galaxy-eso-99-4.jpg,Interacting Galaxy ESO 99-4,"ESO 99-4 is a galaxy with a highly peculiar shape. It is probably the remnant of an earlier merger process that has deformed it, leaving the main body largely obscured by dark bands of dust.",https://science.nasa.gov/asset/hubble/hubble-interacting-galaxy-eso-99-4/,2006
,5,2,april-14-2018-sunburst-arc.jpg,Sunburst Arc,"The Sunburst Arc is a galaxy almost 11 billion light-years from Earth. Its warped, arced appearance is because it's been gravitationally lensed into multiple images by a massive foreground cluster of galaxies that's 4.6 billion light-years away.",https://science.nasa.gov/asset/hubble/psz1-g31165-1848/,2018
,5,3,april-14-2015-orion-nebula-nursery.jpg,Orion Nebula,"The Orion Nebula, a turbulent stellar nursery, is a perfect laboratory to study how stars are born because it is just 1,500 light-years away, a relatively short distance within our galaxy.",https://science.nasa.gov/asset/hubble/orion-nebula-2/,2015
,5,4,april-14-2002-galaxies-ii-zw96.jpg,Interacting Galaxy II Zw 96,This is a system of merging galaxies with a bizarre shape called II Zw 96. Powerful young starburst regions hang as long threadlike structures between the main galaxy cores.,https://science.nasa.gov/asset/hubble/hubble-interacting-galaxy-ii-zw-96/,2002
,5,5,april-14-2002-galaxies-iras20351.jpg,Interacting Galaxy IRAS 20351,"IRAS 20351+2521 is a galaxy with a sprawling structure of gas, dust, and numerous blue star knots. It's located about 450 million light-years away from Earth.",https://science.nasa.gov/asset/hubble/hubble-interacting-galaxy-iras-20351/,2002
4/15/2019 0:00:00,5,1,april-15-2015-veil-nebula.jpg,Veil Nebula,"In this small piece of the Veil Nebula, wisps of gas are part of what remains of a star that was once 20 times more massive than our Sun. A fast-moving blast wave from the star's explosion is plowing into a wall of interstellar gas, causing it to glow.",https://science.nasa.gov/asset/hubble/veil-nebula-supernova-remnant/,2015
,5,2,april-15-2010-ngc-5584.jpg,Spiral Galaxy NGC 5584,"The brilliant, blue glow of young stars traces the graceful spiral arms of galaxy NGC 5584. Thin, dark dust lanes appear to be flowing from the yellowish core, where older stars reside.",https://science.nasa.gov/asset/hubble/hubbles-view-of-ngc-5584/,2010
,5,3,april-15-2008-ngc6891.jpg,Planetary Nebula NGC 6891,"NGC 6891 is a bright, asymmetrical planetary nebula. Hubble captures the central white dwarf star, a spherical outer halo that is expanding faster than the inner nebula, and at least two ellipsoidal shells that are oriented differently.",https://science.nasa.gov/missions/hubble/hubbles-view-of-planetary-nebula-reveals-complex-structure/,2008
,5,4,april-15-2006-m4.jpg,Globular Cluster Messier 4,"M4 is a dense collection of several hundred thousand stars. Astronomers suspect that an intermediate-mass black hole, weighing as much as 800 times the mass of our Sun, lurks unseen at its core.",https://science.nasa.gov/missions/hubble/nasas-hubble-hunts-for-intermediate-sized-black-hole-close-to-home/,2006
,5,5,april-15-2005-orion-nebula.jpg,Orion Nebula,The Orion Nebula is the nearest star-forming region to Earth. Massive young stars are shaping the nebula with their winds and radiation. Pillars of dense gas may be the homes of budding stars. The bright central region is the home of the four heftiest stars in the nebula.,https://science.nasa.gov/asset/hubble/hubbles-sharpest-view-of-the-orion-nebula/,2005
4/16/2019 0:00:00,5,1,april-16-2015-veil-nebula.jpg,Veil Nebula,"In this small piece of the Veil Nebula, wisps of gas are part of what remains of a star that was once 20 times more massive than our Sun. A fast-moving blast wave from the star's explosion is plowing into a wall of interstellar gas, causing it to glow.",https://science.nasa.gov/asset/hubble/veil-nebula-supernova-remnant/,2015
,5,2,april-16-2006-jupiter-red-spot.jpg,Jupiter's Junior Red Spot,"Astronomers witnessed the birth of a new red spot on the planet Jupiter, which is located half a billion miles away. Dubbed ""Red Spot Jr.,"" the storm is roughly one-half the diameter of its bigger and legendary cousin, the Great Red Spot.",https://science.nasa.gov/asset/hubble/hubble-snaps-baby-pictures-of-jupiters-red-spot-jr/,2006
,5,3,april-16-2008-abell1664.jpg,Galaxy Abell 1664,This galaxy shows chains of star formation in ultraviolet light. This star formation is a product of the action of the jets from a central black hole that controls infalling gas from the galaxy's halo.,https://science.nasa.gov/missions/hubble/nasas-hubble-finds-evidence-of-galaxy-star-birth-regulated-by-black-hole-fountain/,2008
,5,4,april-16-2006-m2.jpg,Globular Cluster Messier 2,"M2 is one of the largest globular star clusters, a spherical group of stars bound together by their mutual gravitational attraction. Most of the cluster’s mass is concentrated at its center, with shimmering streams of stars extending outward into space.",https://science.nasa.gov/mission/hubble/science/explore-the-night-sky/hubble-messier-catalog/messier-2/,2006
,5,5,april-16-2003-ngc-3370.jpg,Spiral Galaxy NGC 3370,"The majestic dusty spiral galaxy, NGC 3370, shows intricate spiral arm structure spotted with hot areas of new star formation. In 1994, it hosted an exploding star called SN 1994ae, which briefly outshone the tens of billions of other stars in its galaxy.",https://science.nasa.gov/asset/hubble/spiral-galaxy-ngc-3370-home-to-supernova-seen-in-1994/,2003
4/17/2019 0:00:00,5,1,april-17-2011-abell-2261.jpg,Galaxy Cluster Abell 2261,"The giant elliptical galaxy in the center of this image is the most massive and brightest member of galaxy cluster Abell 2261. More than a million light-years wide, the galaxy is about 10 times bigger than our Milky Way galaxy.",https://science.nasa.gov/asset/hubble/monster-galaxy-lacks-a-bright-core/,2011
,5,2,april-17-2013-idcs-j1426-5-3508.jpg,Galaxy Cluster IDCS J1426.5+3508,"The light we observe from this rare, extremely massive young galaxy cluster, IDCS 1426, left the cluster when the universe was less than a third of its current age.",https://science.nasa.gov/asset/hubble/hubble-chandra-spitzer-composite-of-massive-galaxy-cluster-idcs-j142653508/,2013
,5,3,april-17-2016-ngc4194.jpg,Medusa Merger,"The galaxy pictured in this image, called NGC 4194 and nicknamed the Medusa merger, was not always one entity, but two. An early galaxy consumed a smaller, gas-rich system, throwing out streams of stars and dust into space.",https://science.nasa.gov/missions/hubble/hubble-finds-medusa-in-the-sky/,2016
,5,4,april-17-2019-ugc-5460.jpg,Spiral Galaxy UGC 5460,"This image reveals UGC 5460’s central bar of stars, winding spiral arms, and bright blue star clusters. Also captured in the upper left-hand corner is a far closer object: a star just 577 light-years away in our own galaxy.",https://science.nasa.gov/missions/hubble/hubble-spies-a-spiral-that-may-be-hiding-an-imposter/,2019
,5,5,april-17-2020-arp195.jpg,Interacting Galaxies Arp 195,"Taking center stage in this image is a system known as Arp 195, a clashing triplet of interacting galaxies caught in a dramatic gravitational tug-of-war.",https://science.nasa.gov/missions/hubble/hubble-spots-squabbling-galactic-siblings/,2020
4/18/2019 0:00:00,5,1,april-18-1997-m79.jpg,Globular Cluster Messier 79,"The globular star cluster M79 is located 41,000 light-years from Earth. It contains about 150,000 stars packed into an area measuring only 118 light-years across. Its stars are some of the oldest in our galaxy.",https://science.nasa.gov/asset/hubble/globular-cluster-messier-79-m79-ngc-1904-cropped/,1997
,5,2,april-18-1999-messier-22.jpg,Globular Cluster Messier 22,"M22 is one of about 150 globular star clusters in the Milky Way. Located just 10,000 light-years away in the constellation Sagittarius, it is one of the closest globular clusters to Earth.",https://science.nasa.gov/asset/hubble/globular-cluster-m22-inset-shows-entire-cluster/,1999
,5,3,april-18-1999-carina-nebula.jpg,Carina Nebula,"Previously unseen details of a mysterious, complex structure within the Carina Nebula, or NGC 3372, are revealed by this image of the ""Keyhole Nebula,"" located about 8,000 light-years from Earth.",https://science.nasa.gov/asset/hubble/light-and-shadow-in-the-carina-nebula-ngc-3372/,1999
,5,4,april-18-2002-eso255-7.jpg,Interacting Galaxies ESO 255-7,"ESO 255-7 consists of a quartet of interacting galaxies. Three or four galaxies are embedded in a common structure with an arc-like shape. The upper part of this structure appears almost like a single galaxy but is, in fact, two galaxies.",https://science.nasa.gov/asset/hubble/hubble-interacting-galaxy-eso-255-7/,2002
,5,5,april-18-2006-73p-schwassmann-wachmann3.jpg,Comet 73P/Schwassmann-Wachmann 3,Astronomers got an extraordinary view of comet 73P/Schwassmann-Wachmann 3 as it fell apart. Hubble images uncovered many more fragments than were reported by ground-based observers.,https://science.nasa.gov/asset/hubble/hubble-provides-spectacular-detail-of-a-comets-breakup/,2006
4/19/2019 0:00:00,5,1,april-19-2010-asteroid-p-2010-a2.jpg,Asteroid P/2010 A2,"Hubble imaged a tail flowing from this peculiar asteroid, dubbed P/2010 A2. Scientists suspect the debris was produced by a collision with another asteroid.",https://science.nasa.gov/asset/hubble/hubble-captures-aftermath-of-asteroid-collision/,2010
,5,2,april-19-2020-arp143.jpg,Colliding Galaxies Arp 143,"A spectacular head-on collision between two galaxies fueled the unusual triangular-shaped star-birthing frenzy seen in this image of Arp 143, a galaxy pair about 191 million light-years away!",https://science.nasa.gov/asset/hubble/arp-143/,2020
,5,3,april-19-2022-cb130-3.jpg,Dense Core CB 130-3,"CB 130-3 is an object known as a dense core, a compact agglomeration of gas and dust. Dense cores like this are the birthplaces of stars. A compact object teetering on the brink of becoming a star is embedded deep within CB 130-3.",https://science.nasa.gov/missions/hubble/hubble-views-a-billowing-cosmic-cloud/,2022
,5,4,april-19-2024-ngc-1559.jpg,Spiral Galaxy NGC 1559,"This magnificent barred spiral galaxy is NGC 1559. This picture is composed of 10 different Hubble images, from ultraviolet through visible light and into the near-infrared spectrum.",https://science.nasa.gov/missions/hubble/hubble-lights-the-way-with-new-multiwavelength-galaxy-view/,2024
,5,5,april-19-2006-m55.jpg,Globular Cluster Messier 55,This image shows just a portion of globular cluster M55. The cluster as a whole appears spherical because the stars’ intense gravitational attraction pulls them together.,https://science.nasa.gov/mission/hubble/science/explore-the-night-sky/hubble-messier-catalog/messier-55/,2006
4/20/2019 0:00:00,5,1,april-20-2019-galactic-center.jpg,Galactic Center,This infrared image of the center of our Milky Way galaxy reveals a population of massive stars and complex structures in the hot ionized gas that swirls around the galactic core.,https://science.nasa.gov/asset/hubble/hubble-nicmos-mosaic-of-the-galactic-center/,2008
,5,2,april-20-2013-idcs-j1426-5-3508.jpg,Galaxy Cluster IDCS J1426.5+3508,"The light we observe from this rare, extremely massive young galaxy cluster, IDCS 1426, left the cluster when the universe was less than a third of its current age.",https://science.nasa.gov/asset/hubble/hubble-chandra-spitzer-composite-of-massive-galaxy-cluster-idcs-j142653508/,2013
,5,3,april-20-2021-ngc-6956.jpg,Spiral Galaxy NGC 6956,"Against an inky black backdrop, the blue swirls of spiral galaxy NGC 6956 stand out radiantly. NGC 6956 is a barred spiral galaxy, a common type of spiral galaxy with a bar-shaped structure of stars in its center.",https://science.nasa.gov/missions/hubble/hubble-captures-majestic-barred-spiral/,2021
,5,4,april-20-2006-73p-schwassmann-wachmann3.jpg,Comet 73P/Schwassmann-Wachmann 3,Astronomers got an extraordinary view of comet 73P/Schwassmann-Wachmann 3 as it fell apart. Hubble images uncovered many more fragments than were reported by ground-based observers.,https://science.nasa.gov/asset/hubble/hubble-provides-spectacular-detail-of-a-comets-breakup/,2006
,5,5,april-20-2020-omega-centauri.jpg,Omega Centauri,Omega Centauri consists of roughly 10 million stars that are gravitationally bound. The cluster is about 10 times as massive as other big globular clusters – almost as massive as a small galaxy.,https://science.nasa.gov/asset/hubble/omega-centauri-2/,2020
4/21/2019 0:00:00,5,1,april-21-2014-jupiter.jpg,Jupiter,"This image of Jupiter was taken by the Outer Planet Atmospheres Legacy (OPAL) program, a long-term project that uses Hubble to capture global maps of the outer planets every year. The Great Red Spot appears in the lower right.",https://science.nasa.gov/asset/hubble/auroras-on-jupiter/,2014
,5,2,april-21-2003-ngc6503.jpg,Spiral Galaxy NGC 6503,"Most galaxies are clumped together in groups or clusters. A neighboring galaxy is never far away. But this galaxy, known as NGC 6503, has found itself in a lonely position, at the edge of a strangely empty patch of space called the Local Void.",https://science.nasa.gov/asset/hubble/spiral-galaxy-ngc-6503/,2003
,5,3,april-21-1999-messier-22.jpg,Globular Cluster Messier 22,"M22 is one of about 150 globular star clusters in the Milky Way. Located just 10,000 light-years away in the constellation Sagittarius, it is one of the closest globular clusters to Earth.",https://science.nasa.gov/asset/hubble/globular-cluster-m22-inset-shows-entire-cluster/,1999
,5,4,april-21-1998-ngc6751.jpg,Planetary Nebula NGC 6751,"This strikingly unusual planetary nebula, NGC 6751, is a cloud of gas ejected several thousand years ago from the hot star visible in its center.",https://science.nasa.gov/asset/hubble/the-glowing-eye-of-planetary-nebula-ngc-6751/,1998
,5,5,april-21-2020-jw39.jpg,Jellyfish Galaxy JW39,"Despite jellyfish galaxy JW39’s serene appearance, it is adrift in a ferociously hostile environment: a galaxy cluster. Galaxies in galaxy clusters are often distorted by the gravitational pull of larger neighbors, twisting them into a variety of shapes.",https://science.nasa.gov/missions/hubble/hubble-captures-a-drifting-galaxy/,2020
4/22/2019 0:00:00,5,1,april-22-2000-30dor.jpg,30 Doradus Nebula,"This is the inner part of the 30 Doradus Nebula, a turbulent star-birth region in the Large Magellanic Cloud, a satellite galaxy of our Milky Way. The bright cluster of stars at left is known as R136.",https://science.nasa.gov/asset/hubble/vast-star-forming-region-30-doradus/,2000
,5,2,april-22-2012-crab-nebula.jpg,Crab Nebula,"The glow of a dead star, which exploded long ago as a supernova, reveals itself in this image of the Crab Nebula. At its center is a rotating neutron star, or pulsar, which has about the same mass as the Sun squeezed into a sphere only a few miles wide.",https://science.nasa.gov/asset/hubble/crab-nebula/,2012
,5,3,april-22-2016-abell-s1063.jpg,Galaxy Cluster Abell S1063,The immense galaxy cluster Abell S1063 is surrounded by magnified images of galaxies much farther away. The huge mass of the cluster distorts and magnifies the light from galaxies that lie far behind it due to an effect called gravitational lensing.,https://science.nasa.gov/asset/hubble/nasas-hubble-looks-to-the-final-frontier/,2016
,5,4,april-22-2017-messier-87.jpg,Elliptical Galaxy Messier 87,"This image of the giant galaxy M87 shows a 3,000-light-year-long jet of plasma blasting from the galaxy's 6.5-billion-solar-mass central black hole. The jet seems to cause stars to erupt along its trajectory.",https://science.nasa.gov/asset/hubble/m87-4/,2017
,5,5,april-22-2018-arp-300.jpg,Interacting Galaxies Arp 300,"Arp 300 consists of two interacting galaxies, UGC 05028 (the smaller galaxy) and UGC 05029 (the larger spiral). Likely due to its gravitational dance with its larger partner, UGC 05028 has an asymmetric, irregular structure.",https://science.nasa.gov/missions/hubble/hubble-observes-an-askew-galaxy-coaxing-star-formation-from-its-partner/,2018
4/23/2019 0:00:00,5,1,april-23-2019-galactic-center.jpg,Galactic Center,This infrared image of the center of our Milky Way galaxy reveals a population of massive stars and complex structures in the hot ionized gas that swirls around the galactic core.,https://science.nasa.gov/asset/hubble/hubble-nicmos-mosaic-of-the-galactic-center/,2008
,5,2,april-23-2016-abell-s1063.jpg,Galaxy Cluster Abell S1063,The immense galaxy cluster Abell S1063 is surrounded by magnified images of galaxies much farther away. The huge mass of the cluster distorts and magnifies the light from galaxies that lie far behind it due to an effect called gravitational lensing.,https://science.nasa.gov/asset/hubble/nasas-hubble-looks-to-the-final-frontier/,2016
,5,3,april-23-2020-comet-atlas.jpg,Comet ATLAS,"Hubble observed the Comet ATLAS disintegrating into multiple pieces. Before its breakup, the comet's nucleus was likely about the length of two football fields.",https://science.nasa.gov/missions/hubble/hubble-watches-comet-atlas-disintegrate-into-more-than-two-dozen-pieces/,2020
,5,4,april-23-2000-ngc-3982.jpg,Spiral Galaxy NGC 3982,"Face-on spiral galaxy NGC 3982 has arms lined with pink star-forming regions of glowing hydrogen, blue newborn star clusters, and dark dust lanes that provide the raw material for future generations of stars.",https://science.nasa.gov/asset/hubble/face-on-spiral-galaxy-ngc-3982/,2000
,5,5,april-23-2004-ngc3489.jpg,Lenticular Galaxy NGC 3489,"Lenticular galaxies like NGC 3489 exhibit traits of both spirals and ellipticals. They have a central bulge and a thin, circular disk, like spiral galaxies, but they lack arms. And like elliptical galaxies, they have older stars and little ongoing star formation.",https://science.nasa.gov/missions/hubble/hubble-observes-an-in-between-galaxy/,2004
4/24/2019 0:00:00,5,1,april-24-1991-cygnus-loop.jpg,Cygnus Loop Supernova Remnant,"This image captures a small portion of the Cygnus Loop supernova remnant. The Cygnus Loop marks the edge of a bubble-like, expanding blast wave from a colossal stellar explosion that occurred about 15,000 years ago.",https://science.nasa.gov/asset/hubble/the-cygnus-loop-supernova-remnant/,1991
,5,2,april-24-2008-zwcl-8193.jpg,Galaxy ZwCl 8193,This galaxy shows chains of star formation in ultraviolet light. This star formation in each galaxy is a product of the action of the jets from a central black hole that controls infalling gas from the galaxy's halo.,https://science.nasa.gov/missions/hubble/nasas-hubble-finds-evidence-of-galaxy-star-birth-regulated-by-black-hole-fountain/,2008
,5,3,april-24-1999-messier-22.jpg,Globular Cluster Messier 22,"M22 is one of about 150 globular star clusters in the Milky Way. Located just 10,000 light-years away in the constellation Sagittarius, it is one of the closest globular clusters to Earth.",https://science.nasa.gov/asset/hubble/globular-cluster-m22-inset-shows-entire-cluster/,1999
,5,4,april-24-1995-ngc-4414.jpg,Spiral Galaxy NGC 4414,"This Hubble image reveals the central regions of the dusty spiral galaxy NGC 4414. The galaxy’s arms are very rich in clouds of interstellar dust, visible as dark patches and streaks silhouetted against the starlight.",https://science.nasa.gov/asset/hubble/dusty-spiral-galaxy-ngc-4414/,1995
,5,5,april-24-2006-tucana-dwarf.jpg,Tucana Dwarf,"Tucana Dwarf is a dwarf spheroidal galaxy, much smaller and less luminous than most other dwarf galaxies. Dust is sparse and the stellar population skews towards the older range, giving them a dimmer look.",https://science.nasa.gov/missions/hubble/hubble-reaches-a-lonely-light-in-the-dark/,2006
4/25/2019 0:00:00,5,1,april-25-2006-jupiter-2-red-spots.jpg,Two Red Spots on Jupiter,"This image captures a second ""red spot"" (lower left) that emerged alongside the bigger and more famous Great Red Spot (right) on Jupiter. The new storm is roughly one-half the size of the Great Red Spot.",https://science.nasa.gov/asset/hubble/jupiters-new-red-spot-hst-acshrc-april-25-2006/,2006
,5,2,april-25-2010-omega-centauri.jpg,Omega Centauri,Omega Centauri consists of roughly 10 million stars that are gravitationally bound. The cluster is about 10 times as massive as other big globular clusters – almost as massive as a small galaxy.,https://science.nasa.gov/asset/hubble/omega-centauri-2/,2010
,5,3,april-25-2011-hh110.jpg,Herbig-Haro 110,"Herbig-Haro 110 is a mystery – a stellar jet with no star found. Herbig-Haro objects are twin jets of heated gas, ejected in opposite directions away from a forming star. This one may result from a dark, dense cloud interrupting and diverting a different jet.",https://science.nasa.gov/asset/hubble/nasas-hubble-views-a-cosmic-skyrocket/,2011
,5,4,april-25-2006-tucana-dwarf.jpg,Tucana Dwarf,"Tucana Dwarf is a dwarf spheroidal galaxy, much smaller and less luminous than most other dwarf galaxies. Dust is sparse and the stellar population skews towards the older range, giving them a dimmer look.",https://science.nasa.gov/missions/hubble/hubble-reaches-a-lonely-light-in-the-dark/,2006
,5,5,april-25-2020-ngc-5068.jpg,Spiral Galaxy NGC 5068,NGC 5068 is a barred spiral galaxy. At the top center of this image lies NGC 5068’s bright central bar of mature stars. The bright pinkish-red splotches are regions of ionized hydrogen gas where young star clusters lie.,https://science.nasa.gov/missions/hubble/hubbles-multi-wavelength-view-of-recently-released-webb-image/,2020
4/26/2019 0:00:00,5,1,april-26-2019-galactic-center.jpg,Galactic Center,This infrared image of the center of our Milky Way galaxy reveals a population of massive stars and complex structures in the hot ionized gas that swirls around the galactic core.,https://science.nasa.gov/asset/hubble/hubble-nicmos-mosaic-of-the-galactic-center/,2008
,5,2,april-26-2006-tucana-dwarf.jpg,Tucana Dwarf,"Tucana Dwarf is a dwarf spheroidal galaxy, much smaller and less luminous than most other dwarf galaxies. Dust is sparse and the stellar population skews towards the older range, giving them a dimmer look.",https://science.nasa.gov/missions/hubble/hubble-reaches-a-lonely-light-in-the-dark/,2006
,5,3,april-26-2018-ngc-2419.jpg,Globular Cluster NGC 2419,"Globular star clusters like NGC 2419 are both beautiful and fascinating. These spherical groups of stars orbit the center of a galaxy. The stars populating globular clusters are very similar because they formed at roughly the same time, from the same collapsing cloud of gas.",https://science.nasa.gov/missions/hubble/hubble-spies-a-multi-generational-cluster/,2018
,5,4,april-26-2005-orion-nebula.jpg,Orion Nebula,The Orion Nebula is the nearest star-forming region to Earth. Massive young stars are shaping the nebula with their winds and radiation. Pillars of dense gas may be the homes of budding stars. The bright central region is the home of the four heftiest stars in the nebula.,https://science.nasa.gov/asset/hubble/hubbles-sharpest-view-of-the-orion-nebula/,2005
,5,5,april-26-2016-abell-s1063.jpg,Galaxy Cluster Abell S1063,The immense galaxy cluster Abell S1063 is surrounded by magnified images of galaxies much farther away. The huge mass of the cluster distorts and magnifies the light from galaxies that lie far behind it due to an effect called gravitational lensing.,https://science.nasa.gov/asset/hubble/nasas-hubble-looks-to-the-final-frontier/,2016
4/27/2019 0:00:00,5,1,april-27-1999-lmc-n49.jpg,Supernova Remnant N 49,N 49 is a supernova remnant in a neighboring galaxy called the Large Magellanic Cloud. The delicate filaments are sheets of debris from a stellar explosion whose light would have reached Earth thousands of years ago.,https://science.nasa.gov/asset/hubble/celestial-fireworks-sheets-of-debris-from-a-stellar-explosion-n-49-dem-l-190/,1999
,5,2,april-27-2012-omega-centauri.jpg,Omega Centauri,Omega Centauri consists of roughly 10 million stars that are gravitationally bound. The cluster is about 10 times as massive as other big globular clusters – almost as massive as a small galaxy.,https://science.nasa.gov/asset/hubble/omega-centauri-2/,2012
,5,3,april-27-2013-wolf-rayet-star-nast1.jpg,NaSt1 Wolf-Rayet Star,"A pancake-shaped disk of gas surrounds an extremely bright star nicknamed ""Nasty 1,"" derived from its catalog name of NaSt1. Nasty 1 is thought to be a Wolf-Rayet star, a massive, rapidly evolving star well over 10 times the mass of our Sun.",https://science.nasa.gov/asset/hubble/hubble-spies-vast-gas-disk-around-unique-massive-star/,2013
,5,4,april-27-2015-makemake-moon.jpg,Makemake and its Moon,"This image reveals the first moon discovered around dwarf planet Makemake. The tiny moon, located just above Makemake in this image, is almost lost in the glare of the bright dwarf planet.",https://science.nasa.gov/asset/hubble/makemake-and-its-moon/,2015
,5,5,april-27-2021-ngc-5068.jpg,Spiral Galaxy NGC 5068,NGC 5068 is a barred spiral galaxy. At the top center of this image lies NGC 5068’s bright central bar of mature stars. The bright pinkish-red splotches are regions of ionized hydrogen gas where young star clusters lie.,https://science.nasa.gov/missions/hubble/hubbles-multi-wavelength-view-of-recently-released-webb-image/,2021
4/28/2019 0:00:00,5,1,april-28-2004-SDSS-J1004-4112.jpg,Galaxy Cluster SDSS J1004+4112,"This picture captures a galaxy cluster called SDSS J1004+4112 that's so massive that its gravity bends and magnifies light from galaxies behind it. The light of a distant quasar (the brilliant core of an active galaxy) has been bent around the cluster, appearing in five places in this image.",https://science.nasa.gov/asset/hubble/hubble-captures-a-five-star-rated-gravitational-lens/,2004
,5,2,april-28-2017-ngc4993.jpg,Elliptical Galaxy NGC 4993,"In this galaxy, called NGC 4993, two neutron stars collided, creating gravitational waves discovered in 2017. The event produced a flash of light, called a kilonova, which appears to the upper left of center.",https://science.nasa.gov/missions/hubble/nasa-missions-catch-first-light-from-a-gravitational-wave-event/,2017
,5,3,april-28-1996-c55-saturn-nebula.jpg,Saturn Nebula,"The planetary nebula Caldwell 55, also called the Saturn Nebula and NGC 7009, formed when the dying star at the nebula’s heart cast off its outer layers. The resulting gaseous shells make it resemble a piece of wrapped cosmic candy.",https://science.nasa.gov/mission/hubble/science/explore-the-night-sky/hubble-caldwell-catalog/caldwell-55/,1996
,5,4,april-28-2002-arp-116.jpg,Galaxy Pair Arp 116,"The giant elliptical galaxy Messier 60 and a much smaller spiral galaxy, NGC 4647, make up the galaxy pair Arp 116. It’s unclear whether these two galaxies are interacting gravitationally – they may just overlap from our viewpoint on Earth. NGC 4647 is about the size of our Milky Way, while M60 has the mass of about a trillion times that of the Sun.",https://science.nasa.gov/asset/hubble/odd-galaxy-couple-on-space-voyage/,2002
,5,5,april-28-2010-omega-centauri.jpg,Omega Centauri,Omega Centauri consists of roughly 10 million stars that are gravitationally bound. The cluster is about 10 times as massive as other big globular clusters – almost as massive as a small galaxy.,https://science.nasa.gov/asset/hubble/omega-centauri-2/,2010
4/29/2019 0:00:00,5,1,april-29-1998-nebula-n180b.jpg,Nebula N 180B,"N 180B is an active region of star formation in the Large Magellanic Cloud, a dwarf galaxy orbiting our Milky Way. This particular region contains some of the brightest known star clusters.",https://science.nasa.gov/asset/hubble/n-180b-in-the-large-magellanic-cloud/,1998
,5,2,april-29-2010-omega-centauri.jpg,Omega Centauri,Omega Centauri consists of roughly 10 million stars that are gravitationally bound. The cluster is about 10 times as massive as other big globular clusters – almost as massive as a small galaxy.,https://science.nasa.gov/asset/hubble/omega-centauri-2/,2010
,5,3,april-29-2014-stein-2051b.jpg,White Dwarf Stein 2051 B,"The white dwarf star Stein 2051 B and the smaller star below it appear to be close neighbors, but actually reside far away from each other. Stein 2051 B is 17 light-years from Earth; the other star is about 5,000 light-years away.",https://science.nasa.gov/asset/hubble/white-dwarf-star-stein-2051-b/,2014
,5,4,april-29-2015-ngc-3972.jpg,Spiral Galaxy NGC 3972,"In galaxy NGC 3972, astronomers examine pulsating stars called Cepheid variables, which blink at a rate matched closely by their intrinsic brightness, making them ideal for measuring accurate distances to relatively nearby galaxies.",https://science.nasa.gov/asset/hubble/ngc-3972-and-ngc-1015/,2015
,5,5,april-29-2015-makemake-moon.jpg,Makemake and its Moon,"This image reveals the first moon discovered around the dwarf planet Makemake. The tiny moon, located just above Makemake in this image, is almost lost in the glare of the bright dwarf planet.",https://science.nasa.gov/asset/hubble/makemake-and-its-moon/,2015
4/30/2019 0:00:00,5,1,april-30-2002-v838mon.jpg,Star V838 Monocerotis,"In 2002, a dim star suddenly became 600,000 times more luminous than our Sun, temporarily making it the brightest star in our Milky Way galaxy. This image of V838 Monocerotis captures its ""light echo.""",https://science.nasa.gov/missions/hubble/hubble-watches-light-from-mysterious-erupting-star-reverberate-through-space/,2002
,5,2,april-30-2013-comet-ison.jpg,Comet ISON,"The Sun-approaching Comet ISON floats against a backdrop of numerous galaxies and a handful of foreground stars. The icy visitor, with its long tail, appears to be swimming through a deep pond of celestial wonders.",https://science.nasa.gov/asset/hubble/comet-ison-2/,2013
,5,3,april-30-2020-ngc-5068.jpg,Spiral Galaxy NGC 5068,NGC 5068 is a barred spiral galaxy. At the top center of this image lies NGC 5068’s bright central bar of mature stars. The bright pinkish-red splotches are regions of ionized hydrogen gas where young star clusters lie.,https://science.nasa.gov/missions/hubble/hubbles-multi-wavelength-view-of-recently-released-webb-image/,2020
,5,4,april-30-2005-neptune.jpg,Neptune,"This image of the distant planet Neptune shows a dynamic atmosphere and captures the fleeting orbits of its moons. Neptune is the most distant giant planet in our solar system, orbiting the Sun every 165 years.",https://science.nasa.gov/asset/hubble/neptunes-dynamic-atmosphere/,2005
,5,5,april-30-1999-messier-22.jpg,Globular Cluster Messier 22,"M22 is one of about 150 globular star clusters in the Milky Way. Located just 10,000 light-years away in the constellation Sagittarius, it is one of the closest globular clusters to Earth.",https://science.nasa.gov/asset/hubble/globular-cluster-m22-inset-shows-entire-cluster/,1999
5/1/2019 0:00:00,5,1,may-1-2000-ngc-3982.jpg,Spiral Galaxy NGC 3982,"This image captures the face-on spiral galaxy NGC 3982. Its arms are lined with pink star-forming regions of glowing hydrogen, blue newborn star clusters, and dark dust lanes that provide the raw material for future generations of stars.",https://science.nasa.gov/asset/hubble/face-on-spiral-galaxy-ngc-3982/,2000
,5,2,may-1-2003-ngc-3370.jpg,Spiral Galaxy NGC 3370,"The majestic dusty spiral galaxy, NGC 3370, shows intricate spiral arm structure spotted with hot areas of new star formation. In 1994, it hosted an exploding star called SN 1994ae, which briefly outshone the tens of billions of other stars in its galaxy.",https://science.nasa.gov/asset/hubble/spiral-galaxy-ngc-3370-home-to-supernova-seen-in-1994/,2003
,5,3,may-1-2004-ngc-6397.jpg,Globular Cluster NGC 6397,"This ancient stellar jewelry box, a globular cluster called NGC 6397, glitters with the light from hundreds of thousands of stars. The cluster is 13.4 billion years old, which means it was born shortly after the Big Bang.",https://science.nasa.gov/asset/hubble/ngc-6397/,2004
,5,4,may-1-1999-mars.jpg,Mars Near Opposition,"The orbits of the planets Earth and Mars provide a geometric line up that is out of this world. Every 26 months, Mars is opposite the Sun in our nighttime sky.",https://science.nasa.gov/asset/hubble/hubbles-visual-history-of-mars/,1999
,5,5,may-1-2023-ngc-5068.jpg,Spiral Galaxy NGC 5068,NGC 5068 is a barred spiral galaxy. At the top center of this image lies NGC 5068’s bright central bar of mature stars. The bright pinkish-red splotches are regions of ionized hydrogen gas where young star clusters lie.,https://science.nasa.gov/missions/hubble/hubbles-multi-wavelength-view-of-recently-released-webb-image/,2023
5/2/2019 0:00:00,5,1,may-2-2006-star-cluster-m15.jpg,Globular Cluster Messier 15,"This dense cluster of stars is known as Messier 15 (or M15) and is located about 35,000 light-years away. The fuzzy, blue area to the left of the cluster's core is a planetary nebula, a cloud of gas that has been cast off by a dying, medium-sized star.",https://science.nasa.gov/mission/hubble/science/explore-the-night-sky/hubble-messier-catalog/messier-15/,2006
,5,2,may-2-2010-ngc-5408.jpg,Irregular Galaxy NGC 5408,"Most galaxies possess a majestic spiral or elliptical structure. About a quarter of galaxies, though, defy such conventional aesthetics and instead sport a messy, indefinable shape. Known as irregular galaxies, this group includes NGC 5408.",https://science.nasa.gov/missions/hubble/hubble-spies-a-rebel/,2010
,5,3,may-2-2011-galaxy-cluster-macs-1206.jpg,Galaxy Cluster MACS 1206,Galaxy cluster MACS J1206.2-0847 is a cosmic lens; its immense gravity bends and magnifies the light of more-distant galaxies beyond it. The distorted shapes are distant galaxies whose light has been magnified.,https://science.nasa.gov/asset/hubble/galaxy-cluster-macs-1206/,2011
,5,4,may-2-2003-ngc-3314.jpg,Galaxy Pair NGC 3314,"The two overlapping galaxies that make up NGC 3314 look as if they are colliding, but they are actually separated by about 10 times the distance between our Milky Way and the neighboring Andromeda galaxy. The alignment gives a unique look at the silhouetted spiral arms in the closer face-on spiral, NGC 3314A.",https://science.nasa.gov/asset/hubble/chance-alignment-between-galaxies-mimics-a-cosmic-collision/,2003
,5,5,may-2-2021-ngc-6956.jpg,Spiral Galaxy NGC 6956,"Against an inky black backdrop, the blue swirls of spiral galaxy NGC 6956 stand out radiantly. NGC 6956 is a barred spiral galaxy, a common type of spiral galaxy with a bar-shaped structure of stars in its center.",https://science.nasa.gov/missions/hubble/hubble-captures-majestic-barred-spiral/,2021
5/3/2019 0:00:00,5,1,may-3-2006-galaxy-eso-239-2.jpg,Interacting Galaxy ESO 239-2,"ESO 239-2 is the result of a cosmic collision between galaxies that will eventually result in a larger ""elliptical"" galaxy. The intermediate stage captured here shows a galaxy with long tails of dust and gas that envelope the galaxy's core.",https://science.nasa.gov/asset/hubble/hubble-interacting-galaxy-eso-239-2/,2006
,5,2,may-3-2012-ugc-7342.jpg,Active Galaxy UGC 7342,"Extending from this active galaxy are bizarre, greenish knots of gas and dust glowing from the light of high-energy particles, blasted by powerful ultraviolet radiation from a supermassive black hole at the galaxy's center.",https://science.nasa.gov/asset/hubble/extended-gas-in-active-galaxies/,2012
,5,3,may-3-2003-ngc-3370.jpg,Spiral Galaxy NGC 3370,"The majestic dusty spiral galaxy, NGC 3370, shows intricate spiral arm structure spotted with hot areas of new star formation. In 1994, it hosted an exploding star called SN 1994ae, which briefly outshone the tens of billions of other stars in its galaxy.",https://science.nasa.gov/asset/hubble/spiral-galaxy-ngc-3370-home-to-supernova-seen-in-1994/,2003
,5,4,may-3-2010-47-tucanae.jpg,Globular Cluster 47 Tucanae,"The ancient globular cluster 47 Tucanae is a dense swarm of up to a million stars, and this view captures a close-up of thousands of them. The large, bright stars in the image are red giants near the end of their lives.",https://science.nasa.gov/asset/hubble/globular-cluster-47-tucanae-2/,2010
,5,5,may-3-2018-arp-303.jpg,Galaxy Pair Arp 303,"Two spiral galaxies, IC 563 (bottom right) and IC 564 (top left), collectively known as Arp 303, are very bright at infrared wavelengths and host many bright star-forming regions.",https://science.nasa.gov/missions/hubble/hubble-captures-pair-of-star-forming-spirals/,2018
5/4/2019 0:00:00,5,1,may-4-2002-cat-s-eye-nebula.jpg,Cat's Eye Nebula,"Produced by a dying star, the Cat's Eye Nebula is one of the most complex planetary nebulae known. This image reveals a pattern of concentric rings around the central star. Each ""ring"" is actually the edge of a spherical bubble of material ejected by the star.",https://science.nasa.gov/asset/hubble/the-cats-eye-nebula-dying-star-creates-fantasy-like-sculpture-of-gas-and-dust/,2002
,5,2,may-4-2013-47-tucanae.jpg,Globular Cluster 47 Tucanae,"This image of the heart of the giant globular star cluster 47 Tucanae reveals the glow of 200,000 stars. Young white dwarfs ― the burned-out relics of stars that have used up their nuclear fuel, cooled down, and lost most of their mass ― are beginning to migrate outward.",https://science.nasa.gov/asset/hubble/white-dwarfs-migrating-from-globular-cluster-47-tucanaes-core/,2013
,5,3,may-4-2023-ngc-5068.jpg,Spiral Galaxy NGC 5068,NGC 5068 is a barred spiral galaxy. At the top center of this image lies NGC 5068’s bright central bar of mature stars. The bright pinkish-red splotches are regions of ionized hydrogen gas where young star clusters lie.,https://science.nasa.gov/missions/hubble/hubbles-multi-wavelength-view-of-recently-released-webb-image/,2023
,5,4,may-4-1999-messier-22.jpg,Globular Cluster Messier 22,"M22 is one of about 150 globular star clusters in the Milky Way. Located just 10,000 light-years away in the constellation Sagittarius, it is one of the closest globular clusters to Earth.",https://science.nasa.gov/asset/hubble/globular-cluster-m22-inset-shows-entire-cluster/,1999
,5,5,may-4-2005-arp-105.jpg,Interacting Galaxies Arp 105,"Arp 105 is a dazzling ongoing merger between an elliptical galaxy (NGC 3561B) and a spiral galaxy (NGC 3561A) drawn together by gravity, characterized by a long, drawn out tidal tail of stars and gas.",https://science.nasa.gov/centers-and-facilities/goddard/hubble-jams-with-a-cosmic-guitar/,2005
5/5/2019 0:00:00,5,1,may-5-2019-galactic-center.jpg,Galactic Center,This infrared image of the center of our Milky Way galaxy reveals a population of massive stars and complex structures in the hot ionized gas that swirls around the galactic core.,https://science.nasa.gov/asset/hubble/hubble-nicmos-mosaic-of-the-galactic-center/,2008
,5,2,may-5-2005-ngc-2808.jpg,Globular Cluster NGC 2808,"This dense swarm of stars lies at the center of the globular star cluster NGC 2808. Of the about 150 known globular clusters in our Milky Way galaxy, NGC 2808 is one of the most massive, containing more than a million stars.",https://science.nasa.gov/asset/hubble/globular-cluster-with-multiple-stellar-populations/,2005
,5,3,may-5-2018-ngc-3583.jpg,Spiral Galaxy NGC 3583,"NGC 3583 is a barred spiral galaxy with two arms that twist out into the universe. This galaxy is located 98 million light-years away. Two supernovae were observed in this galaxy, one in 1975 and another in 2015.",https://science.nasa.gov/missions/hubble/hubble-views-a-galaxy-burning-bright/,2018
,5,4,may-5-2009-messier-30.jpg,Globular Cluster Messier 30,This image of globular cluster M30 captures a dense swarm of several hundred thousand stars bound together by gravity. M30 is about 90 light-years across and formed 13 billion years ago.,https://science.nasa.gov/mission/hubble/science/explore-the-night-sky/hubble-messier-catalog/messier-30/,2009
,5,5,may-5-2012-milky-way-bulge.jpg,Stars in the Galactic Core,"These colorful stars reside at the heart of our Milky Way galaxy, about 26,000 light-years from Earth. Aging red giant stars coexist with their more plentiful younger cousins, the smaller, white, Sun-like stars, in this crowded region of our galaxy's central hub.",https://science.nasa.gov/asset/hubble/milky-way-bulge/,2012
5/6/2019 0:00:00,5,1,may-6-2023-r-aquarii.jpg,R Aquarii,"The binary star system called R Aquarii undergoes violent eruptions that blast out huge filaments of glowing gas, weaving a spiral pattern among the stars.",https://science.nasa.gov/asset/hubble/r-aquarii-wfc3-image/,2023
,5,2,may-6-2002-arp-116.jpg,Galaxy Pair Arp 116,"The giant elliptical galaxy Messier 60 and a much smaller spiral galaxy, NGC 4647, make up the galaxy pair Arp 116. It’s unclear whether these two galaxies are interacting gravitationally – they may just overlap from our viewpoint on Earth. NGC 4647 is about the size of our Milky Way, while M60 has the mass of about a trillion times that of the Sun.",https://science.nasa.gov/asset/hubble/odd-galaxy-couple-on-space-voyage/,2002
,5,3,may-6-2021-freggs.jpg,FrEGGs,"This image shows knots of cold, dense interstellar gas where new stars are forming. These Free-floating Evaporating Gaseous Globules (frEGGs) are dark and rarely seen by telescopes. This image also features a giant O-type star and an even more massive supergiant B-type star to the right.",https://science.nasa.gov/missions/hubble/hubble-spots-dark-star-hatching-freggs/,2021
,5,4,may-6-2016-pismis-26.jpg,Globular Cluster Pismis 26,"This glittering gathering of stars is Pismis 26, a globular star cluster located about 23,000 light-years away. Many thousands of stars gleam brightly against the black backdrop of the image, with some brighter red and blue stars located along the outskirts of the cluster.",https://science.nasa.gov/missions/hubble/hubble-glimpses-a-glittering-gathering-of-stars/,2016
,5,5,may-6-2013-sdssj15313414.jpg,Galaxy Cluster SDSS J1531+3414,"This dense galaxy cluster, made up of mostly giant elliptical galaxies with a few spirals and irregular galaxies mixed in, has a powerful gravitational pull that warps and magnifies the image of background galaxies into blue streaks and arcs.",https://science.nasa.gov/asset/hubble/galaxy-cluster-sdss-j15313414-clean/,2013
5/7/2019 0:00:00,5,1,may-7-2000-ngc-3982.jpg,Spiral Galaxy NGC 3982,"This image captures the face-on spiral galaxy NGC 3982. Its arms are lined with pink star-forming regions of glowing hydrogen, blue newborn star clusters, and dark dust lanes that provide the raw material for future generations of stars.",https://science.nasa.gov/asset/hubble/face-on-spiral-galaxy-ngc-3982/,2000
,5,2,may-7-2003-ngc-3370.jpg,Spiral Galaxy NGC 3370,"The majestic dusty spiral galaxy, NGC 3370, shows intricate spiral arm structure spotted with hot areas of new star formation. In 1994, it hosted an exploding star called SN 1994ae, which briefly outshone the tens of billions of other stars in its galaxy.",https://science.nasa.gov/asset/hubble/spiral-galaxy-ngc-3370-home-to-supernova-seen-in-1994/,2003
,5,3,may-7-2017-messier-87.jpg,Elliptical Galaxy Messier 87,"This image of the giant galaxy M87 shows a 3,000-light-year-long jet of plasma blasting from the galaxy's 6.5-billion-solar-mass central black hole. The blowtorch-like jet seems to cause stars to erupt along its trajectory.",https://science.nasa.gov/asset/hubble/m87-4/,2017
,5,4,may-7-2023-r-aquarii.jpg,R Aquarii,"The binary star system called R Aquarii undergoes violent eruptions that blast out huge filaments of glowing gas, weaving a spiral pattern among the stars.",https://science.nasa.gov/asset/hubble/r-aquarii-wfc3-image/,2023
,5,5,may-7-2024-veil-nebula.jpg,Veil Nebula,"The Veil Nebula is the remnant of a star roughly 20 times as massive as our Sun that exploded about 10,000 years ago. If you could see the entire nebula without the aid of a telescope, it would be as wide as six full Moons placed side-by-side.",https://science.nasa.gov/missions/hubble/hubble-captures-new-view-of-colorful-veil/,2024
5/8/2019 0:00:00,5,1,may-8-2013-comet-ison.jpg,Comet ISON,"At the time Hubble took this image, comet ISON (C/2012 S1) was hurtling toward the Sun at a whopping 48,000 miles (77,000 km) per hour. The comet was 403 million miles (649 million km) from Earth, between the orbits of Mars and Jupiter.",https://science.nasa.gov/asset/hubble/comet-ison/,2013
,5,2,may-8-2009-messier-30.jpg,Globular Cluster Messier 30,This image of globular cluster M30 captures a dense swarm of several hundred thousand stars bound together by gravity. M30 is about 90 light-years across and formed 13 billion years ago.,https://science.nasa.gov/mission/hubble/science/explore-the-night-sky/hubble-messier-catalog/messier-30/,2009
,5,3,may-8-2015-ngc-3972.jpg,Spiral Galaxy NGC 3972,"In galaxy NGC 3972, astronomers examine pulsating stars called Cepheid variables, which blink at a rate matched closely by their intrinsic brightness, making them ideal for measuring accurate distances to relatively nearby galaxies.",https://science.nasa.gov/asset/hubble/ngc-3972-and-ngc-1015/,2015
,5,4,may-8-2010-ngc-6441.jpg,Globular Cluster NGC 6441,Globular clusters like NGC 6441 are roughly spherical groupings of stars held together by gravity. This is one of the most massive and luminous globular clusters in our Milky Way Galaxy; it's estimated that its stars are about 1.6 million times the mass of our Sun.,https://science.nasa.gov/missions/hubble/hubble-catches-cosmic-snowflakes/,2010
,5,5,may-8-2020-ngc-4680.jpg,Spiral Galaxy NGC 4680,"NGC 4680 is actually a rather tricky galaxy to classify. It is sometimes referred to as a spiral galaxy, but it is also sometimes classified as a lenticular galaxy. Lenticular galaxies are ""lens-shaped"" and fall somewhere in between spiral galaxies and elliptical galaxies.",https://science.nasa.gov/missions/hubble/hubble-sees-a-spiral-in-good-company/,2020
5/9/2019 0:00:00,5,1,may-9-2008-red-spots-on-jupiter.jpg,Red Spots on Jupiter,"This image captures three red spots in Jupiter's atmosphere. The famous Great Red Spot appears on the right, while ""Red Spot Jr."" is to the lower left and an even smaller ""baby red spot"" appears at left.",https://science.nasa.gov/asset/hubble/new-red-spot-appears-on-jupiter/,2008
,5,2,may-9-1994-ngc-5252.jpg,Active Galaxy NGC 5252,"Extending from this active galaxy are bizarre, greenish knots of gas and dust glowing from the light of high-energy particles, blasted by powerful ultraviolet radiation from a supermassive black hole at the galaxy's center.",https://science.nasa.gov/asset/hubble/extended-gas-in-active-galaxies/,1994
,5,3,may-9-2012-macs-j172023536.jpg,Galaxy Cluster MACS J1720.2+3536,"The heart of a vast cluster of galaxies called MACS J1720+35 is shown in this image. The galaxy cluster is so massive that its gravity distorts, brightens, and magnifies light from more-distant objects behind it, an effect called gravitational lensing.",https://science.nasa.gov/asset/hubble/remote-supernova-magnified-by-massive-galaxy-cluster-macsj1720/,2012
,5,4,may-9-2003-ngc-3370.jpg,Spiral Galaxy NGC 3370,"The majestic dusty spiral galaxy, NGC 3370, shows intricate spiral arm structure spotted with hot areas of new star formation. In 1994, it hosted an exploding star called SN 1994ae, which briefly outshone the tens of billions of other stars in its galaxy.",https://science.nasa.gov/asset/hubble/spiral-galaxy-ngc-3370-home-to-supernova-seen-in-1994/,2003
,5,5,may-9-2023-omega-centauri.jpg,Omega Centauri,Omega Centauri consists of roughly 10 million stars that are gravitationally bound. The cluster is about 10 times as massive as other big globular clusters – almost as massive as a small galaxy.,https://science.nasa.gov/asset/hubble/omega-centauri-2/,2023
5/10/2019 0:00:00,5,1,may-10-2008-red-spots-on-jupiter.jpg,Red Spots on Jupiter,"This image captures three red spots in Jupiter's atmosphere. The famous Great Red Spot appears on the right, while ""Red Spot Jr."" is to the lower left and an even smaller ""baby red spot"" appears at left.",https://science.nasa.gov/asset/hubble/new-red-spot-appears-on-jupiter/,2008
,5,2,may-10-1999-messier-22.jpg,Globular Cluster Messier 22,"M22 is one of about 150 globular star clusters in the Milky Way. Located just 10,000 light-years away in the constellation Sagittarius, it is one of the closest globular clusters to Earth.",https://science.nasa.gov/asset/hubble/globular-cluster-m22-inset-shows-entire-cluster/,1999
,5,3,may-10-2002-ugc-8058.jpg,Interacting Galaxy UGC 8058,"The extraordinary galaxy UGC 8058, also known as Markarian 231, has long tidal tails and a disturbed shape. It shows clear signs of the presence of a powerful quasar in its center.",https://science.nasa.gov/asset/hubble/hubble-interacting-galaxy-ugc-8058/,2002
,5,4,may-10-2020-tucana-dwarf.jpg,Tucana Dwarf,"Tucana Dwarf is a dwarf spheroidal galaxy, much smaller and less luminous than most other dwarf galaxies. Dust is sparse and the stellar population skews towards the older range, giving them a dimmer look.",https://science.nasa.gov/missions/hubble/hubble-reaches-a-lonely-light-in-the-dark/,2020
,5,5,may-10-2002-ugc-8335.jpg,Interacting Galaxy UGC 8335,UGC 8335 is a strongly interacting pair of spiral galaxies. The interaction unites the galaxies via a bridge of material and has yanked two strongly curved tails of gas and stars from the outer parts of the galaxies.,https://science.nasa.gov/asset/hubble/hubble-interacting-galaxy-ugc-8335/,2002
5/11/2019 0:00:00,5,1,may-11-2002-cone-nebula.jpg,Cone Nebula,"This image shows the tip of the Cone Nebula, a star-forming region in the constellation Monoceros. This conical pillar stretches over seven light-years and is just a small portion of a much larger star-formation complex.",https://science.nasa.gov/asset/hubble/nicmos-peels-away-layers-of-dust-to-show-inner-region-of-dusty-nebula/,2002
,5,2,may-11-2010-milky-way-bulge.jpg,Stars in the Galactic Core,"These colorful stars reside at the heart of our Milky Way galaxy, about 26,000 light-years from Earth. Aging red giant stars coexist with their more plentiful younger cousins, the smaller, white, Sun-like stars, in this crowded region of our galaxy's central hub.",https://science.nasa.gov/asset/hubble/milky-way-bulge/,2010
,5,3,may-11-2011-tucana-dwarf.jpg,Tucana Dwarf,"Tucana Dwarf is a dwarf spheroidal galaxy, much smaller and less luminous than most other dwarf galaxies. Dust is sparse and the stellar population skews towards the older range, giving them a dimmer look.",https://science.nasa.gov/missions/hubble/hubble-reaches-a-lonely-light-in-the-dark/,2011
,5,4,may-11-2007-jupiter.jpg,Jupiter,"An image of Jupiter in visible light examines cloud activity, showing the turbulent pattern generated by the two plumes at the upper left part of Jupiter.",https://science.nasa.gov/asset/hubble/internal-heat-drives-jupiters-giant-storm-eruption/,2007
,5,5,may-11-1995-ngc-4414.jpg,Spiral Galaxy NGC 4414,"This Hubble image reveals the central regions of the dusty spiral galaxy NGC 4414. The galaxy’s arms are very rich in clouds of interstellar dust, visible as dark patches and streaks silhouetted against the starlight.",https://science.nasa.gov/asset/hubble/dusty-spiral-galaxy-ngc-4414/,1995
5/12/2019 0:00:00,5,1,may-12-1999-star-forming-region-n11b.jpg,Star-Forming Region N11B,"This panoramic view captures an iridescent tapestry of star birth, filled with glowing gas, dark dust clouds, and young, hot stars. The star-forming region, cataloged as N11B, lies in a nearby galaxy, the Large Magellanic Cloud.",https://science.nasa.gov/asset/hubble/generations-of-star-formation-in-the-large-magellanic-cloud/,1999
,5,2,may-12-2000-ngc-3982.jpg,Spiral Galaxy NGC 3982,"This image captures the face-on spiral galaxy NGC 3982. Its arms are lined with pink star-forming regions of glowing hydrogen, blue newborn star clusters, and dark dust lanes that provide the raw material for future generations of stars.",https://science.nasa.gov/asset/hubble/face-on-spiral-galaxy-ngc-3982/,2000
,5,3,may-12-2006-messier-71.jpg,Globular Cluster Messier 71,"This is the center of the globular cluster M71, a great ball of ancient stars on the edge of our galaxy. This group of stars, known as the Angelfish Cluster, is one of the smallest of its kind.",https://science.nasa.gov/mission/hubble/science/explore-the-night-sky/hubble-messier-catalog/messier-71/,2006
,5,4,may-12-2016-mars-and-phobos.jpg,Mars and Phobos,"Mars's tiny moon Phobos appears star-like in this image. The little moon completes an orbit in just 7 hours and 39 minutes, which is faster than Mars rotates. Rising in the Martian west, it runs three laps around the Red Planet in the course of one Martian day.",https://science.nasa.gov/asset/hubble/nasas-hubble-sees-martian-moon-orbiting-the-red-planet/,2016
,5,5,may-12-2020-ngc-261.jpg,Emission Nebula NGC 261,"The ionized gas blazing from within this diffuse region marks NGC 261 as an emission nebula. It is home to numerous stars hot enough to irradiate surrounding hydrogen gas, causing the cloud to emit a pinkish-red glow.",https://science.nasa.gov/centers-and-facilities/goddard/hubble-traces-star-formation-in-a-nearby-nebula/,2020
5/13/2019 0:00:00,5,1,may-13-2002-interacting-galaxies-iras-19297-0406.jpg,Interacting Galaxies IRAS 19297-0406,"This image shows a tumultuous collision between four galaxies located 1 billion light-years from Earth. The tangled-up galaxies, called IRAS 19297-0406, are crammed together in the center of the picture.",https://science.nasa.gov/asset/hubble/tumultuous-collision-between-four-galaxies-iras-19297-0406/,2002
,5,2,may-13-2014-ie-0102.jpg,Supernova Remnant 1E 0102,"This portrait reveals the gaseous remains of an exploded massive star that erupted approximately 1,700 years ago. The stellar corpse is a supernova remnant named 1E 0102.2-7219, located in the Small Magellanic Cloud.",https://science.nasa.gov/asset/hubble/supernova-remnant-1e-0102/,2014
,5,3,may-13-2018-arp-283.jpg,Interacting Galaxies Arp 283,"In this pair of gravitationally interacting galaxies, known as Arp 283, the galaxy NGC 2799 (left) is seemingly being pulled into the center of the galaxy NGC 2798 (right).",https://science.nasa.gov/missions/hubble/hubble-views-a-galactic-waterfall/,2018
,5,4,may-13-2021-r-aquarii.jpg,R Aquarii,"The binary star system called R Aquarii undergoes violent eruptions that blast out huge filaments of glowing gas, weaving a spiral pattern among the stars.",https://science.nasa.gov/asset/hubble/r-aquarii-wfc3-image/,2021
,5,5,may-13-2023-messier-95.jpg,Spiral Galaxy Messier 95,"The barred spiral galaxy M95 contains around 40 billion stars. Its spiral arms host a flurry of star birth activity and sparkle with the light of countless young, blue stars. The arms themselves are very tightly wound around the galaxy’s core and are nearly circular.",https://science.nasa.gov/mission/hubble/science/explore-the-night-sky/hubble-messier-catalog/messier-95/,2023
5/14/2019 0:00:00,5,1,may-14-2014-galaxy-cluster-abell-2744.jpg,Galaxy Cluster Abell 2744,"Located 3.5 billion light-years away, Abell 2744 contains several hundred galaxies and might be a pile-up of at least four smaller galaxy clusters. Abell 2744's strong gravitational field acts as a lens, brightening and magnifying the light of nearly 3,000 distant background galaxies.",https://science.nasa.gov/asset/hubble/abell-2744-frontier-field/,2014
,5,2,may-14-2011-galactic-center.jpg,Galactic Center,"Peering deep into the heart of our Milky Way galaxy reveals a tapestry of more than half a million stars. Except for a few blue foreground stars, the rest are part of the Milky Way's nuclear star cluster, the most massive and densest star cluster in our galaxy.",https://science.nasa.gov/asset/hubble/milky-way-nuclear-star-cluster/,2011
,5,3,may-14-2007-asteroid-vesta.jpg,Asteroid Vesta,"Hubble's sharp vision saw features as small as about 37 miles (60 kilometers) across on the asteroid Vesta's surface, revealing differences in brightness and color later investigated by the Dawn mission.",https://science.nasa.gov/asset/hubble/hubble-images-of-asteroids-vesta-and-ceres/,2007
,5,4,may-14-2018-ngc-3583.jpg,Spiral Galaxy NGC 3583,"NGC 3583 is a barred spiral galaxy with two arms that twist out into the universe. This galaxy is located 98 million light-years away. Two supernovae were observed in this galaxy, one in 1975 and another in 2015.",https://science.nasa.gov/missions/hubble/hubble-views-a-galaxy-burning-bright/,2018
,5,5,may-14-2014-ie-0102.jpg,Supernova Remnant 1E 0102,"This portrait reveals the gaseous remains of an exploded massive star that erupted approximately 1,700 years ago. The stellar corpse is a supernova remnant named 1E 0102.2-7219, located in the Small Magellanic Cloud.",https://science.nasa.gov/asset/hubble/supernova-remnant-1e-0102/,2014
5/15/2019 0:00:00,5,1,may-15-2008-red-spots-on-jupiter.jpg,Red Spots on Jupiter,"This image captures three red spots in Jupiter's atmosphere. The famous Great Red Spot appears on the right, while ""Red Spot Jr."" is to the lower left and an even smaller ""baby red spot"" appears at left.",https://science.nasa.gov/asset/hubble/three-red-spots-mix-it-up-on-jupiter/,2008
,5,2,may-15-2003-ngc-3370.jpg,Spiral Galaxy NGC 3370,"The majestic dusty spiral galaxy, NGC 3370, shows intricate spiral arm structure spotted with hot areas of new star formation. In 1994, it hosted an exploding star called SN 1994ae, which briefly outshone the tens of billions of other stars in its galaxy.",https://science.nasa.gov/asset/hubble/spiral-galaxy-ngc-3370-home-to-supernova-seen-in-1994/,2003
,5,3,may-15-2016-neptune.jpg,Dark Spot on Neptune,"A dark vortex appears in the atmosphere of Neptune. Though similar features were seen in 1989 and 1994, this vortex is the first one observed on the planet in the 21st century.",https://science.nasa.gov/asset/hubble/dark-spot-on-neptune/,2016
,5,4,may-15-2015-molten-ring-galaxy.jpg,Molten Ring Galaxy,"The odd ring-like appearance of this galaxy is the result of gravitational lensing, which causes light shining from a faraway galaxy to be warped and magnified by the gravity of an object between its source and the observer.",https://science.nasa.gov/asset/hubble/molten-ring-galaxy/,2015
,5,5,may-15-1995-ngc-4414.jpg,Spiral Galaxy NGC 4414,"This Hubble image reveals the central regions of the dusty spiral galaxy NGC 4414. The galaxy’s arms are very rich in clouds of interstellar dust, visible as dark patches and streaks silhouetted against the starlight.",https://science.nasa.gov/asset/hubble/dusty-spiral-galaxy-ngc-4414/,1995
5/16/2019 0:00:00,5,1,may-16-2006-hickson-compact-group-90.jpg,Hickson Compact Group 90,"These three galaxies, called NGC 7173 (middle left), NGC 7174 (middle right) and NGC 7176 (lower right), are part of Hickson Compact Group 90, named after astronomer Paul Hickson, who cataloged small groups of galaxies like this one.",https://science.nasa.gov/asset/hubble/trio-of-galaxies-mix-it-up/,2006
,5,2,may-16-2016-neptune.jpg,Dark Spot on Neptune,"A dark vortex appears in the atmosphere of Neptune. Though similar features were seen in 1989 and 1994, this vortex is the first one observed on the planet in the 21st century.",https://science.nasa.gov/asset/hubble/dark-spot-on-neptune/,2016
,5,3,may-16-2003-sombrero-galaxy.jpg,Sombrero Galaxy,"The Sombrero galaxy's hallmark is a brilliant white core encircled by thick lanes of dust. As seen from Earth, the spiral galaxy is tilted nearly edge-on.",https://science.nasa.gov/asset/hubble/the-majestic-sombrero-galaxy-m104/,2003
,5,4,may-16-2015-ngc-3972.jpg,Spiral Galaxy NGC 3972,"In galaxy NGC 3972, astronomers examine pulsating stars called Cepheid variables, which blink at a rate matched closely by their intrinsic brightness, making them ideal for measuring accurate distances to relatively nearby galaxies.",https://science.nasa.gov/asset/hubble/ngc-3972-and-ngc-1015/,2015
,5,5,may-16-1999-messier-22.jpg,Globular Cluster Messier 22,"M22 is one of about 150 globular star clusters in the Milky Way. Located just 10,000 light-years away in the constellation Sagittarius, it is one of the closest globular clusters to Earth.",https://science.nasa.gov/asset/hubble/globular-cluster-m22-inset-shows-entire-cluster/,1999
5/17/2019 0:00:00,5,1,may-17-2002-galaxy-cluster-rdcs-1252-9-2927.jpg,Galaxy Cluster RDCS 1252.9-2927,"This image captures a massive cluster of galaxies called RDCS 1252.9-2927. This galaxy cluster existed when the universe was only 5 billion years old, or about 35 percent of its present age.",https://science.nasa.gov/asset/hubble/a-tale-of-two-record-breaking-galaxy-clusters/,2002
,5,2,may-17-2002-arp-116.jpg,Galaxy Pair Arp 116,"The giant elliptical galaxy Messier 60 and a much smaller spiral galaxy, NGC 4647, make up the galaxy pair Arp 116. It’s unclear whether these two galaxies are interacting gravitationally – they may just overlap from our viewpoint on Earth. NGC 4647 is about the size of our Milky Way, while M60 has the mass of about a trillion times that of the Sun.",https://science.nasa.gov/asset/hubble/odd-galaxy-couple-on-space-voyage/,2002
,5,3,may-17-2005-spiderweb-galaxy.jpg,Spiderweb Galaxy,"Smaller and lighter galaxies are in the process of merging into a large, massive galaxy in this Hubble image. Dozens of star-forming satellite galaxies appear as individual clumpy features that are being gravitationally drawn into a merger.",https://science.nasa.gov/asset/hubble/hubble-captures-galaxy-in-the-making/,2005
,5,4,may-17-2017-messier-87.jpg,Elliptical Galaxy Messier 87,"This image of the giant galaxy M87 shows a 3,000-light-year-long jet of plasma blasting from the galaxy's 6.5-billion-solar-mass central black hole. The jet seems to cause stars to erupt along its trajectory.",https://science.nasa.gov/asset/hubble/m87-4/,2017
,5,5,may-17-2005-arp-105.jpg,Interacting Galaxies Arp 105,"Arp 105 is a dazzling ongoing merger between an elliptical galaxy (NGC 3561B) and a spiral galaxy (NGC 3561A) drawn together by gravity, characterized by a long, drawn out tidal tail of stars and gas.",https://science.nasa.gov/centers-and-facilities/goddard/hubble-jams-with-a-cosmic-guitar/,2005
5/18/2019 0:00:00,5,1,may-18-1994-jupiter.jpg,Jupiter,"Hubble took this image of Jupiter when the giant planet was 420 million miles (676 million km) from Earth. The dark spot that appears on Jupiter is the shadow of the moon Io, which appears to the upper right of the shadow.",https://science.nasa.gov/asset/hubble/the-giant-planet-jupiter/,1994
,5,2,may-18-2012-mkn-1498.jpg,Active Galaxy Mkn 1498,"Extending from this active galaxy are bizarre, greenish knots of gas and dust glowing from the light of high-energy particles, blasted by powerful ultraviolet radiation from a supermassive black hole at the galaxy's center.",https://science.nasa.gov/asset/hubble/extended-gas-in-active-galaxies/,2012
,5,3,may-18-2014-abell-s1063.jpg,Galaxy Cluster Abell S1063,The immense galaxy cluster Abell S1063 is surrounded by magnified images of galaxies much farther away. The huge mass of the cluster distorts and magnifies the light from galaxies that lie far behind it due to an effect called gravitational lensing.,https://science.nasa.gov/asset/hubble/nasas-hubble-looks-to-the-final-frontier/,2014
,5,4,may-18-2024-ngc-4694.jpg,Peculiar Galaxy NGC 4694,"Most galaxies fall into one of two basic types, spiral and elliptical, but some galaxies require in-depth study to classify their type. Such is the case with NGC 4694, a galaxy located 54 million light-years from Earth.",https://science.nasa.gov/missions/hubble/hubble-observes-a-peculiar-galaxy-shape/,2024
,5,5,may-18-2025-barnards-galaxy.jpg,Barnard’s Galaxy,"NGC 6822 or Caldwell 57, also called Barnard’s Galaxy, lies more than 2 million light-years away, still within our corner of the cosmos. This image shows a field of stars in the galaxy’s outskirts. The long gap is an artifact of one of Hubble's old cameras.",https://science.nasa.gov/mission/hubble/science/explore-the-night-sky/hubble-caldwell-catalog/caldwell-57/,2025
5/19/2019 0:00:00,5,1,may-19-2016-jupiter-s-auroras.jpg,Jupiter's Auroras,Hubble used its ultraviolet vision to observe auroras around Jupiter's north pole. Auroras are formed when charged particles in the space around the planet are accelerated along the planet's magnetic field lines and interact with gases in the atmosphere.,https://science.nasa.gov/asset/hubble/auroras-on-jupiter/,2016
,5,2,may-19-2014-abell-2744.jpg,Galaxy Cluster Abell 2744,"Located 3.5 billion light-years away, Abell 2744 contains several hundred galaxies and might be a pile-up of at least four smaller galaxy clusters. Abell 2744's strong gravitational field acts as a lens, distorting and magnifying the light of nearly 3,000 distant background galaxies.",https://science.nasa.gov/asset/hubble/hubble-uncovers-one-of-the-smallest-and-farthest-galaxies-in-the-universe/,2014
,5,3,may-19-1999-messier-22.jpg,Globular Cluster Messier 22,"M22 is one of about 150 globular star clusters in the Milky Way. Located just 10,000 light-years away in the constellation Sagittarius, it is one of the closest globular clusters to Earth.",https://science.nasa.gov/asset/hubble/globular-cluster-m22-inset-shows-entire-cluster/,1999
,5,4,may-19-2022-vega-disk.jpg,Vega's Circumstellar Disk,"The summer star Vega is encircled by a nearly 100-billion-mile-diameter disk of debris, known as a circumstellar disk, that's far more smooth than those we see in many other young star systems.",https://science.nasa.gov/missions/hubble/nasas-hubble-webb-probe-surprisingly-smooth-disk-around-vega/,2022
,5,5,may-19-2002-arp-116.jpg,Galaxy Pair Arp 116,"The giant elliptical galaxy Messier 60 and a much smaller spiral galaxy, NGC 4647, make up the galaxy pair Arp 116. It’s unclear whether these two galaxies are interacting gravitationally – they may just overlap from our viewpoint on Earth. NGC 4647 is about the size of our Milky Way, while M60 has the mass of about a trillion times that of the Sun.",https://science.nasa.gov/asset/hubble/odd-galaxy-couple-on-space-voyage/,2002
5/20/2019 0:00:00,5,1,may-20-2014-galaxy-cluster-abell-2744.jpg,Galaxy Cluster Abell 2744,"Located 3.5 billion light-years away, Abell 2744 contains several hundred galaxies and might be a pile-up of at least four smaller galaxy clusters. Abell 2744's strong gravitational field acts as a lens, brightening and magnifying the light of nearly 3,000 distant background galaxies.",https://science.nasa.gov/asset/hubble/abell-2744-frontier-field/,2014
,5,2,may-20-2011-galactic-center.jpg,Galactic Center,"Peering deep into the heart of our Milky Way galaxy reveals a tapestry of more than half a million stars. Except for a few blue foreground stars, the rest are part of the Milky Way's nuclear star cluster, the most massive and densest star cluster in our galaxy.",https://science.nasa.gov/asset/hubble/milky-way-nuclear-star-cluster/,2011
,5,3,may-20-2013-quasar-3c-186.jpg,Runaway Quasar 3C 186,"This image reveals an unusual sight: a runaway quasar fleeing from its galaxy's central hub. A quasar is the visible, energetic signature of a black hole. Black holes cannot be observed directly, but they are the energy source at the heart of quasars.",https://science.nasa.gov/asset/hubble/hubble-catches-runaway-quasar/,2013
,5,4,may-20-2002-v838-monocerotis.jpg,Star V838 Monocerotis,"This image captures a light echo from the star V838 Monocerotis. After the star brightened temporarily, light from that eruption began propagating outward through a dusty cloud around the star. The light reflects or ""echoes"" off the dust and then travels to Earth.",https://science.nasa.gov/asset/hubble/light-echo-from-star-v838-monocerotis/,2002
,5,5,may-20-2010-milky-way-bulge.jpg,Stars in the Galactic Core,"These colorful stars reside at the heart of our Milky Way galaxy, about 26,000 light-years from Earth. Aging red giant stars coexist with their more plentiful younger cousins, the smaller, white, Sun-like stars, in this crowded region of our galaxy's central hub.",https://science.nasa.gov/asset/hubble/milky-way-bulge/,2010
5/21/2019 0:00:00,5,1,may-21-2000-nebula-ngc-1748.jpg,Nebula NGC 1748,"Extremely intense radiation from newly born, ultra-bright stars has blown a glowing, spherical bubble in the nebula NGC 1748. The average-looking star at the very center of the bubble is about 30 times more massive and almost 200,000 times brighter than our Sun.",https://science.nasa.gov/asset/hubble/massive-stars-sculpt-gas-of-nebula-n83b-ngc-1748/,2000
,5,2,may-21-2011-galactic-center.jpg,Galactic Center,"Peering deep into the heart of our Milky Way galaxy reveals a tapestry of more than half a million stars. Except for a few blue foreground stars, the rest are part of the Milky Way's nuclear star cluster, the most massive and densest star cluster in our galaxy.",https://science.nasa.gov/asset/hubble/milky-way-nuclear-star-cluster/,2011
,5,3,may-21-2014-abell-2744.jpg,Galaxy Cluster Abell 2744,"Located 3.5 billion light-years away, Abell 2744 contains several hundred galaxies and might be a pile-up of at least four smaller galaxy clusters. Abell 2744's strong gravitational field acts as a lens, distorting and magnifying the light of nearly 3,000 distant background galaxies.",https://science.nasa.gov/asset/hubble/hubble-uncovers-one-of-the-smallest-and-farthest-galaxies-in-the-universe/,2014
,5,4,may-21-2015-ngc-4848.jpg,Spiral Galaxy NGC 4848,"Not only do we see the inner section of the spiral arms of galaxy NGC 4848, containing hundreds of thousands of young, bright, blue stars, but Hubble has also captured the extremely faint, wispy tails of the outer spiral arms.",https://science.nasa.gov/missions/hubble/hubble-snaps-ghostly-galaxy/,2015
,5,5,may-21-2021-ngc-6956.jpg,Spiral Galaxy NGC 6956,"Against an inky black backdrop, the blue swirls of spiral galaxy NGC 6956 stand out radiantly. NGC 6956 is a barred spiral galaxy, a common type of spiral galaxy with a bar-shaped structure of stars in its center.",https://science.nasa.gov/missions/hubble/hubble-captures-majestic-barred-spiral/,2021
5/22/2019 0:00:00,5,1,may-22-2014-abell-2744.jpg,Galaxy Cluster Abell 2744,"Located 3.5 billion light-years away, Abell 2744 contains several hundred galaxies and might be a pile-up of at least four smaller galaxy clusters. Abell 2744's strong gravitational field acts as a lens, distorting and magnifying the light of nearly 3,000 distant background galaxies.",https://science.nasa.gov/asset/hubble/hubble-uncovers-one-of-the-smallest-and-farthest-galaxies-in-the-universe/,2014
,5,2,may-22-2000-ngc-3918.jpg,Planetary Nebula NGC 3918,"The planetary nebula NGC 3918’s distinctive eye-like shape, with a bright inner shell of gas and a more diffuse outer shell that extends far, looks as if it could be the result of two separate ejections of gas. But studies of the object suggest that they were formed at the same time.",https://science.nasa.gov/missions/hubble/a-piercing-celestial-eye-stares-back-at-hubble/,2000
,5,3,may-22-2003-ngc-3370.jpg,Spiral Galaxy NGC 3370,"The majestic dusty spiral galaxy, NGC 3370, shows intricate spiral arm structure spotted with hot areas of new star formation. In 1994, it hosted an exploding star called SN 1994ae, which briefly outshone the tens of billions of other stars in its galaxy.",https://science.nasa.gov/asset/hubble/spiral-galaxy-ngc-3370-home-to-supernova-seen-in-1994/,2003
,5,4,may-22-2012-milky-way-bulge.jpg,Stars in the Galactic Core,"These colorful stars reside at the heart of our Milky Way galaxy, about 26,000 light-years from Earth. Aging red giant stars coexist with their more plentiful younger cousins, the smaller, white, Sun-like stars, in this crowded region of our galaxy's central hub.",https://science.nasa.gov/asset/hubble/milky-way-bulge/,2012
,5,5,may-22-2024-ngc-5248.jpg,Spiral Galaxy NGC 5248,"Hubble captured reddish-pink clouds of star-forming regions in this spiral galaxy, called Caldwell 45 or NGC 5248. It's considered a ""grand design"" spiral, with prominent spiral arms that reach from near the core out through the disk.",https://science.nasa.gov/missions/hubble/hubble-spots-a-grand-spiral-of-starbursts/,2024
5/23/2019 0:00:00,5,1,may-23-2013-galaxy-cluster-abell-2744.jpg,Galaxy Cluster Abell 2744,"Located 3.5 billion light-years away, Abell 2744 contains several hundred galaxies and might be a pile-up of at least four smaller galaxy clusters. Abell 2744's strong gravitational field acts as a lens, distorting and magnifying the light of nearly 3,000 distant background galaxies.",https://science.nasa.gov/asset/hubble/abell-2744-frontier-field/,2013
,5,2,may-23-2023-messier-95.jpg,Spiral Galaxy Messier 95,"The barred spiral galaxy M95 contains around 40 billion stars. Its spiral arms host a flurry of star birth activity and sparkle with the light of countless young, blue stars. The arms themselves are very tightly wound around the galaxy’s core and are nearly circular.",https://science.nasa.gov/mission/hubble/science/explore-the-night-sky/hubble-messier-catalog/messier-95/,2023
,5,3,may-23-2006-arp-256.jpg,Interacting Galaxy Arp 256,This stunning system of two spiral galaxies is in an early stage of merging. The two galaxies have strongly disrupted shapes and an astonishing number of blue knots of star formation that look like exploding fireworks.,https://science.nasa.gov/asset/hubble/hubble-interacting-galaxy-arp-256/,2006
,5,4,may-23-2006-ngc346.jpg,Star Cluster NGC 346,"The dazzling young star cluster NGC 346 is home to more than 2,500 newborn stars. The cluster’s most massive stars, which are many times more massive than our Sun, blaze with an intense blue light in this image.",https://science.nasa.gov/asset/hubble/hubble-spots-stellar-sculptors-in-ngc-346/,2006
,5,5,may-23-2019-ngc-6951.jpg,Spiral Galaxy NGC 6951,"The intermediate spiral galaxy NGC 6951 intrigues scientists with its stellar history. It had its highest rates of star formation about 800 million years ago, then sat quietly for 300 million years before beginning to birth stars again.",https://science.nasa.gov/missions/hubble/stellar-sights-in-this-new-hubble-galaxy-snapshot/,2019
5/24/2019 0:00:00,5,1,may-24-2013-galaxy-cluster-abell-2744.jpg,Galaxy Cluster Abell 2744,"Located 3.5 billion light-years away, Abell 2744 contains several hundred galaxies and might be a pile-up of at least four smaller galaxy clusters. Abell 2744's strong gravitational field acts as a lens, brightening and magnifying the light of nearly 3,000 distant background galaxies.",https://science.nasa.gov/asset/hubble/abell-2744-frontier-field/,2013
,5,2,may-24-2015-tw-hydrae.jpg,Shadow on TW Hydrae’s Disk,This image reveals a shadow moving counterclockwise around a gas-and-dust disk encircling the young star TW Hydrae. The shadow may be caused by the gravitational effect of an unseen planet orbiting close to the star.,https://science.nasa.gov/asset/hubble/shadow-on-tw-hydraes-disk/,2015
,5,3,may-24-2021-ugc-8091.jpg,Irregular Galaxy UGC 8091,"The billion stars in dwarf galaxy UGC 8091 resemble a sparkling snow globe. It is considered an ""irregular galaxy"" because it does not have an orderly spiral or elliptical appearance.",https://science.nasa.gov/asset/hubble/dwarf-irregular-galaxy-ugc-8091/,2021
,5,4,may-24-1995-pn-hb-12.jpg,Planetary Nebula Hubble 12,The hourglass shape of this bipolar planetary nebula known as PN Hb 12 (a.k.a. Hubble 12) was formed as a Sun-like star approached the end of its life and puffed its outer layers into the surrounding space.,https://science.nasa.gov/asset/hubble/bipolar-planetary-nebula-pn-hb-12/,1998
,5,5,may-24-2004-messier-61.jpg,Spiral Galaxy Messier 61,M61 is known as a starburst galaxy – a type that experiences incredibly high rates of star formation. This galaxy has also been host to seven observed supernovae.,https://science.nasa.gov/mission/hubble/science/explore-the-night-sky/hubble-messier-catalog/messier-61/,2004
5/25/2019 0:00:00,5,1,may-25-2001-galaxy-ngc-4622.jpg,Spiral Galaxy NGC 4622,"This image shows the spiral galaxy NGC 4622. Its outer pair of winding arms is full of new stars, clumped together in blue clusters. Strangely, the galaxy appears to be rotating clockwise, the opposite direction to what astronomers expected.",https://science.nasa.gov/asset/hubble/spiral-galaxy-ngc-4622-spins-backwards/,2001
,5,2,may-25-2002-pn-hb-12.jpg,Planetary Nebula Hubble 12,The hourglass shape of this bipolar planetary nebula known as PN Hb 12 (a.k.a. Hubble 12) was formed as a Sun-like star approached the end of its life and puffed its outer layers into the surrounding space.,https://science.nasa.gov/asset/hubble/bipolar-planetary-nebula-pn-hb-12/,2002
,5,3,may-25-1999-messier-22.jpg,Globular Cluster Messier 22,"M22 is one of about 150 globular star clusters in the Milky Way. Located just 10,000 light-years away in the constellation Sagittarius, it is one of the closest globular clusters to Earth.",https://science.nasa.gov/asset/hubble/globular-cluster-m22-inset-shows-entire-cluster/,1999
,5,4,may-25-1996-ngc-2207-and-IC-2163.jpg,Interacting Galaxies NGC 2207 and IC 2163,"Trapped in their mutual orbit around each other, these two galaxies will continue to distort and disrupt each other until they merge billions of years from now.",https://science.nasa.gov/asset/hubble/a-grazing-encounter-between-two-spiral-galaxies-ngc-2207-and-ic2163/,1996
,5,5,may-25-2014-abell-2744.jpg,Galaxy Cluster Abell 2744,"Abell 2744 contains several hundred galaxies and might be a pile-up of at least four smaller galaxy clusters. Abell 2744's strong gravitational field acts as a lens, magnifying and distorting the light of nearly 3,000 distant background galaxies.",https://science.nasa.gov/asset/hubble/hubble-uncovers-one-of-the-smallest-and-farthest-galaxies-in-the-universe/,2014
5/26/2019 0:00:00,5,1,may-26-2003-galaxy-i-zwicky-18.jpg,Irregular Galaxy I Zwicky 18,"This image captures the irregular dwarf galaxy I Zwicky 18 and a companion galaxy to its upper right. The two galaxies are interacting, triggering star formation in I Zwicky 18.",https://science.nasa.gov/asset/hubble/i-zwicky-18-possibly-the-youngest-galaxy-ever-seen/,2003
,5,2,may-26-2014-abell-2744.jpg,Galaxy Cluster Abell 2744,"Abell 2744 contains several hundred galaxies and might be a pile-up of at least four smaller galaxy clusters. Abell 2744's strong gravitational field acts as a lens, distorting and magnifying the light of nearly 3,000 distant background galaxies.",https://science.nasa.gov/asset/hubble/hubble-uncovers-one-of-the-smallest-and-farthest-galaxies-in-the-universe/,2014
,5,3,may-26-1995-ngc-4414.jpg,Spiral Galaxy NGC 4414,"This Hubble image reveals the central regions of the dusty spiral galaxy NGC 4414. The galaxy’s arms are very rich in clouds of interstellar dust, visible as dark patches and streaks silhouetted against the starlight.",https://science.nasa.gov/asset/hubble/dusty-spiral-galaxy-ngc-4414/,1995
,5,4,may-26-2016-abell-s1063.jpg,Galaxy Cluster Abell S1063,The immense galaxy cluster Abell S1063 is surrounded by magnified images of galaxies much farther away. The huge mass of the cluster distorts and magnifies the light from galaxies that lie far behind it due to an effect called gravitational lensing.,https://science.nasa.gov/asset/hubble/nasas-hubble-looks-to-the-final-frontier/,2016
,5,5,may-26-2003-ngc-5033.jpg,Spiral Galaxy NGC 5033,"The spiral galaxy NGC 5033 has an energetic core called an active galactic nucleus, which is powered by a supermassive black hole. Due to its ongoing activity, the core of NGC 5033 shines brightly across the entire electromagnetic spectrum.",https://science.nasa.gov/missions/hubble/hubble-sets-sights-on-a-galaxy-with-a-bright-heart/,2003
5/27/2019 0:00:00,5,1,may-27-1998-galaxy-i-zwicky-18.jpg,Irregular Galaxy I Zwicky 18,"This image captures the irregular dwarf galaxy I Zwicky 18 and a companion galaxy to its upper right. The two galaxies are interacting, triggering star formation in I Zwicky 18.",https://science.nasa.gov/asset/hubble/i-zwicky-18-possibly-the-youngest-galaxy-ever-seen/,1998
,5,2,may-27-2006-ngc-6652.jpg,Globular Cluster NGC 6652,"The core of the globular star cluster NGC 6652 is suffused with the pale blue light of countless stars. Globular clusters are stable, tightly gravitationally bound clusters containing anywhere from tens of thousands to millions of stars.",https://science.nasa.gov/missions/hubble/hubble-glimpses-a-glitzy-galactic-cluster/,2006
,5,3,may-27-2015-ngc-3972.jpg,Spiral Galaxy NGC 3972,"In galaxy NGC 3972, astronomers examine pulsating stars called Cepheid variables, which blink at a rate matched closely by their intrinsic brightness, making them ideal for measuring accurate distances to relatively nearby galaxies.",https://science.nasa.gov/asset/hubble/ngc-3972-and-ngc-1015/,2015
,5,4,may-27-2017-messier-87.jpg,Elliptical Galaxy Messier 87,"This image of the giant galaxy M87 shows a 3,000-light-year-long jet of plasma blasting from the galaxy's 6.5-billion-solar-mass central black hole. The jet seems to cause stars to erupt along its trajectory.",https://science.nasa.gov/asset/hubble/m87-4/,2017
,5,5,may-27-2004-bsdl-2757.jpg,Open Cluster BSDL 2757,"Bright, blue-white stars of the open star cluster BSDL 2757 pierce through the rusty-red tones of gas and dust clouds in this image. Open clusters are collections of stars loosely bound by gravity.",https://science.nasa.gov/missions/hubble/hubble-views-a-cloud-filled-starry-scene/,2004
5/28/2019 0:00:00,5,1,may-28-1998-galaxy-i-zwicky-18.jpg,Irregular Galaxy I Zwicky 18,"This image captures the irregular dwarf galaxy I Zwicky 18 and a companion galaxy to its upper right. The two galaxies are interacting, triggering star formation in I Zwicky 18.",https://science.nasa.gov/asset/hubble/i-zwicky-18-possibly-the-youngest-galaxy-ever-seen/,1998
,5,2,may-28-1999-messier-22.jpg,Globular Cluster Messier 22,"M22 is one of about 150 globular star clusters in the Milky Way. Located just 10,000 light-years away in the constellation Sagittarius, it is one of the closest globular clusters to Earth.",https://science.nasa.gov/asset/hubble/globular-cluster-m22-inset-shows-entire-cluster/,1999
,5,3,may-28-2011-galaxy-cluster-macs-1206.jpg,Galaxy Cluster MACS 1206,Galaxy cluster MACS J1206.2-0847 is a cosmic lens; its immense gravity bends and magnifies the light of more-distant galaxies beyond it. The distorted shapes are distant galaxies whose light has been magnified.,https://science.nasa.gov/asset/hubble/galaxy-cluster-macs-1206/,2011
,5,4,may-28-2013-30-doradus-nebula-infrared.jpg,30 Doradus Nebula,"Glowing hydrogen clouds and dark filamentary dust structures are visible in this close-up infrared view of a star-birth region called the 30 Doradus Nebula. The giant stellar factory lies 170,000 light-years away inside the Large Magellanic Cloud.",https://science.nasa.gov/asset/hubble/30-doradus-nebula-visible-and-infrared-comparison/,2013
,5,5,may-28-2021-ic-4709.jpg,Spiral Galaxy IC 4709,"Spiral galaxy IC 4709, located around 240 million light-years away, has a faint halo and swirling disk filled with stars and dust bands. The compact region at its core holds an active galactic nucleus.",https://science.nasa.gov/missions/hubble/hubble-examines-a-busy-galactic-center/,2021
5/29/2026 0:00:00,5,1,may-29-2003-galaxy-i-zwicky-18.jpg,Irregular Galaxy I Zwicky 18,"This image captures the irregular dwarf galaxy I Zwicky 18 and a companion galaxy to its upper right. The two galaxies are interacting, triggering star formation in I Zwicky 18.",https://science.nasa.gov/asset/hubble/i-zwicky-18-possibly-the-youngest-galaxy-ever-seen/,2003
,5,2,may-29-2002-arp-116.jpg,Galaxy Pair Arp 116,"The giant elliptical galaxy Messier 60 and a much smaller spiral galaxy, NGC 4647, make up the galaxy pair Arp 116. It’s unclear whether these two galaxies are interacting gravitationally – they may just overlap from our viewpoint on Earth. NGC 4647 is about the size of our Milky Way, while M60 has the mass of about a trillion times that of the Sun.",https://science.nasa.gov/asset/hubble/odd-galaxy-couple-on-space-voyage/,2002
,5,3,may-29-2010-messier-106.jpg,Spiral Galaxy Messier 106,"A striking feature of M106 is its extra pair of arms. Most spiral galaxies only have one pair of arms, but M106 has an extra set, seen here as red wisps of gas. Unlike the other arms, these extra arms are made up of hot gas rather than stars.",https://science.nasa.gov/mission/hubble/science/explore-the-night-sky/hubble-messier-catalog/messier-106/,2010
,5,4,may-29-2012-ugc-12812.jpg,Interacting Galaxy UGC 12812,"UGC 12812, also known as Markarian 331, is a spiral galaxy with no obvious tidal tails. It is located in the lower part of this image. Two neighboring blue galaxies are seen at the top of the frame.",https://science.nasa.gov/asset/hubble/hubble-interacting-galaxy-ugc-12812/,2012
,5,5,may-29-2010-abell1689.jpg,Galaxy Cluster Abell 1689,"This image shows the center of Abell 1689, an immense cluster of galaxies located 2.2 billion light-years away. Astronomers used Hubble to map the distribution of dark matter in the galaxy cluster.",https://science.nasa.gov/asset/hubble/hubble-wide-field-image-of-galaxy-cluster-and-gravitational-lens-abell-1689/,2010
5/30/2019 0:00:00,5,1,may-30-1999-swan-nebula.jpg,Swan Nebula,"This image captures a small region within the Swan Nebula, a hotbed of star formation. The wave-like patterns of gas have been sculpted and illuminated by a torrent of ultraviolet radiation from young, massive stars, which lie outside the picture to the upper left.",https://science.nasa.gov/asset/hubble/a-perfect-storm-of-turbulent-gases-in-the-omegaswan-nebula-m17/,1999
,5,2,may-30-1999-messier-22.jpg,Globular Cluster Messier 22,"M22 is one of about 150 globular star clusters in the Milky Way. Located just 10,000 light-years away in the constellation Sagittarius, it is one of the closest globular clusters to Earth.",https://science.nasa.gov/asset/hubble/globular-cluster-m22-inset-shows-entire-cluster/,1999
,5,3,may-30-2010-messier-106.jpg,Spiral Galaxy Messier 106,"A striking feature of M106 is its extra pair of arms. Most spiral galaxies only have one pair of arms, but M106 has an extra set, seen here as red wisps of gas. Unlike the other arms, these extra arms are made up of hot gas rather than stars.",https://science.nasa.gov/mission/hubble/science/explore-the-night-sky/hubble-messier-catalog/messier-106/,2010
,5,4,may-30-2013-30-doradus-nebula-infrared.jpg,30 Doradus Nebula,"Glowing hydrogen clouds and dark filamentary dust structures are visible in this close-up infrared view of a star-birth region called the 30 Doradus Nebula. The giant stellar factory lies 170,000 light-years away inside the Large Magellanic Cloud.",https://science.nasa.gov/asset/hubble/30-doradus-nebula-visible-and-infrared-comparison/,2013
,5,5,may-30-2016-abell-s1063.jpg,Galaxy Cluster Abell S1063,The immense galaxy cluster Abell S1063 is surrounded by magnified images of galaxies much farther away. The huge mass of the cluster distorts and magnifies the light from galaxies that lie far behind it due to an effect called gravitational lensing.,https://science.nasa.gov/asset/hubble/nasas-hubble-looks-to-the-final-frontier/,2016
5/31/2019 0:00:00,5,1,may-31-2002-ngc-2768.jpg,Elliptical Galaxy NGC 2768,"NGC 2768 is an elliptical galaxy located 65 million light-years away in the constellation Ursa Major. The galaxy hosts a supermassive black hole, fueling jets of material in its active center.",https://science.nasa.gov/asset/hubble/host-galaxies-of-calcium-rich-supernovae/,2002
,5,2,may-31-1999-messier-30.jpg,Globular Cluster Messier 30,This image of globular cluster M30 captures a dense swarm of several hundred thousand stars bound together by gravity. M30 is about 90 light-years across and formed 13 billion years ago.,https://science.nasa.gov/mission/hubble/science/explore-the-night-sky/hubble-messier-catalog/messier-30/,1999
,5,3,may-31-2015-ngc-3972.jpg,Spiral Galaxy NGC 3972,"In galaxy NGC 3972, astronomers examine pulsating stars called Cepheid variables, which blink at a rate matched closely by their intrinsic brightness, making them ideal for measuring accurate distances to relatively nearby galaxies.",https://science.nasa.gov/asset/hubble/ngc-3972-and-ngc-1015/,2015
,5,4,may-31-2013-30-doradus-nebula-infrared.jpg,30 Doradus Nebula,"Glowing hydrogen clouds and dark filamentary dust structures are visible in this close-up infrared view of a star-birth region called the 30 Doradus Nebula. The giant stellar factory lies 170,000 light-years away inside the Large Magellanic Cloud.",https://science.nasa.gov/asset/hubble/30-doradus-nebula-visible-and-infrared-comparison/,2013
,5,5,may-31-2023-ngc-3783.jpg,Spiral Galaxy NGC 3783,"While the focus of this image is the bright barred spiral galaxy NGC 3783, which lies about 130 million light-years from Earth, the eye is equally drawn to the very bright object in the lower right part of this image. This is the star HD 101274.",https://science.nasa.gov/missions/hubble/hubble-captures-a-bright-galactic-and-stellar-duo/,2023
6/1/2019 0:00:00,5,1,june-1-2003-galaxy-i-zwicky-18.jpg,Irregular Galaxy I Zwicky 18,"This image captures the irregular dwarf galaxy I Zwicky 18 and a companion galaxy to its upper right. The two galaxies are interacting, triggering star formation in I Zwicky 18.",https://science.nasa.gov/asset/hubble/i-zwicky-18-possibly-the-youngest-galaxy-ever-seen/,2003
,5,2,june-1-2004-47-tucanae.jpg,Globular Cluster 47 Tucanae,"This image of the heart of the giant globular star cluster 47 Tucanae reveals the glow of 200,000 stars. Young white dwarfs ― the burned-out relics of stars that have used up their nuclear fuel, cooled down, and lost most of their mass ― are beginning to migrate outward.",https://science.nasa.gov/asset/hubble/white-dwarfs-migrating-from-globular-cluster-47-tucanaes-core/,2004
,5,3,june-1-2018-ngc-5643.jpg,Spiral Galaxy NGC 5643,"The glorious spiral galaxy NGC 5643 is a grand design spiral, which refers to the galaxy’s symmetrical form with two large, winding spiral arms that are clearly visible.",https://science.nasa.gov/missions/hubble/hubble-images-a-grand-spiral/,2018
,5,4,june-1-1999-messier-30.jpg,Globular Cluster Messier 30,This image of globular cluster M30 captures a dense swarm of several hundred thousand stars bound together by gravity. M30 is about 90 light-years across and formed 13 billion years ago.,https://science.nasa.gov/mission/hubble/science/explore-the-night-sky/hubble-messier-catalog/messier-30/,1999
,5,5,june-1-2013-30-doradus-nebula-infrared.jpg,30 Doradus Nebula,"Glowing hydrogen clouds and dark filamentary dust structures are visible in this close-up infrared view of a star-birth region called the 30 Doradus Nebula. The giant stellar factory lies 170,000 light-years away inside the Large Magellanic Cloud.",https://science.nasa.gov/asset/hubble/30-doradus-nebula-visible-and-infrared-comparison/,2013
6/2/2019 0:00:00,5,1,june-2-1999-messier-22.jpg,Globular Cluster Messier 22,"M22 is one of about 150 globular star clusters in the Milky Way. Located just 10,000 light-years away in the constellation Sagittarius, it is one of the closest globular clusters to Earth.",https://science.nasa.gov/asset/hubble/globular-cluster-m22-inset-shows-entire-cluster/,1999
,5,2,june-2-2002-arp-116.jpg,Galaxy Pair Arp 116,"The giant elliptical galaxy Messier 60 and a much smaller spiral galaxy, NGC 4647, make up the galaxy pair Arp 116. It’s unclear whether these two galaxies are interacting gravitationally – they may just overlap from our viewpoint on Earth. NGC 4647 is about the size of our Milky Way, while M60 has the mass of about a trillion times that of the Sun.",https://science.nasa.gov/asset/hubble/odd-galaxy-couple-on-space-voyage/,2002
,5,3,june-2-2013-30-doradus-nebula-infrared.jpg,30 Doradus Nebula,"Glowing hydrogen clouds and dark filamentary dust structures are visible in this close-up infrared view of a star-birth region called the 30 Doradus Nebula. The giant stellar factory lies 170,000 light-years away inside the Large Magellanic Cloud.",https://science.nasa.gov/asset/hubble/30-doradus-nebula-visible-and-infrared-comparison/,2013
,5,4,june-2-2019-ngc-1317.jpg,Spiral Galaxy NGC 1317,"The spiral galaxy NGC 1317 is located more than 50 million light-years from Earth. Visible in this galaxy image is a bright blue ring that hosts hot, young stars. NGC 1317 is one of a pair, but its rowdy larger neighbor, NGC 1316, lies outside the field of view.",https://science.nasa.gov/missions/hubble/hubble-pinpoints-young-stars-in-spiral-galaxy/,2019
,5,5,june-2-2019-ngc-5728.jpg,Spiral Galaxy NGC 5728,"NCG 5728 appears to be an elegant, luminous, barred spiral galaxy. What this image doesn’t show is that NGC 5728 is also a monumentally energetic type of galaxy powered by its active core, known as an active galactic nucleus.",https://science.nasa.gov/missions/hubble/hubble-views-a-galaxy-with-more-than-meets-the-eye/,2019
6/3/2019 0:00:00,5,1,june-3-2003-galaxy-i-zwicky-18.jpg,Irregular Galaxy I Zwicky 18,"This image captures the irregular dwarf galaxy I Zwicky 18 and a companion galaxy to its upper right. The two galaxies are interacting, triggering star formation in I Zwicky 18.",https://science.nasa.gov/asset/hubble/i-zwicky-18-possibly-the-youngest-galaxy-ever-seen/,2003
,5,2,june-3-2001-trifid-nebula.jpg,Trifid Nebula,"The Trifid Nebula is a stellar nursery criss-crossed by huge, dark lanes of dust. This close-up view of the center of the nebula, near the intersection of the dust bands, shows a group of recently formed, massive, bright stars.",https://science.nasa.gov/asset/hubble/the-heart-of-the-trifid-nebula-messier-20ngc-6514/,2001
,5,3,june-3-2011-macs-j2129-0741.jpg,Galaxy Cluster MACS J2129-0741,"This is a wide view of galaxy cluster MACS J2129-0741. The massive galaxy cluster magnifies, brightens, and distorts the images of remote background galaxies, including the far-distant, dead disk galaxy MACS2129-1.",https://science.nasa.gov/asset/hubble/galaxy-cluster-macs-j2129-0741-and-lensed-galaxy-macs2129-1/,2011
,5,4,june-3-2014-ugc-12591.jpg,Spiral Galaxy UGC 12591,"The remarkable galaxy UGC 12591 and its halo together are incredibly massive, and contain several hundred billion times the mass of our Sun, and four times the mass of our Milky Way Galaxy.",https://science.nasa.gov/missions/hubble/hubble-showcases-a-remarkable-galactic-hybrid/,2014
,5,5,june-3-2014-omega-centauri.jpg,Omega Centauri,Omega Centauri consists of roughly 10 million stars that are gravitationally bound. The cluster is about 10 times as massive as other big globular clusters – almost as massive as a small galaxy.,https://science.nasa.gov/asset/hubble/omega-centauri-2/,2014
6/4/2019 0:00:00,5,1,june-4-1994-3c-273.jpg,Quasar 3C 273,"The quasar 3C 273 resides at the heart of a galaxy nearly 2 billion light-years away. A quasar is a brilliant source of energy at the center of a distant galaxy, and is believed to flare up when gas, dust or other material falls onto a supermassive black hole at the galaxy's core.",https://science.nasa.gov/asset/hubble/hubble-probes-the-heart-of-a-nearby-quasar/,1994
,5,2,june-4-2011-cw-leonis.jpg,CW Leonis,"Looking like a spiderweb in space, CW Leonis is actually a red giant star. The orange-red ""cobwebs"" are dusty clouds of sooty carbon engulfing the dying star.",https://science.nasa.gov/asset/hubble/cw-leonis/,2011
,5,3,june-4-2011-macs-j2129-0741.jpg,Galaxy Cluster MACS J2129-0741,"This is a wide view of galaxy cluster MACS J2129-0741. The massive galaxy cluster magnifies, brightens, and distorts the images of remote background galaxies, including the far-distant, dead disk galaxy MACS2129-1.",https://science.nasa.gov/asset/hubble/galaxy-cluster-macs-j2129-0741-and-lensed-galaxy-macs2129-1/,2011
,5,4,june-4-2013-30-doradus-nebula-infrared.jpg,30 Doradus Nebula,"Glowing hydrogen clouds and dark filamentary dust structures are visible in this close-up infrared view of a star-birth region called the 30 Doradus Nebula. The giant stellar factory lies 170,000 light-years away inside the Large Magellanic Cloud.",https://science.nasa.gov/asset/hubble/30-doradus-nebula-visible-and-infrared-comparison/,2013
,5,5,june-4-2016-omega-centauri.jpg,Omega Centauri,Omega Centauri consists of roughly 10 million stars that are gravitationally bound. The cluster is about 10 times as massive as other big globular clusters – almost as massive as a small galaxy.,https://science.nasa.gov/asset/hubble/omega-centauri-2/,2016
6/5/2019 0:00:00,5,1,june-5-2007-jupiter.jpg,Jupiter,"Jupiter's turbulent clouds are always changing as they encounter atmospheric disturbances while sweeping around the planet at hundreds of miles per hour. This image includes a dark, serpent-shaped structure that is actually a small tear in the cloud deck.",https://science.nasa.gov/asset/hubble/hubble-catches-jupiter-changing-its-stripes/,2007
,5,2,june-5-2017-hockey-stick-galaxy.jpg,Hockey Stick Galaxy,"The galaxy known as NGC 4656 is nicknamed the Hockey Stick Galaxy because it is shaped like an elongated, warped stick. This unusual shape is thought to be due to an interaction between NGC 4656 and a couple of its nearby galaxy neighbors.",https://science.nasa.gov/missions/hubble/hubbles-hockey-stick-galaxy/,2017
,5,3,june-5-2008-galactic-center.jpg,Galactic Center,This infrared image of the center of our Milky Way galaxy reveals a population of massive stars and complex structures in the hot ionized gas that swirls around the galactic core.,https://science.nasa.gov/asset/hubble/hubble-nicmos-mosaic-of-the-galactic-center/,2008
,5,4,june-5-2003-sombrero-galaxy.jpg,Sombrero Galaxy,"The Sombrero galaxy's hallmark is a brilliant white core encircled by thick lanes of dust. As seen from Earth, the spiral galaxy is tilted nearly edge-on.",https://science.nasa.gov/asset/hubble/the-majestic-sombrero-galaxy-m104/,2003
,5,5,june-5-2011-macs-j2129-0741.jpg,Galaxy Cluster MACS J2129-0741,"This is a wider view of galaxy cluster MACS J2129-0741. The massive galaxy cluster magnifies, brightens, and distorts the images of background galaxies, including the far-distant galaxy MACS2129-1.",https://science.nasa.gov/asset/hubble/galaxy-cluster-macs-j2129-0741-and-lensed-galaxy-macs2129-1/,2011
6/6/2019 0:00:00,5,1,june-6-2003-galaxy-i-zwicky-18.jpg,Irregular Galaxy I Zwicky 18,"This image captures the irregular dwarf galaxy I Zwicky 18 and a companion galaxy to its upper right. The two galaxies are interacting, triggering star formation in I Zwicky 18.",https://science.nasa.gov/asset/hubble/i-zwicky-18-possibly-the-youngest-galaxy-ever-seen/,2003
,5,2,june-6-2010-messier-106.jpg,Spiral Galaxy Messier 106,"A striking feature of M106 is its extra pair of arms. Most spiral galaxies only have one pair of arms, but M106 has an extra set, seen here as red wisps of gas. Unlike the other arms, these extra arms are made up of hot gas rather than stars.",https://science.nasa.gov/mission/hubble/science/explore-the-night-sky/hubble-messier-catalog/messier-106/,2010
,5,3,june-6-1999-messier-22.jpg,Globular Cluster Messier 22,"M22 is one of about 150 globular star clusters in the Milky Way. Located just 10,000 light-years away in the constellation Sagittarius, it is one of the closest globular clusters to Earth.",https://science.nasa.gov/asset/hubble/globular-cluster-m22-inset-shows-entire-cluster/,1999
,5,4,june-6-2017-messier-87.jpg,Elliptical Galaxy Messier 87,"This image of the giant galaxy M87 shows a 3,000-light-year-long jet of plasma blasting from the galaxy's 6.5-billion-solar-mass central black hole. The jet seems to cause stars to erupt along its trajectory.",https://science.nasa.gov/asset/hubble/m87-4/,2017
,5,5,june-6-2013-30-doradus-nebula-infrared.jpg,30 Doradus Nebula,"Glowing hydrogen clouds and dark filamentary dust structures are visible in this close-up infrared view of a star-birth region called the 30 Doradus Nebula. The giant stellar factory lies 170,000 light-years away inside the Large Magellanic Cloud.",https://science.nasa.gov/asset/hubble/30-doradus-nebula-visible-and-infrared-comparison/,2013
6/7/2019 0:00:00,5,1,june-7-2010-jupiter.jpg,Jupiter,"Hubble took this image of Jupiter four days after a giant meteor burned up in the planet's cloud tops. Hubble found no sign of dark debris at the site, meaning the meteor did not plunge deep enough into the atmosphere to explode and leave behind any telltale marks.",https://science.nasa.gov/asset/hubble/mysterious-flash-on-jupiter-left-no-debris-cloud/,2010
,5,2,june-7-2004-ngc-3169.jpg,Spiral Galaxy NGC 3169,"The spiral galaxy NGC 3169 is seen from a sharply angled perspective, making it seem as if we're craning our necks to see over a barrier into the galaxy's bright center. This barrier is the thick dust embedded within the galaxy's spiral arms.",https://science.nasa.gov/missions/hubble/hubble-snaps-a-galactic-potpourri-of-particles/,2004
,5,3,june-7-2013-30-doradus-nebula-infrared.jpg,30 Doradus Nebula,"Glowing hydrogen clouds and dark filamentary dust structures are visible in this close-up infrared view of a star-birth region called the 30 Doradus Nebula. The giant stellar factory lies 170,000 light-years away inside the Large Magellanic Cloud.",https://science.nasa.gov/asset/hubble/30-doradus-nebula-visible-and-infrared-comparison/,2013
,5,4,june-7-2002-arp-116.jpg,Galaxy Pair Arp 116,"The giant elliptical galaxy Messier 60 and a much smaller spiral galaxy, NGC 4647, make up the galaxy pair Arp 116. It’s unclear whether these two galaxies are interacting gravitationally – they may just overlap from our viewpoint on Earth. NGC 4647 is about the size of our Milky Way, while M60 has the mass of about a trillion times that of the Sun.",https://science.nasa.gov/asset/hubble/odd-galaxy-couple-on-space-voyage/,2002
,5,5,june-7-2014-abell-2744.jpg,Galaxy Cluster Abell 2744,"Abell 2744 contains several hundred galaxies and might be a pile-up of at least four smaller galaxy clusters. Abell 2744's strong gravitational field acts as a lens, distorting and magnifying the light of nearly 3,000 distant background galaxies.",https://science.nasa.gov/asset/hubble/hubble-uncovers-one-of-the-smallest-and-farthest-galaxies-in-the-universe/,2014
6/8/2019 0:00:00,5,1,june-8-2003-sombrero-galaxy.jpg,Sombrero Galaxy,"The Sombrero galaxy's hallmark is a brilliant white core encircled by thick lanes of dust. As seen from Earth, the spiral galaxy is tilted nearly edge-on.",https://science.nasa.gov/asset/hubble/the-majestic-sombrero-galaxy-m104/,2003
,5,2,june-8-2011-ngc-4388.jpg,Spiral Galaxy NGC 4388,"The sideways spiral galaxy NGC 4388 appears to tilt at an extreme angle relative to our point of view, giving us a nearly edge-on prospect of the galaxy. NGC 4388 is a resident of the Virgo galaxy cluster, which contains more than a thousand members.",https://science.nasa.gov/missions/hubble/hubble-glimpses-galactic-gas-making-a-getaway/,2011
,5,3,june-8-2016-abell-2537.jpg,Galaxy Cluster Abell 2537,"Galaxy clusters such as Abell 2537 contain thousands of galaxies of all ages, shapes, and sizes, together totaling a mass thousands of times greater than that of our Milky Way Galaxy. These groupings of galaxies are the largest structures in the universe to be held together by their own gravity.",https://science.nasa.gov/missions/hubble/hubble-sees-galaxy-cluster-warping-space-and-time/,2016
,5,4,june-8-2019-ngc-7678.jpg,Spiral Galaxy NGC 7678,"NGC 7678 is a galaxy with one particularly prominent arm. With a diameter of around 115,000 light-years, this bright spiral galaxy is a similar size to our own Milky Way Galaxy.",https://science.nasa.gov/missions/hubble/hubble-spots-a-galaxy-with-a-peculiar-arm/,2019
,5,5,june-8-2025-ngc-1792.jpg,Spiral Galaxy NGC 1792,"This image features a stormy and highly active spiral galaxy named NGC 1792. Classified as a starburst galaxy, it is a powerhouse of star formation, with spiral arms rich in star-forming regions.",https://science.nasa.gov/missions/hubble/hubble-spots-a-storm-of-new-stars/,2025
6/9/2019 0:00:00,5,1,june-9-2001-ngc-6782.jpg,Spiral Galaxy NGC 6782,"This spiral galaxy, NGC 6782, exhibits tightly wound spiral arms and a spectacular, nearly circular bright ring surrounding its nucleus. The ring contains many recently formed hot stars.",https://science.nasa.gov/asset/hubble/galaxy-ngc-6782/,2001
,5,2,june-9-2014-abell-2744.jpg,Galaxy Cluster Abell 2744,"Abell 2744 contains several hundred galaxies and might be a pile-up of at least four smaller galaxy clusters. Abell 2744's strong gravitational field acts as a lens, distorting and magnifying the light of nearly 3,000 distant background galaxies.",https://science.nasa.gov/asset/hubble/hubble-uncovers-one-of-the-smallest-and-farthest-galaxies-in-the-universe/,2014
,5,3,june-9-1999-messier-22.jpg,Globular Cluster Messier 22,"M22 is one of about 150 globular star clusters in the Milky Way. Located just 10,000 light-years away in the constellation Sagittarius, it is one of the closest globular clusters to Earth.",https://science.nasa.gov/asset/hubble/globular-cluster-m22-inset-shows-entire-cluster/,1999
,5,4,june-9-2003-sombrero-galaxy.jpg,Sombrero Galaxy,"The Sombrero galaxy's hallmark is a brilliant white core encircled by thick lanes of dust. As seen from Earth, the spiral galaxy is tilted nearly edge-on.",https://science.nasa.gov/asset/hubble/the-majestic-sombrero-galaxy-m104/,2003
,5,5,june-9-2012-messier-80.jpg,Globular Cluster Messier 80,M80 is one of the densest of the approximately 150 known globular clusters in the Milky Way galaxy. The cluster contains hundreds of thousands of stars held together by their mutual gravitational attraction.,https://science.nasa.gov/mission/hubble/science/explore-the-night-sky/hubble-messier-catalog/messier-80/,2012
6/10/2019 0:00:00,5,1,june-10-2006-ngc-7674.jpg,Spiral Galaxy NGC 7674,NGC 7674 is a spiral galaxy tilted nearly face-on to Earth. Faint streamers below and to the left of the galaxy have been created by gravitational interactions with companion galaxies.,https://science.nasa.gov/asset/hubble/hubble-interacting-galaxy-ngc-7674/,2006
,5,2,june-10-2012-messier-80.jpg,Globular Cluster Messier 80,M80 is one of the densest of the approximately 150 known globular clusters in the Milky Way galaxy. The cluster contains hundreds of thousands of stars held together by their mutual gravitational attraction.,https://science.nasa.gov/mission/hubble/science/explore-the-night-sky/hubble-messier-catalog/messier-80/,2012
,5,3,june-10-2006-ugc-477.jpg,Diffuse Galaxy UGC 477,"UGC 477 is a low surface brightness (LSB) galaxy. LSB galaxies like UGC 477 are more diffusely distributed than galaxies such as our Milky Way. With surface brightnesses up to 250 times fainter than the night sky, these galaxies can be incredibly difficult to detect.",https://science.nasa.gov/missions/hubble/hubble-sees-galaxy-hiding-in-the-night-sky/,2006
,5,4,june-10-2013-30-doradus-nebula-infrared.jpg,30 Doradus Nebula,"Glowing hydrogen clouds and dark filamentary dust structures are visible in this close-up infrared view of a star-birth region called the 30 Doradus Nebula. The giant stellar factory lies 170,000 light-years away inside the Large Magellanic Cloud.",https://science.nasa.gov/asset/hubble/30-doradus-nebula-visible-and-infrared-comparison/,2013
,5,5,june-10-1995-ngc-4414.jpg,Spiral Galaxy NGC 4414,"This Hubble image reveals the central regions of the dusty spiral galaxy NGC 4414. The galaxy’s arms are rich in clouds of interstellar dust, visible as dark patches and streaks silhouetted against the starlight.",https://science.nasa.gov/asset/hubble/dusty-spiral-galaxy-ngc-4414/,1995
6/11/2019 0:00:00,5,1,june-11-1997-omega-centauri.jpg,Omega Centauri,"This view shows about 50,000 stars at the heart of Omega Centauri, a huge globular star cluster 17,000 light-years from Earth. Omega Centauri is the biggest and brightest globular cluster in the Milky Way, and one of the few that can be seen by the unaided eye.",https://science.nasa.gov/asset/hubble/peering-into-the-core-of-globular-cluster-omega-centauri/,1997
,5,2,june-11-2002-ngc-7469.jpg,Interacting Galaxy NGC 7469,"This pair of interacting galaxies includes the barred spiral galaxy NGC 7469, also called Arp 298 or Mrk 1514, and its smaller companion IC 5283. This system is located about 200 million light-years away in the constellation Pegasus.",https://science.nasa.gov/asset/hubble/hubble-interacting-galaxy-ngc-7469/,2002
,5,3,june-11-1999-messier-22.jpg,Globular Cluster Messier 22,"M22 is one of about 150 globular star clusters in the Milky Way. Located just 10,000 light-years away in the constellation Sagittarius, it is one of the closest globular clusters to Earth.",https://science.nasa.gov/asset/hubble/globular-cluster-m22-inset-shows-entire-cluster/,1999
,5,4,june-11-2017-messier-87.jpg,Elliptical Galaxy Messier 87,"This image of the giant galaxy M87 shows a 3,000-light-year-long jet of plasma blasting from the galaxy's 6.5-billion-solar-mass central black hole. The jet seems to cause stars to erupt along its trajectory.",https://science.nasa.gov/asset/hubble/m87-4/,2017
,5,5,june-11-2014-abell-2744.jpg,Galaxy Cluster Abell 2744,"Abell 2744 contains several hundred galaxies and might be a pile-up of at least four smaller galaxy clusters. Abell 2744's strong gravitational field acts as a lens, distorting and magnifying the light of nearly 3,000 distant background galaxies.",https://science.nasa.gov/asset/hubble/hubble-uncovers-one-of-the-smallest-and-farthest-galaxies-in-the-universe/,2014
6/12/2019 0:00:00,5,1,june-12-2002-abell-1689.jpg,Galaxy Cluster Abell 1689,"This image shows the center of Abell 1689, an immense cluster of galaxies located 2.2 billion light-years away. Astronomers used Hubble to map the distribution of dark matter in the galaxy cluster.",https://science.nasa.gov/missions/hubble/first-use-of-cosmic-lens-to-probe-dark-energy/,2002
,5,2,june-12-2010-47-tucanae.jpg,Globular Cluster 47 Tucanae,"The ancient globular cluster 47 Tucanae is a dense swarm of up to a million stars, and this view captures a close-up of thousands of them. The large, bright stars in the image are red giants near the end of their lives.",https://science.nasa.gov/asset/hubble/globular-cluster-47-tucanae-2/,2010
,5,3,june-12-2000-ngc-3509.jpg,Spiral Galaxy NGC 3509,"Like most spiral galaxies, NGC 3509 is actively creating new stars. The color red in this image represents near-infrared wavelengths of light and showcases star-forming regions along the galaxy’s spiral arms.",https://science.nasa.gov/missions/hubble/hubble-views-an-interacting-spiral/,2000
,5,4,june-12-2006-ngc-2298.jpg,Globular Cluster NGC 2298,"Globular clusters like NGC 2298, a sparkling collection of thousands of stars held together by mutual gravitational attraction, are typically home to older populations of stars.",https://science.nasa.gov/missions/hubble/stars-sparkle-in-new-hubble-image/,2006
,5,5,june-12-2015-ngc-3972.jpg,Spiral Galaxy NGC 3972,"In galaxy NGC 3972, astronomers examine pulsating stars called Cepheid variables, which blink at a rate matched closely by their intrinsic brightness, making them ideal for measuring accurate distances to relatively nearby galaxies.",https://science.nasa.gov/asset/hubble/ngc-3972-and-ngc-1015/,2015
6/13/2019 0:00:00,5,1,june-13-2005-vy-canis-majoris.jpg,Star VY Canis Majoris,"The hypergiant star VY Canis Majoris is surrounded by clouds of gas that it has cast off in a long series of outbursts. These eruptions have formed loops, arcs, and knots of material moving at various speeds and in many different directions.",https://science.nasa.gov/asset/hubble/hubble-images-outbursts-from-massive-star/,2005
,5,2,june-13-2009-ngc-6217.jpg,Spiral Galaxy NGC 6217,"The barred spiral galaxy NGC 6217 has been characterized as a starburst galaxy, which means it is undergoing a high rate of star formation compared to a typical galaxy.",https://science.nasa.gov/asset/hubble/barred-spiral-galaxy-ngc-6217/,2009
,5,3,june-13-2012-teacup-galaxy.jpg,Teacup Galaxy,"Extending from this active galaxy are bizarre, greenish knots of gas and dust glowing from the light of high-energy particles, blasted by powerful ultraviolet radiation from a supermassive black hole at the galaxy's center.",https://science.nasa.gov/asset/hubble/extended-gas-in-active-galaxies/,2012
,5,4,june-13-2013-grb-130603b.jpg,Gamma-Ray Burst 130603B,"This image reveals a new type of stellar explosion produced from the merger of two compact objects. This created a short-duration gamma-ray burst, a mysterious flash of intense high-energy radiation.",https://science.nasa.gov/asset/hubble/gamma-ray-burst-130603b/,2013
,5,5,june-13-1995-crescent-nebula.jpg,Crescent Nebula,"Also called Caldwell 27 or NGC 6888, the Crescent Nebula holds a massive, incredibly hot star at its heart. This stellar demolition zone lies within our own galaxy, about 4,700 light-years from Earth.",https://science.nasa.gov/mission/hubble/science/explore-the-night-sky/hubble-caldwell-catalog/caldwell-27/,1995
6/14/2019 0:00:00,5,1,june-14-2002-abell-1689.jpg,Galaxy Cluster Abell 1689,"This image shows the inner region of Abell 1689, an immense cluster of galaxies located 2.2 billion light-years away. Astronomers used Hubble to map the distribution of dark matter in the galaxy cluster.",https://science.nasa.gov/missions/hubble/first-use-of-cosmic-lens-to-probe-dark-energy/,2002
,5,2,june-14-2003-sombrero-galaxy.jpg,Sombrero Galaxy,"The Sombrero galaxy's hallmark is a brilliant white core encircled by thick lanes of dust. As seen from Earth, the spiral galaxy is tilted nearly edge-on.",https://science.nasa.gov/asset/hubble/the-majestic-sombrero-galaxy-m104/,2003
,5,3,june-14-2012-ngc-5972.jpg,Active Galaxy NGC 5972,"Extending from this active galaxy are bizarre, greenish knots of gas and dust glowing from the light of high-energy particles, blasted by powerful ultraviolet radiation from a supermassive black hole at the galaxy's center.",https://science.nasa.gov/asset/hubble/extended-gas-in-active-galaxies/,2012
,5,4,june-14-2020-ngc-7764a.jpg,Interacting Galaxies NGC 7764A,"In this group of three galaxies, collectively known as NGC 7764A, the two galaxies in the upper right of the image appear to be interacting. It's unclear whether the galaxy to the lower left is interacting with the other two.",https://science.nasa.gov/missions/hubble/hubble-spots-a-starship-shaped-galactic-pair/,2020
,5,5,june-14-1996-ngc-4603.jpg,Spiral Galaxy NGC 4603,Spiral galaxy NGC 4603 is the most distant galaxy in which a special class of pulsating stars called Cepheid variables have been found. Cepheid variable stars can be used to determine the distance to galaxies.,https://science.nasa.gov/asset/hubble/distant-spiral-galaxy-ngc-4603-home-to-variable-stars/,1996
6/15/2019 0:00:00,5,1,june-15-1999-messier-22.jpg,Globular Cluster Messier 22,"M22 is one of about 150 globular star clusters in the Milky Way. Located just 10,000 light-years away in the constellation Sagittarius, it is one of the closest globular clusters to Earth.",https://science.nasa.gov/asset/hubble/globular-cluster-m22-inset-shows-entire-cluster/,1999
,5,2,june-15-2005-messier-74.jpg,Spiral Galaxy Messier 74,"M74, also called NGC 628, is a stunning example of a ""grand-design"" spiral galaxy that is viewed from Earth nearly face-on. Its perfectly symmetrical spiral arms emanate from the central nucleus and are dotted with clusters of young stars.",https://science.nasa.gov/asset/hubble/spiral-galaxy-m74/,2005
,5,3,june-15-2012-andromeda-nucleus.jpg,Andromeda's Double Nucleus,"Hubble zeroed in on the nucleus of spiral galaxy M31, or Andromeda, our closest neighboring galaxy. Andromeda’s ""double nucleus"" appearance is caused by an elliptical ring of old, reddish stars in orbit around the galaxy’s black hole.",https://science.nasa.gov/asset/hubble/hubble-zooms-in-on-double-nucleus-in-andromeda-galaxy/,2012
,5,4,june-15-2014-abell-2744.jpg,Galaxy Cluster Abell 2744,"Abell 2744 contains several hundred galaxies and might be a pile-up of at least four smaller galaxy clusters. Abell 2744's strong gravitational field acts as a lens, distorting and magnifying the light of nearly 3,000 distant background galaxies.",https://science.nasa.gov/asset/hubble/hubble-uncovers-one-of-the-smallest-and-farthest-galaxies-in-the-universe/,2014
,5,5,june-15-2025-ngc-7456.jpg,Spiral Galaxy NGC 7456,"This image reveals fine detail in the galaxy NGC 7456’s patchy spiral arms, followed by clumps of dark, obscuring dust. Blossoms of glowing pink are rich reservoirs of gas where new stars are forming.",https://science.nasa.gov/missions/hubble/hubble-spies-galaxy-with-lots-to-see/,2025
6/16/2019 0:00:00,5,1,june-16-2002-abell-1689.jpg,Galaxy Cluster Abell 1689,"This image shows the center of Abell 1689, an immense cluster of galaxies located 2.2 billion light-years away. Astronomers used Hubble to map the distribution of dark matter in the galaxy cluster.",https://science.nasa.gov/missions/hubble/first-use-of-cosmic-lens-to-probe-dark-energy/,2002
,5,2,june-16-2005-messier-74.jpg,Spiral Galaxy Messier 74,"M74, also called NGC 628, is a stunning example of a ""grand-design"" spiral galaxy that is viewed from Earth nearly face-on. Its perfectly symmetrical spiral arms emanate from the central nucleus and are dotted with clusters of young stars.",https://science.nasa.gov/asset/hubble/spiral-galaxy-m74/,2005
,5,3,june-16-2014-abell-2744.jpg,Galaxy Cluster Abell 2744,"Abell 2744 contains several hundred galaxies and might be a pile-up of at least four smaller galaxy clusters. Abell 2744's strong gravitational field acts as a lens, distorting and magnifying the light of nearly 3,000 distant background galaxies.",https://science.nasa.gov/asset/hubble/hubble-uncovers-one-of-the-smallest-and-farthest-galaxies-in-the-universe/,2014
,5,4,june-16-2020-omega-centauri.jpg,Omega Centauri,Omega Centauri consists of roughly 10 million stars that are gravitationally bound. The cluster is about 10 times as massive as other big globular clusters – almost as massive as a small galaxy.,https://science.nasa.gov/asset/hubble/omega-centauri-2/,2020
,5,5,june-16-2024-ngc-1546.jpg,Spiral Galaxy NGC 1546,NGC 1546 is a nearby galaxy in the constellation Dorado. Its orientation gives us a good view of its dust lanes from slightly above and backlit by the galaxy's core.,https://science.nasa.gov/asset/hubble/ngc-1546/,2024
6/17/2025 0:00:00,5,1,june-17-1999-stephans-quintet.jpg,Stephan's Quintet,"This close-up shows four of the five galaxies that make up Stephan's Quintet. The image reveals bright, blue clusters of stars, born from the violent interactions between some of the member galaxies.",https://science.nasa.gov/asset/hubble/star-clusters-born-among-the-interacting-galaxies-of-stephans-quintet/,1999
,5,2,june-17-2003-n11.jpg,Emission Nebula N11,"The sprawling filaments of emission nebula N11 weave stellar matter in and out of each other like sparkling candy floss. These cotton-spun clouds of gas are ionized by a host of young and massive stars, giving the complex a cherry-pink appearance.",https://science.nasa.gov/missions/hubble/hubble-spots-billowing-bubbles-of-stellar-floss/,2003
,5,3,june-17-2017-ngc-2008.jpg,Spiral Galaxy NGC 2008,"The spiral galaxy NGC 2008 sits center stage, with its ghostly spiral arms spreading out toward us. Spiral galaxies are common across the cosmos, comprising over 70% of all observed galaxies—including our own, the Milky Way.",https://science.nasa.gov/missions/hubble/hubble-embraces-spiral-with-open-arms/,2017
,5,4,june-17-2020-mrk-1337.jpg,Spiral Galaxy Markarian 1337,"Mrk 1337 is a weakly barred spiral galaxy, with its arms emerging from a central bar of gas and stars. Bars occur in roughly half of spiral galaxies, including our own galaxy, the Milky Way.",https://science.nasa.gov/missions/hubble/hubble-gazes-at-a-dazzling-spiral-galaxy/,2020
,5,5,june-17-2020-ngc-1385.jpg,Spiral Galaxy NGC 1385,"This jewel-bright image shows a luminous tangle of stars and dust called the barred spiral galaxy NGC 1385, located about 68 million light-years from Earth.",https://science.nasa.gov/missions/hubble/hubble-views-a-galaxy-in-a-a-furnace/,2020
6/18/2019 0:00:00,5,1,june-18-1996-hubble-v-nebula.jpg,Hubble-V Nebula,"Hubble-V is an active star-forming region within galaxy NGC 6822. The cloud is about 200 light-years across and contains a dense knot of dozens of ultra-hot stars, each 100,000 times brighter than our Sun.",https://science.nasa.gov/asset/hubble/a-giant-star-factory-in-neighboring-galaxy-ngc-6822/,1996
,5,2,june-18-2006-hd-61005.jpg,Circumstellar Disk HD 61005,This dust disk around a young star is about 22 billion miles (35 billion km) across. Its shape is produced by starlight scattering off dust.,https://science.nasa.gov/asset/hubble/hubble-catches-a-dusty-moth/,2006
,5,3,june-18-2002-trifid-nebula.jpg,Trifid Nebula,"The Trifid Nebula is a stellar nursery criss-crossed by huge, dark lanes of dust. This close-up view of the center of the nebula, near the intersection of the dust bands, shows a group of recently formed, massive, bright stars.",https://science.nasa.gov/asset/hubble/the-heart-of-the-trifid-nebula-messier-20ngc-6514/,2002
,5,4,june-18-1995-andromeda-core.jpg,Core of the Andromeda Galaxy,"This Hubble image looks at the heart of one of our closest galactic neighbors, the Andromeda Galaxy (M31). Astronomers believe the two bright objects are a ring of red stars and a disk of blue stars.",https://science.nasa.gov/asset/hubble/our-neighboring-galaxys-unusual-core/,1995
,5,5,june-18-2023-ngc-4753.jpg,Lenticular Galaxy NGC 4753,This is a nearly edge-on view of the lenticular galaxy NGC 4753. Lenticular galaxies have an elliptical shape and ill-defined spiral arms. NGC 4753’s distinct dust lanes around its center likely came from a previous merge with another galaxy.,https://science.nasa.gov/missions/hubble/hubble-views-cosmic-dust-lanes/,2023
6/19/2019 0:00:00,5,1,june-19-2019-am-2026-424.jpg,Interacting Galaxies AM 2026-424,"The colliding galaxies AM 2026-424 resemble a face. Each ""eye"" is the bright core of a galaxy, one of which slammed into another. The outline of the face is a ring of young blue stars. Other clumps of new stars form a nose and mouth.",https://science.nasa.gov/asset/hubble/am-2026-424/,2019
,5,2,june-19-2005-ngc-6397.jpg,Globular Cluster NGC 6397,"This ancient stellar jewelry box, a globular cluster called NGC 6397, glitters with the light from hundreds of thousands of stars. The cluster is 13.4 billion years old, which means it was born shortly after the Big Bang.",https://science.nasa.gov/asset/hubble/ngc-6397/,2005
,5,3,june-19-2013-47-tucanae.jpg,Globular Cluster 47 Tucanae,"This image of the heart of the giant globular star cluster 47 Tucanae reveals the glow of 200,000 stars. Young white dwarfs ― the burned-out relics of stars that have used up their nuclear fuel, cooled down, and lost most of their mass ― are beginning to migrate outward.",https://science.nasa.gov/asset/hubble/white-dwarfs-migrating-from-globular-cluster-47-tucanaes-core/,2013
,5,4,june-19-2002-arp-116.jpg,Galaxy Pair Arp 116,"The giant elliptical galaxy Messier 60 and a much smaller spiral galaxy, NGC 4647, make up the galaxy pair Arp 116. It’s unclear whether these two galaxies are interacting gravitationally – they may just overlap from our viewpoint on Earth. NGC 4647 is about the size of our Milky Way, while M60 has the mass of about a trillion times that of the Sun.",https://science.nasa.gov/asset/hubble/odd-galaxy-couple-on-space-voyage/,2002
,5,5,june-19-2017-omega-centauri.jpg,Omega Centauri,Omega Centauri consists of roughly 10 million stars that are gravitationally bound. The cluster is about 10 times as massive as other big globular clusters – almost as massive as a small galaxy.,https://science.nasa.gov/asset/hubble/omega-centauri-2/,2017
6/20/2019 0:00:00,5,1,june-20-2002-abell-1689.jpg,Galaxy Cluster Abell 1689,"This image shows the center of Abell 1689, an immense cluster of galaxies located 2.2 billion light-years away. Astronomers used Hubble to map the distribution of dark matter in the galaxy cluster.",https://science.nasa.gov/missions/hubble/first-use-of-cosmic-lens-to-probe-dark-energy/,2002
,5,2,june-20-1995-andromeda-core.jpg,Core of the Andromeda Galaxy,"This Hubble image looks at the heart of one of our closest galactic neighbors, the Andromeda Galaxy (M31). Astronomers believe the two bright objects are a ring of red stars and a disk of blue stars.",https://science.nasa.gov/asset/hubble/our-neighboring-galaxys-unusual-core/,1995
,5,3,june-20-2015-omega-centauri.jpg,Omega Centauri,Omega Centauri consists of roughly 10 million stars that are gravitationally bound. The cluster is about 10 times as massive as other big globular clusters – almost as massive as a small galaxy.,https://science.nasa.gov/asset/hubble/omega-centauri-2/,2015
,5,4,june-20-1996-ngc-4603.jpg,Spiral Galaxy NGC 4603,Spiral galaxy NGC 4603 is the most distant galaxy in which a special class of pulsating stars called Cepheid variables have been found. Cepheid variable stars can be used to determine the distance to galaxies.,https://science.nasa.gov/asset/hubble/distant-spiral-galaxy-ngc-4603-home-to-variable-stars/,1996
,5,5,june-20-2024-veil-nebula.jpg,Veil Nebula,"The Veil Nebula is the remnant of a star roughly 20 times as massive as our Sun that exploded about 10,000 years ago. If you could see the entire nebula without the aid of a telescope, it would be as wide as six full Moons placed side-by-side.",https://science.nasa.gov/missions/hubble/hubble-captures-new-view-of-colorful-veil/,2024
6/21/2019 0:00:00,5,1,june-21-2002-abell-1689.jpg,Galaxy Cluster Abell 1689,"This image shows the center of Abell 1689, an immense cluster of galaxies located 2.2 billion light-years away. Astronomers used Hubble to map the distribution of dark matter in the galaxy cluster.",https://science.nasa.gov/missions/hubble/first-use-of-cosmic-lens-to-probe-dark-energy/,2002
,5,2,june-21-2003-ngc-4660.jpg,Lenticular Galaxy NGC 4660,This lenticular galaxy holds galactic winds that were discovered as outflowing gas associated with star formation around its core.,https://science.nasa.gov/asset/hubble/hubble-acs-images-of-virgo-cluster-galaxies-ngc-4660-ngc-4458-ic-3506-and-vcc-1993/,2003
,5,3,june-21-2019-eso-185-ig013.jpg,Compact Galaxy ESO 185-IG013,"ESO 185-IG013 is a luminous blue compact galaxy, a nearby galaxy that shows an intense burst of star formation. They are unusually blue in visible light, which sets them apart from other high-starburst galaxies that emit more infrared light.",https://science.nasa.gov/missions/hubble/hubble-sees-a-merged-galaxy/,2019
,5,4,june-21-1996-ngc-4603.jpg,Spiral Galaxy NGC 4603,Spiral galaxy NGC 4603 is the most distant galaxy in which a special class of pulsating stars called Cepheid variables have been found. Cepheid variable stars can be used to determine the distance to galaxies.,https://science.nasa.gov/asset/hubble/distant-spiral-galaxy-ngc-4603-home-to-variable-stars/,1996
,5,5,june-21-2008-wr-124.jpg,Star WR 124 and Nebula M1-67,"The star Hen 2-427, more commonly known as WR 124, shines brightly at the center of the nebula M1-67 that surrounds it, forming a spectacular cosmic pairing.",https://science.nasa.gov/centers-and-facilities/goddard/a-hubble-cosmic-couple/,2008
6/22/2019 0:00:00,5,1,june-22-2012-arp-142.jpg,Interacting Galaxies Arp 142,"The interacting galaxy duo near the bottom of this image is Arp 142. The pair contains the disturbed, star-forming spiral galaxy NGC 2936 along with its elliptical companion NGC 2937 at lower left. Above them is an unrelated, bluish galaxy called UGC 5130.",https://science.nasa.gov/asset/hubble/colliding-galaxy-pair-arp-142/,2012
,5,2,june-22-2002-trifid-nebula.jpg,Trifid Nebula,"The Trifid Nebula is a stellar nursery criss-crossed by huge, dark lanes of dust. This close-up view of the center of the nebula, near the intersection of the dust bands, shows a group of recently formed, massive, bright stars.",https://science.nasa.gov/asset/hubble/the-heart-of-the-trifid-nebula-messier-20ngc-6514/,2002
,5,3,june-22-2014-abell-2744.jpg,Galaxy Cluster Abell 2744,"Abell 2744 contains several hundred galaxies and might be a pile-up of at least four smaller galaxy clusters. Abell 2744's strong gravitational field acts as a lens, distorting and magnifying the light of nearly 3,000 distant background galaxies.",https://science.nasa.gov/asset/hubble/hubble-uncovers-one-of-the-smallest-and-farthest-galaxies-in-the-universe/,2014
,5,4,june-22-2004-rxj1131-1231.jpg,Lensed Quasar RXJ1131-1231,The gravity from the central core of a massive galaxy magnifies and distorts the light from a quasar behind it. Quasars are extremely distant cosmic streetlights produced by active black holes.,https://science.nasa.gov/asset/hubble/mosaic-of-gravitationally-lensed-quasars/,2004
,5,5,june-22-2020-ngc-1052-df3.jpg,Diffuse Galaxy NGC 1052-DF2,"NGC 1052-DF2, or DF2, is an unusual ""see-through"" galaxy. The giant cosmic cotton ball is so diffuse and its ancient stars so spread out that distant galaxies in the background can be seen through it.",https://science.nasa.gov/asset/hubble/ngc1052-df2/,2020
6/23/2019 0:00:00,5,1,june-23-2004-groth-strip.jpg,Galaxies in the Groth Strip,"This field of galaxies is just a small part of a cosmic tapestry Hubble imaged as part of the All-wavelength Extended Groth Strip International Survey. In it are galaxies of all shapes, sizes, colors, and distances. Larger ones are nearby, while the smallest ones are far away.",https://science.nasa.gov/asset/hubble/a-panoramic-view-of-the-sky/,2004
,5,2,june-23-2008-abell-2597.jpg,Galaxy Abell 2597,This galaxy shows chains of star formation in ultraviolet light. This star formation is a product of the action of the jets from a central black hole that controls infalling gas from the galaxy's halo.,https://science.nasa.gov/missions/hubble/nasas-hubble-finds-evidence-of-galaxy-star-birth-regulated-by-black-hole-fountain/,2008
,5,3,june-23-1996-stingray-nebula.jpg,Stingray Nebula,"Hen-1357, named the ""Stingray Nebula"" because its shape resembles a stingray fish, is the youngest known planetary nebula, and is merely one-tenth the size of other planetary nebulae.",https://science.nasa.gov/missions/hubble/hubble-reveals-details-of-a-newly-born-planetary-nebula/,1996
,5,4,june-23-2020-ngc-1052-df3.jpg,Diffuse Galaxy NGC 1052-DF2,"NGC 1052-DF2, or DF2, is an unusual ""see-through"" galaxy. The giant cosmic cotton ball is so diffuse and its ancient stars so spread out that distant galaxies in the background can be seen through it.",https://science.nasa.gov/asset/hubble/ngc1052-df2/,2020
,5,5,june-23-2000-ngc-3081.jpg,Spiral Galaxy NGC 3081,"NGC 3081 is seen here nearly face-on. Compared to other spiral galaxies, it looks a little different. The galaxy's barred spiral center is surrounded by a bright loop known as a resonance ring. This ring is full of bright clusters and bursts of new star formation.",https://science.nasa.gov/missions/hubble/hubble-eyes-golden-rings-of-star-formation/,2000
6/24/2019 0:00:00,5,1,june-24-2002-supernova-2002dd.jpg,Supernova 2002dd,"This image captures a stellar explosion called a supernova in a small part of the sky known as the Hubble Deep Field. The supernova, designated SN 2002dd, appears as a red dot near the center of the image.",https://science.nasa.gov/asset/hubble/far-flung-supernova-sheds-light-on-dark-universe/,2002
,5,2,june-24-2010-abell1689.jpg,Galaxy Cluster Abell 1689,"This image shows the center of Abell 1689, an immense cluster of galaxies located 2.2 billion light-years away. Astronomers used Hubble to map the distribution of dark matter in the galaxy cluster.",https://science.nasa.gov/asset/hubble/hubble-wide-field-image-of-galaxy-cluster-and-gravitational-lens-abell-1689/,2010
,5,3,june-24-2014-kbo-1110113y.jpg,Kuiper Belt Object 1110113Y,"This Kuiper Belt Object is no bigger than 19 to 28 miles (30 to 45 km) across, and it is a deep-freeze relic of what the outer solar system was like 4.6 billion years ago, during the period when the Sun formed.",https://science.nasa.gov/asset/hubble/kuiper-belt-object-1110113y-2/,2014
,5,4,june-24-2019-ngc-1672.jpg,Spiral Galaxy NGC 1672,"Shining stars fill the disk of barred spiral galaxy NGC 1672, giving the galaxy a beautiful glow. At the galaxy’s very center sits an active galactic nucleus, which forms as a result of heated matter swirling in the accretion disk around NGC 1672’s supermassive black hole.",https://science.nasa.gov/missions/hubble/hubble-captures-a-galaxy-with-many-lights/,2019
,5,5,june-24-2022-vega-disk.jpg,Vega's Circumstellar Disk,"The summer star Vega is encircled by a nearly 100-billion-mile-diameter disk of debris, known as a circumstellar disk, that's far more smooth than those we see in many other young star systems.",https://science.nasa.gov/missions/hubble/nasas-hubble-webb-probe-surprisingly-smooth-disk-around-vega/,2022
6/25/2019 0:00:00,5,1,june-25-2011-neptune.jpg,Neptune,Neptune is the most distant major planet in our solar system. This image reveals high-altitude clouds in the northern and southern hemispheres of the planet. These clouds are composed of methane ice crystals.,https://science.nasa.gov/asset/hubble/neptunes-anniversary-portraits/,2011
,5,2,june-25-2007-ngc-922.jpg,Spiral Galaxy NGC 922,"Bright pink nebulae almost completely encircle spiral galaxy NGC 922. The ring structure and the galaxy's distorted spiral shape result from a smaller galaxy scoring a cosmic bull's-eye, hitting the center of NGC 922 some 330 million years ago.",https://science.nasa.gov/asset/hubble/hubble-sees-a-galaxy-hit-a-bulls-eye/,2007
,5,3,june-25-2022-omega-centauri.jpg,Omega Centauri,Omega Centauri consists of roughly 10 million stars that are gravitationally bound. The cluster is about 10 times as massive as other big globular clusters – almost as massive as a small galaxy.,https://science.nasa.gov/asset/hubble/omega-centauri-2/,2022
,5,4,june-25-2019-ngc-1672.jpg,Spiral Galaxy NGC 1672,"Shining stars fill the disk of barred spiral galaxy NGC 1672, giving the galaxy a beautiful glow. At the galaxy’s very center sits an active galactic nucleus, which forms as a result of heated matter swirling in the accretion disk around NGC 1672’s supermassive black hole.",https://science.nasa.gov/missions/hubble/hubble-captures-a-galaxy-with-many-lights/,2019
,5,5,june-25-2014-abell-2744.jpg,Galaxy Cluster Abell 2744,"Abell 2744 contains several hundred galaxies and might be a pile-up of at least four smaller galaxy clusters. Abell 2744's strong gravitational field acts as a lens, distorting and magnifying the light of nearly 3,000 distant background galaxies.",https://science.nasa.gov/asset/hubble/hubble-uncovers-one-of-the-smallest-and-farthest-galaxies-in-the-universe/,2014
6/26/2019 0:00:00,5,1,june-26-2000-seyferts-sextet.jpg,Seyfert's Sextet,"At first, Seyfert's Sextet looks like six galaxies grouped closely together. However, the small galaxy with the prominent spiral arms (right of center) is much farther away than the others, and a bright clump to the lower right is material torn from one of the other galaxies.",https://science.nasa.gov/asset/hubble/seyferts-sextet-four-colliding-galaxies-and-two-bystanders/,2000
,5,2,june-26-2001-mars-dust-storm.jpg,Dust Storm on Mars,This Hubble image of the Sinus Meridiani region on Mars shows evidence of a dust storm about 930 miles (1500 km) long.,https://science.nasa.gov/asset/hubble/dust-storm-on-mars/,2001
,5,3,june-26-2002-arp-116.jpg,Galaxy Pair Arp 116,"The giant elliptical galaxy Messier 60 and a much smaller spiral galaxy, NGC 4647, make up the galaxy pair Arp 116. It’s unclear whether these two galaxies are interacting gravitationally – they may just overlap from our viewpoint on Earth. NGC 4647 is about the size of our Milky Way, while M60 has the mass of about a trillion times that of the Sun.",https://science.nasa.gov/asset/hubble/odd-galaxy-couple-on-space-voyage/,2002
,5,4,june-26-2007-ngc-922.jpg,Spiral Galaxy NGC 922,"Bright pink nebulae almost completely encircle spiral galaxy NGC 922. The ring structure and the galaxy's distorted spiral shape result from a smaller galaxy scoring a cosmic bull's-eye, hitting the center of NGC 922 some 330 million years ago.",https://science.nasa.gov/asset/hubble/hubble-sees-a-galaxy-hit-a-bulls-eye/,2007
,5,5,june-26-2022-omega-centauri.jpg,Omega Centauri,Omega Centauri consists of roughly 10 million stars that are gravitationally bound. The cluster is about 10 times as massive as other big globular clusters – almost as massive as a small galaxy.,https://science.nasa.gov/asset/hubble/omega-centauri-2/,2022
6/27/2019 0:00:00,5,1,june-27-2002-rdcs-12529-2927.jpg,Galaxy Cluster RDCS 1252.9-2927,"This image captures the massive galaxy cluster RDCS 1252.9-2927. The galaxies in the cluster already existed when the universe was just 5 billion years old, or about 35 percent of its present age.",https://science.nasa.gov/asset/hubble/a-tale-of-two-record-breaking-galaxy-clusters/,2002
,5,2,june-27-2002-omega-centauri.jpg,Omega Centauri,"The core of this globular cluster glitters with the light of 2 million stars. The entire cluster contains 10 million stars, and is among the biggest and most massive of some 200 globular clusters orbiting the Milky Way galaxy.",https://science.nasa.gov/asset/hubble/starry-splendor-in-core-of-omega-centauri/,2002
,5,3,june-27-2008-m2.jpg,Globular Cluster Messier 2,"M2 is one of the largest globular star clusters, a spherical group of stars bound together by their mutual gravitational attraction. Most of the cluster’s mass is concentrated at its center, with shimmering streams of stars extending outward into space.",https://science.nasa.gov/mission/hubble/science/explore-the-night-sky/hubble-messier-catalog/messier-2/,2008
,5,4,june-27-2017-comet-c2017-k2.jpg,Comet C/2017 K2,"This image shows a fuzzy cloud of dust, called a coma, surrounding the comet C/2017 K2 PANSTARRS (K2), taken when the frozen visitor was just beyond Saturn's orbit. It's the farthest active comet ever observed entering the solar system.",https://science.nasa.gov/asset/hubble/distant-active-comet-c2017-k2/,2017
,5,5,june-27-2019-caldwell-45.jpg,Spiral Galaxy Caldwell 45,"Hubble captured reddish-pink clouds of star-forming regions in spiral galaxy Caldwell 45, also called NGC 5248. It's a ""grand design"" spiral, with prominent spiral arms that reach from near the core out through the disk.",https://science.nasa.gov/mission/hubble/science/explore-the-night-sky/hubble-caldwell-catalog/caldwell-45/,2019
6/28/2019 0:00:00,5,1,june-28-2005-mc2-1635-119.jpg,Quasar MC2 1635+119,This image shows shells of stars around a quasar known as MC2 1635+119. Quasars are among the brightest objects in the universe. They reside in the centers of galaxies and are powered by supermassive black holes.,https://science.nasa.gov/asset/hubble/shells-of-stars-ring-quasar-in-giant-elliptical-galaxy/,2005
,5,2,june-28-2012-abell-209.jpg,Galaxy Cluster Abell 209,"This image of a massive, spacetime-warping cluster of galaxies, called Abell 209, shows more than a hundred galaxies. They are separated by millions of light-years, and the seemingly-empty space between the galaxies is filled with hot, diffuse gas.",https://science.nasa.gov/missions/hubble/hubble-snaps-galaxy-clusters-portrait/,2012
,5,3,june-28-2001-retina-nebula.jpg,Retina Nebula,"This Hubble image reveals a dying star, nicknamed the Retina Nebula. It got its name from the intricate tendrils of dust seen in this edge-on view.",https://science.nasa.gov/asset/hubble/the-retina-nebula-dying-star-ic-4406/,2001
,5,4,june-28-1996-ngc-4603.jpg,Spiral Galaxy NGC 4603,Spiral galaxy NGC 4603 is the most distant galaxy in which a special class of pulsating stars called Cepheid variables have been found. Cepheid variable stars can be used to determine the distance to galaxies.,https://science.nasa.gov/asset/hubble/distant-spiral-galaxy-ngc-4603-home-to-variable-stars/,1996
,5,5,june-28-2005-ngc-6397.jpg,Globular Cluster NGC 6397,"This ancient stellar jewelry box, globular cluster NGC 6397, glitters with the light from hundreds of thousands of stars. The cluster is 13.4 billion years old, born shortly after the Big Bang.",https://science.nasa.gov/asset/hubble/ngc-6397/,2005
6/29/2019 0:00:00,5,1,june-29-2023-ngc-3783.jpg,Spiral Galaxy NGC 3783,"While the focus of this image is the bright barred spiral galaxy NGC 3783, which lies about 130 million light-years from Earth, the eye is equally drawn to the very bright object in the lower right part of this image. This is the star HD 101274.",https://science.nasa.gov/missions/hubble/hubble-captures-a-bright-galactic-and-stellar-duo/,2023
,5,2,june-29-2014-snr-0509-687.jpg,Supernova Remnant 0509-68.7,Supernova remnant SNR 0509-68.7 is the irregularly shaped dust cloud at the upper center of the image. The gas in the lower half of the image and the dense concentration of stars in the lower left are the outskirts of the star cluster NGC 1850.,https://science.nasa.gov/asset/hubble/wispy-remains-of-supernova-explosion-hide-possible-survivor/,2014
,5,3,june-29-2014-ngc-1850.jpg,Globular Cluster NGC 1850,"This 100 million-year-old globular cluster is a spherical collection of densely packed stars held together by gravity. Unlike most globular clusters, however, the stars of NGC 1850 are relatively young. Globular clusters with young stars such are not present in our own Milky Way galaxy.",https://science.nasa.gov/missions/hubble/hubble-captures-dual-views-of-an-unusual-star-cluster/,2014
,5,4,june-29-2012-andromeda-galaxy.jpg,Andromeda Galaxy,"Over 100 million stars are on display in this portion of the Andromeda galaxy, located over 2 million light-years away. This portrait of our galactic neighbor uses 7,398 exposures taken over 411 individual pointings of the telescope.",https://science.nasa.gov/asset/hubble/hubble-m31-phat-mosaic/,2012
,5,5,june-29-2002-omega-centauri.jpg,Omega Centauri,"The core of this globular cluster glitters with the light of 2 million stars. The entire cluster contains 10 million stars, and is among the biggest and most massive of some 200 globular clusters orbiting the Milky Way galaxy.",https://science.nasa.gov/asset/hubble/starry-splendor-in-core-of-omega-centauri/,2002
6/30/2019 0:00:00,5,1,june-30-1998-ant-nebula.jpg,Ant Nebula,The Ant Nebula displays intriguing symmetrical patterns in the lobes of gas being ejected from a dying Sun-like star at its center.,https://science.nasa.gov/asset/hubble/the-ant-nebula-menzel-3-fiery-lobes-protrude-from-dying-sun-like-star/,1998
,5,2,june-30-2002-omega-centauri.jpg,Omega Centauri,"The core of this globular cluster glitters with the light of 2 million stars. The entire cluster contains 10 million stars, and is among the biggest and most massive of some 200 globular clusters orbiting the Milky Way Galaxy.",https://science.nasa.gov/asset/hubble/starry-splendor-in-core-of-omega-centauri/,2002
,5,3,june-30-2005-ngc-1309.jpg,Spiral Galaxy NGC 1309,"Looking like a child's pinwheel ready to be set spinning by a gentle breeze, this dramatic spiral galaxy is home to multiple notable stellar explosions, called supernovae, including SN 2002fk and SN 2012Z.",https://science.nasa.gov/asset/hubble/supernova-2012z-in-spiral-galaxy-ngc-1309/,2005
,5,4,june-30-2005-comet-9p-tempel1.jpg,Comet 9P/Tempel 1,"This image of Comet 9P/Tempel 1 reveals the dusty inner coma around the nucleus. The image was taken just days before the Deep Impact spacecraft rendezvoused with the comet, releasing an 820 pound ""Smart Impactor"" that slammed into the comet.",https://science.nasa.gov/asset/hubble/hubble-images-comet-tempel-1-just-before-deep-impact-probe-arrives/,2005
,5,5,june-30-2013-ngc1015.jpg,Spiral Galaxy NGC 1015,"NGC 1015 is a barred spiral galaxy, so called because the higher concentration of stars near the galaxy's center forms a bar or rod through the center.",https://science.nasa.gov/asset/hubble/ngc-3972-and-ngc-1015/,2013
7/1/2019 0:00:00,5,1,july-1-1993-comet-sl9.jpg,Comet Shoemaker-Levy 9 Fragments,"This image captures the brightest ""nucleus"" in a string of approximately 20 objects that comprised the broken-up comet Shoemaker-Levy 9. The image reveals that this bright segment is actually a group of at least four separate pieces.",https://science.nasa.gov/asset/hubble/close-up-of-bright-nucleus-in-comet-pshoemaker-levy-9/,1993
,5,2,july-1-2012-ngc5972.jpg,Active Galaxy NGC 5972,"Extending from this active galaxy are bizarre, greenish knots of gas and dust glowing from the light of high-energy particles, blasted by powerful ultraviolet radiation from a supermassive black hole at the galaxy's center.",https://science.nasa.gov/asset/hubble/extended-gas-in-active-galaxies/,2012
,5,3,july-1-2014-ngc6652.jpg,Globular Cluster NGC 6652,"The core of the globular star cluster NGC 6652 is suffused with the pale blue light of countless stars. Globular clusters are stable, tightly gravitationally bound clusters containing anywhere from tens of thousands to millions of stars.",https://science.nasa.gov/missions/hubble/hubble-glimpses-a-glitzy-galactic-cluster/,2014
,5,4,july-1-2020-veil-nebula.jpg,Veil Nebula,"The Veil Nebula is the remnant of a star roughly 20 times as massive as our Sun that exploded about 10,000 years ago. If you could see the entire nebula without the aid of a telescope, it would be as wide as six full Moons placed side-by-side.",https://science.nasa.gov/missions/hubble/hubble-captures-new-view-of-colorful-veil/,2020
,5,5,july-1-2012-milky-way-bulge.jpg,Stars in the Galactic Core,"These colorful stars reside at the heart of our Milky Way galaxy, about 26,000 light-years from Earth. Aging red giant stars coexist with their more plentiful younger cousins, the smaller, white, Sun-like stars, in this crowded region of our galaxy's central hub.",https://science.nasa.gov/asset/hubble/milky-way-bulge/,2012
7/2/2019 0:00:00,5,1,july-2-2011-necklace-nebula.jpg,Necklace Nebula,"The Necklace Nebula contains the glowing remains of an ordinary, Sun-like star shedding material at the end of its life. The nebula consists of a bright ring, measuring 12 trillion miles (19 trillion km) across, dotted with dense, bright knots of gas that resemble diamonds in a necklace.",https://science.nasa.gov/asset/hubble/the-necklace-nebula/,2011
,5,2,july-2-2010-andromeda-galaxy.jpg,Andromeda Galaxy,"This panoramic view of the neighboring Andromeda galaxy, located 2.5 million light-years away, captures the glow of 200 million stars. It took over 10 years to make this vast and colorful portrait of the galaxy, requiring over 600 overlapping snapshots that were challenging to stitch together.",https://science.nasa.gov/asset/hubble/hubble-m31-phatphast-mosaic/,2022
,5,3,july-2-2015-ngc5559.jpg,Spiral Galaxy NGC 5559,"NGC 5559 is a spiral galaxy, with spiral arms filled with gas and dust sweeping out around the bright galactic bulge. These arms are a rich environment for star formation, dotted with a festive array of colors.",https://science.nasa.gov/missions/hubble/hubble-sees-newborn-stars-in-arms-of-a-spiral-galaxy/,2015
,5,4,july-2-2015-kiso-5639.jpg,Dwarf Galaxy Kiso 5639,"Dwarf galaxy Kiso 5639 is a member of a class of ""tadpole"" galaxies, so named because of their bright heads and elongated tails.",https://science.nasa.gov/asset/hubble/hubble-captures-a-fireworks-show-in-kiso-5639/,2015
,5,5,july-2-2024-ngc-460.jpg,Open Cluster NGC 460,The NGC 460 star cluster resides in a complex of stellar clusters and nebulae. Open clusters like NGC 460 are made of anywhere from a few dozen to a few thousand stars loosely knitted together by gravity.,https://science.nasa.gov/missions/hubble/hubble-examines-stars-ensconced-in-a-cocoon-of-gas/,2024
7/3/2019 0:00:00,5,1,july-3-1999-47-tucanae.jpg,Globular Cluster 47 Tucanae,"This image shows the core of the globular star cluster 47 Tucanae. The entire cluster contains about a million stars, with many packed tightly in the core.",https://science.nasa.gov/asset/hubble/stellar-sorting-in-globular-cluster-47-tucanae/,1999
,5,2,july-3-2001-ngc428.jpg,Spiral Galaxy NGC 428,"Although a spiral shape in this messy barred spiral galaxy is still just about visible in this close-up shot, overall, NGC 428’s structure appears to be quite distorted and warped, thought to be a result of a collision between two galaxies.",https://science.nasa.gov/centers-and-facilities/goddard/hubble-sees-a-mess-of-stars/,2001
,5,3,july-3-2011-pluto-kerberos.jpg,Pluto's Moon Kerberos,"While searching for rings around the dwarf planet Pluto, Hubble discovered the previously unseen, tiny moon P4, later named Kerberos. Kerberos has a diameter of only about 8 to 21 miles (13 to 34 km).",https://science.nasa.gov/asset/hubble/plutos-moon-system/,2011
,5,4,july-3-2013-grb-130603b.jpg,Gamma-ray Burst 130603B,"This image reveals a new type of stellar explosion produced from the merger of two compact objects. This created a short-duration gamma-ray burst, a mysterious flash of intense high-energy radiation.",https://science.nasa.gov/asset/hubble/gamma-ray-burst-130603b/,2013
,5,5,july-3-2018-ngc613.jpg,Spiral Galaxy NGC 613,"NGC 613 is a lovely example of a barred spiral galaxy. It is easily distinguishable as such because of its well-defined central bar and long arms, which spiral loosely around its nucleus.",https://science.nasa.gov/missions/hubble/hubble-snaps-stunning-barred-spiral-galaxy/,2018
7/4/2019 0:00:00,5,1,july-4-2019-ngc-7678.jpg,Spiral Galaxy NGC 7678,"NGC 7678 is a galaxy with one particularly prominent arm. With a diameter of around 115,000 light-years, this bright spiral galaxy is a similar size to our own Milky Way Galaxy.",https://science.nasa.gov/missions/hubble/hubble-spots-a-galaxy-with-a-peculiar-arm/,2019
,5,2,july-4-2003-ngc-3314.jpg,Galaxy Pair NGC 3314,"The two overlapping galaxies that make up NGC 3314 look as if they are colliding, but they are actually separated by about 10 times the distance between our Milky Way and the neighboring Andromeda galaxy. The alignment gives a unique look at the silhouetted spiral arms in the closer face-on spiral, NGC 3314A.",https://science.nasa.gov/asset/hubble/chance-alignment-between-galaxies-mimics-a-cosmic-collision/,2003
,5,3,july-4-2024-ngc-460.jpg,Open Cluster NGC 460,The NGC 460 star cluster resides in a complex of stellar clusters and nebulae. Open clusters like NGC 460 are made of anywhere from a few dozen to a few thousand stars loosely knitted together by gravity.,https://science.nasa.gov/missions/hubble/hubble-examines-stars-ensconced-in-a-cocoon-of-gas/,2024
,5,4,july-4-2020-saturn.jpg,Saturn,"Saturn has a slight reddish haze over its northern hemisphere in this color composite, perhaps due to heating from increased sunlight. Two of its icy moons are clearly visible: Mimas at right, and Enceladus at bottom.",https://science.nasa.gov/asset/hubble/saturn-2020/,2020
,5,5,july-4-2010-ruprecht106.jpg,Globular Cluster Ruprecht 106,Almost all globular clusters contain at least two groups of stars with distinct chemical compositions. Ruprecht 106 is one of a small number that do not possess these multiple populations of stars.,https://science.nasa.gov/missions/hubble/hubble-investigates-an-enigmatic-star-cluster/,2010
7/5/2019 0:00:00,5,1,july-5-2001-trifid-nebula.jpg,Trifid Nebula,"The Trifid Nebula is a stellar nursery criss-crossed by huge, dark lanes of dust. This close-up view of the center of the nebula, near the intersection of the dust bands, shows a group of recently formed, massive, bright stars.",https://science.nasa.gov/asset/hubble/the-heart-of-the-trifid-nebula-messier-20ngc-6514/,2001
,5,2,july-5-2022-carina-nebula.jpg,Carina Nebula,"This close-up view shows only a three-light-year-wide portion of the Carina Nebula, which has a diameter of over 200 light-years. Dramatic dark dust knots and complex structures are sculpted by stellar winds and radiation from the star Eta Carinae (located outside the picture).",https://science.nasa.gov/asset/hubble/stellar-winds-and-radiation-from-eruptive-star-eta-carinae-sculpt-gas-and-dust/,2002
,5,3,july-5-2004-ngc2031.jpg,Globular Cluster NGC 2031,"This dense group of thousands of stars, the globular cluster NGC 2031, is held together in a spherical shape by its stars’ mutual gravitational attraction. NGC 2031 lives in an extremely dense and starry region of the Large Magellanic Cloud.",https://science.nasa.gov/missions/hubble/hubble-beholds-brilliant-blue-star-cluster/,2004
,5,4,july-5-2010-abell1689.jpg,Galaxy Cluster Abell 1689,"This image shows the center of Abell 1689, an immense cluster of galaxies located 2.2 billion light-years away. Astronomers used Hubble to map the distribution of dark matter in the galaxy cluster.",https://science.nasa.gov/asset/hubble/hubble-wide-field-image-of-galaxy-cluster-and-gravitational-lens-abell-1689/,2010
,5,5,july-5-2022-uv-jupiter.jpg,Jupiter in Ultraviolet,"Jupiter shown in a color composite of ultraviolet wavelengths features the iconic, massive storm called the “Great Red Spot,” which appears blue in this image.",https://www.nasa.gov/image-article/hubble-provides-unique-ultraviolet-view-of-jupiter/,2022
7/6/2019 0:00:00,5,1,july-6-2012-ngc5189.jpg,Planetary Nebula NGC 5189,"The knotty, filamentary structure of NGC 5189 formed as a dying star shed its outer layers. Interestingly, this planetary nebula has two nested structures tilted with respect to each other.",https://science.nasa.gov/asset/hubble/a-cosmic-holiday-ornament-hubble-style/,2012
,5,2,july-6-2001-m64.jpg,Black Eye Galaxy,"Messier 64, formed by a collision of two galaxies, has a spectacular dark band of dust in front of the galaxy's bright nucleus, giving rise to its nicknames of the ""Black Eye"" or ""Evil Eye"" galaxy.",https://science.nasa.gov/asset/hubble/dust-band-around-the-nucleus-of-black-eye-galaxy-m64/,2001
,5,3,july-6-2010-abell1689.jpg,Galaxy Cluster Abell 1689,"This image shows the center of Abell 1689, an immense cluster of galaxies located 2.2 billion light-years away. Astronomers used Hubble to map the distribution of dark matter in the galaxy cluster.",https://science.nasa.gov/asset/hubble/hubble-wide-field-image-of-galaxy-cluster-and-gravitational-lens-abell-1689/,2010
,5,4,july-6-2020-qso-j0749-2255.jpg,Dual Quasar J0749+2255,J0749+2255 is a pair of quasars that existed when the universe was just 3 billion years old. Quasars are bright objects powered by supermassive black holes. They blast out energy as they devour material within their gravitational grasp.,https://science.nasa.gov/asset/hubble/dual-quasar-j07492255/,2020
,5,5,july-6-2017-messier-87.jpg,Elliptical Galaxy Messier 87,"This image of the giant galaxy M87 shows a 3,000-light-year-long jet of plasma blasting from the galaxy's 6.5-billion-solar-mass central black hole. The jet seems to cause stars to erupt along its trajectory.",https://science.nasa.gov/asset/hubble/m87-4/,2017
7/7/2019 0:00:00,5,1,july-7-2010-abell1689.jpg,Galaxy Cluster Abell 1689,"This image shows the center of Abell 1689, an immense cluster of galaxies located 2.2 billion light-years away. Astronomers used Hubble to map the distribution of dark matter in the galaxy cluster.",https://science.nasa.gov/asset/hubble/hubble-wide-field-image-of-galaxy-cluster-and-gravitational-lens-abell-1689/,2010
,5,2,july-7-2002-47-tucanae.jpg,Globular Cluster 47 Tucanae,"This image shows the core of the globular star cluster 47 Tucanae. The entire cluster contains about a million stars, with many packed tightly in the core.",https://science.nasa.gov/asset/hubble/stellar-sorting-in-globular-cluster-47-tucanae/,2002
,5,3,july-7-2011-ngc4051.jpg,Spiral Galaxy NGC 4051,"The subject of this image, a spiral galaxy named NGC 4051, has hosted multiple supernova explosions in past years. These explosive events were seen scattered throughout the center and spiral arms of the galaxy.",https://science.nasa.gov/missions/hubble/hubble-sets-sights-on-an-explosive-galaxy/,2011
,5,4,july-7-2023-omega-centauri.jpg,Omega Centauri,Omega Centauri consists of roughly 10 million stars that are gravitationally bound. The cluster is about 10 times as massive as other big globular clusters – almost as massive as a small galaxy.,https://science.nasa.gov/asset/hubble/omega-centauri-2/,2023
,5,5,july-7-1997-ngc-4603.jpg,Spiral Galaxy NGC 4603,Spiral galaxy NGC 4603 is the most distant galaxy in which a special class of pulsating stars called Cepheid variables have been found. Cepheid variable stars can be used to determine the distance to galaxies.,https://science.nasa.gov/asset/hubble/distant-spiral-galaxy-ngc-4603-home-to-variable-stars/,1997
7/8/2019 0:00:00,5,1,july-8-2008-jupiter.jpg,Jupiter's Spots,"This image provides a close look at Jupiter's famous Great Red Spot and a smaller storm dubbed ""Red Spot Jr."" below it. To the right of the Great Red Spot is the remnant of an even smaller spot that has faded and is being consumed by the much larger storm.",https://science.nasa.gov/asset/hubble/three-red-spots-mix-it-up-on-jupiter/,2008
,5,2,july-8-2010-idcs-j1426-5-3508.jpg,Galaxy Cluster IDCS J1426.5+3508,"The light we observe from this rare, extremely massive young galaxy cluster, IDCS 1426, left the cluster when the universe was less than a third of its current age.",https://science.nasa.gov/asset/hubble/hubble-chandra-spitzer-composite-of-massive-galaxy-cluster-idcs-j142653508/,2010
,5,3,july-8-2009-ngc-6217.jpg,Spiral Galaxy NGC 6217,"The barred spiral galaxy NGC 6217 has been characterized as a starburst galaxy, which means it is undergoing a high rate of star formation compared to a typical galaxy.",https://science.nasa.gov/asset/hubble/barred-spiral-galaxy-ngc-6217/,2009
,5,4,july-8-2010-abell1689.jpg,Galaxy Cluster Abell 1689,"This image shows the center of Abell 1689, an immense cluster of galaxies located 2.2 billion light-years away. Astronomers used Hubble to map the distribution of dark matter in the galaxy cluster.",https://science.nasa.gov/asset/hubble/hubble-wide-field-image-of-galaxy-cluster-and-gravitational-lens-abell-1689/,2010
,5,5,july-8-2018-omega-centauri.jpg,Omega Centauri,Omega Centauri consists of roughly 10 million stars that are gravitationally bound. The cluster is about 10 times as massive as other big globular clusters – almost as massive as a small galaxy.,https://science.nasa.gov/asset/hubble/omega-centauri-2/,2018
7/9/2019 0:00:00,5,1,july-9-2001-hoags.jpg,Hoag's Object,"A nearly perfect ring of hot, blue stars pinwheels about the yellow nucleus of an unusual galaxy known as Hoag's Object. Curiously, a background object that bears an uncanny resemblance to Hoag's Object can be seen in the gap at the one o'clock position.",https://science.nasa.gov/asset/hubble/ring-of-hot-blue-stars-pinwheels-around-yellow-nucleus-of-hoags-object-galaxy/,2001
,5,2,july-9-2002-tn-j1338-1942.jpg,Galaxy Cluster TN J1338-1942,"This galaxy cluster contains a massive embryonic galaxy surrounded by smaller developing galaxies. The central galaxy has spectacular radio-emitting jets, fueled by a supermassive black hole in the galaxy's nucleus.",https://science.nasa.gov/asset/hubble/a-tale-of-two-record-breaking-galaxy-clusters/,2002
,5,3,july-9-2014-ngc-4449.jpg,Dwarf Galaxy NGC 4449,"NGC 4449 is a dwarf galaxy, which means that it is far smaller and contains fewer stars than the Milky Way. This galaxy is currently forming new stars at a much faster rate than expected for its size, which makes it a starburst galaxy.",https://science.nasa.gov/missions/hubble/hubble-studies-small-but-mighty-galaxy/,2014
,5,4,july-9-2006-ngc346.jpg,Star Cluster NGC 346,"The dazzling young star cluster NGC 346 is home to more than 2,500 newborn stars. The cluster’s most massive stars, which are many times more massive than our Sun, blaze with an intense blue light in this image.",https://science.nasa.gov/asset/hubble/hubble-spots-stellar-sculptors-in-ngc-346/,2006
,5,5,july-9-2011-andromeda-galaxy.jpg,Andromeda Galaxy,"Over 100 million stars are on display in this portion of the Andromeda galaxy, located over 2 million light-years away. This portrait of our galactic neighbor uses 7,398 exposures taken over 411 individual pointings of the telescope.",https://science.nasa.gov/asset/hubble/hubble-m31-phat-mosaic/,2011
7/10/2019 0:00:00,5,1,july-10-2004-ngc4068.jpg,Dwarf Galaxy NGC 4068,This image captures a starburst region in the dwarf galaxy NGC 4068. Starburst regions are areas of intense star formation.,https://science.nasa.gov/asset/hubble/hubble-spies-a-frenzy-of-star-birth-in-dwarf-galaxies/,2004
,5,2,july-10-2011-andromeda-galaxy.jpg,Andromeda Galaxy,"Over 100 million stars are on display in this portion of the Andromeda galaxy, located over 2 million light-years away. This portrait of our galactic neighbor uses 7,398 exposures taken over 411 individual pointings of the telescope.",https://science.nasa.gov/asset/hubble/hubble-m31-phat-mosaic/,2011
,5,3,july-10-2013-ngc1015.jpg,Spiral Galaxy NGC 1015,"NGC 1015 is a barred spiral galaxy, so called because the higher concentration of stars near the galaxy's center forms a bar or rod through the center.",https://science.nasa.gov/asset/hubble/ngc-3972-and-ngc-1015/,2013
,5,4,july-10-2016-galaxy-d100.jpg,Spiral Galaxy D100,"The spiral galaxy D100, on the far right of this Hubble image, is being stripped of its gas as it plunges toward the center of the giant Coma galaxy cluster. The dark brown streaks near D100's central region are silhouettes of dust escaping from the galaxy.",https://science.nasa.gov/asset/hubble/galaxy-d100/,2016
,5,5,july-10-2016-ngc4666.jpg,Spiral Galaxy NGC 4666,This majestic spiral galaxy is undergoing a particularly intense episode of star formation. Astronomers refer to galaxies that rapidly form stars as starburst galaxies; NGC 4666’s starburst is likely due to gravitational interactions with its unruly galaxy neighbors.,https://science.nasa.gov/missions/hubble/hubble-uncovers-a-burst-of-star-formation/,2017
7/11/2019 0:00:00,5,1,july-11-2000-ugc06471-ugc06472.jpg,Interacting Galaxies UGC 06471 and UGC 06472,"This image shows a cosmic collision between two galaxies, UGC 06471 and UGC 06472. The colliding galaxies are 145 million light-years from Earth. Such collisions distort the shapes of the galaxies as they merge and eventually form a larger galaxy.",https://science.nasa.gov/asset/hubble/hubbles-ultraviolet-views-of-nearby-galaxies-yield-clues-to-early-universe/,2000
,5,2,july-11-2014-ngc6744.jpg,Galaxy NGC 6744,NGC 6744 is a large spiral galaxy about 31 million light-years from Earth. It is undergoing vigorous star and star cluster formation along the dark filaments that make up the spiral arms.,https://science.nasa.gov/asset/hubble/legus-galaxies/,2014
,5,3,july-11-2005-ngc2660.jpg,Open Cluster NGC 2660,"NGC 2660 is an open cluster, a type of star cluster that can contain anywhere from tens to a few hundreds of stars loosely bound together by gravity.",https://science.nasa.gov/missions/hubble/hubble-spies-sparkling-spray-of-stars-in-ngc-2660/,2005
,5,4,july-11-2005-sn2005cs.jpg,Supernova SN 2005cs,"Hubble captured images of an exploding star, called Supernova (SN) 2005cs, 12 days after its discovery. Comparing those photos with Hubble images of the same region taken before the supernova pinpointed the star that exploded.",https://science.nasa.gov/asset/hubble/hubble-pinpoints-doomed-star-that-explodes-as-supernova/,2005
,5,5,july-11-2002-ic1623.jpg,Interacting Galaxy IC 1623,"IC 1623 is an interacting galaxy system that is very bright when observed in infrared light. One of the two galaxies, the infrared-bright galaxy VV 114E, has a substantial amount of warm and dense gas.",https://science.nasa.gov/asset/hubble/hubble-interacting-galaxy-ic-1623/,2002
7/12/2019 0:00:00,5,1,july-12-2002-tn-j1338-1942.jpg,Galaxy Cluster TN J1338-1942,"The galaxy cluster TN J1338-1942 contains a massive embryonic galaxy surrounded by smaller developing galaxies. The central galaxy has spectacular radio-emitting jets, fueled by a supermassive black hole deep within the galaxy's nucleus.",https://science.nasa.gov/asset/hubble/a-tale-of-two-record-breaking-galaxy-clusters/,2002
,5,2,july-12-2010-andromeda-galaxy.jpg,Andromeda Galaxy,"Over 100 million stars are on display in this portion of the Andromeda galaxy, located over 2 million light-years away. This portrait of our galactic neighbor uses 7,398 exposures taken over 411 individual pointings of the telescope.",https://science.nasa.gov/asset/hubble/hubble-m31-phat-mosaic/,2010
,5,3,july-12-2002-ngc-3314.jpg,Galaxy Pair NGC 3314,"The two overlapping galaxies that make up NGC 3314 look as if they are colliding, but they are actually separated by about 10 times the distance between our Milky Way and the neighboring Andromeda galaxy. The alignment gives a unique look at the silhouetted spiral arms in the closer face-on spiral, NGC 3314A.",https://science.nasa.gov/asset/hubble/chance-alignment-between-galaxies-mimics-a-cosmic-collision/,2002
,5,4,july-12-2014-abell-2744.jpg,Galaxy Cluster Abell 2744,"Abell 2744 contains several hundred galaxies and might be a pile-up of at least four smaller galaxy clusters. Abell 2744's strong gravitational field acts as a lens, distorting and magnifying the light of nearly 3,000 distant background galaxies.",https://science.nasa.gov/asset/hubble/hubble-uncovers-one-of-the-smallest-and-farthest-galaxies-in-the-universe/,2014
,5,5,july-12-2023-omega-centauri.jpg,Omega Centauri,Omega Centauri consists of roughly 10 million stars that are gravitationally bound. The cluster is about 10 times as massive as other big globular clusters – almost as massive as a small galaxy.,https://science.nasa.gov/asset/hubble/omega-centauri-2/,2023
7/13/2019 0:00:00,5,1,july-13-2004-ngc346.jpg,Star Cluster NGC 346,This image captures a dynamic star-forming region in a nearby dwarf galaxy called the Small Magellanic Cloud. At the center is a brilliant star cluster called NGC 346.,https://science.nasa.gov/asset/hubble/young-stars-sculpt-gas-with-powerful-outflows-in-the-small-magellanic-cloud/,2004
,5,2,july-13-2001-47-tucanae.jpg,Globular Cluster 47 Tucanae,"This image shows the core of the globular star cluster 47 Tucanae. The entire cluster contains about a million stars, with many packed tightly in the core.",https://science.nasa.gov/asset/hubble/stellar-sorting-in-globular-cluster-47-tucanae/,2001
,5,3,july-13-2022-eso420-g013.jpg,Spiral Galaxy ESO 420-G013,"ESO 420-G013 is a face-on spiral galaxy and a Seyfert galaxy, a type of galaxy with a bright nucleus powered by a supermassive black hole. Dark lanes of dust are visible against the background glow of the galaxy’s many stars.",https://science.nasa.gov/missions/hubble/hubble-spies-a-spinning-spiral/,2022
,5,4,july-13-2005-ngc6791.jpg,Open Cluster NGC 6791,"NGC 6791 is an ""open cluster"" of stars loosely bound by gravity. This image is filled with stars estimated to be 8 billion years old. Two background galaxies are visible at upper left.",https://science.nasa.gov/asset/hubble/white-dwarf-stars-in-open-cluster-ngc-6791/,2005
,5,5,july-13-2011-omega-centauri.jpg,Omega Centauri,Omega Centauri consists of roughly 10 million stars that are gravitationally bound. The cluster is about 10 times as massive as other big globular clusters – almost as massive as a small galaxy.,https://science.nasa.gov/asset/hubble/omega-centauri-2/,2011
7/14/2019 0:00:00,5,1,july-14-2000-lmc-n49.jpg,Supernova Remnant N 49,N 49 is a supernova remnant in a neighboring galaxy called the Large Magellanic Cloud. The delicate filaments are sheets of debris from a stellar explosion whose light would have reached Earth thousands of years ago.,https://science.nasa.gov/asset/hubble/celestial-fireworks-sheets-of-debris-from-a-stellar-explosion-n-49-dem-l-190/,2000
,5,2,july-14-2020-hipass-j1131-31.jpg,Galaxy HIPASS J1131–31,"The tiny galaxy HIPASS J1131–31 peeks out from behind the glare of star TYC 7215-199-1, a star within our Milky Way that's positioned between Hubble and the galaxy.",https://science.nasa.gov/asset/hubble/peekaboo-dwarf-galaxy-hipass-j113131/,2020
,5,3,july-14-2004-ngc602.jpg,Star Cluster NGC 602,"This image depicts bright, blue, newly formed stars that are blowing a cavity in the center of a star-forming region in the Small Magellanic Cloud. At the heart of the star-forming region lies star cluster NGC 602, also called N90.",https://science.nasa.gov/asset/hubble/hubble-observes-infant-stars-in-nearby-galaxy/,2004
,5,4,july-14-2024-ic1954.jpg,Galaxy IC 1954,"Spiral galaxy IC 1954, located 45 million light-years from Earth, sports a glowing bar in its core, majestically winding spiral arms, and clouds of dark dust.",https://science.nasa.gov/missions/hubble/hubble-captures-stellar-nurseries-in-a-majestic-spiral/,2024
,5,5,july-14-2019-m17-swan.jpg,Swan Nebula,"Messier 17, also known as the Omega Nebula or Swan Nebula, is one of the largest star-forming regions in the Milky Way galaxy. It contains one of our galaxy’s youngest star clusters, only 1 million years old.",https://science.nasa.gov/mission/hubble/science/explore-the-night-sky/hubble-messier-catalog/messier-17/,2019
7/15/2019 0:00:00,5,1,july-15-2009-omega-centauri-core.jpg,Core of Star Cluster Omega Centauri,"This view shows stars at the heart of Omega Centauri, one of roughly 150 globular clusters in our Milky Way galaxy. The behemoth stellar grouping is the biggest and brightest globular cluster in the Milky Way, and one of the few that can be seen by the unaided eye.",https://science.nasa.gov/asset/hubble/colorful-stars-galore-inside-globular-star-cluster-omega-centauri/,2009
,5,2,july-15-2003-ngc4100.jpg,Spiral Galaxy NGC 4100,"This sparkling spiral galaxy looks almost stretched across the sky in this image. Known as NGC 4100, the galaxy boasts a neat spiral structure and swirling arms speckled with the bright blue hue of newly formed stars.",https://science.nasa.gov/missions/hubble/hubble-spots-stretching-spiral/,2003
,5,3,july-15-2012-abell-209.jpg,Galaxy Cluster Abell 209,"This image of a massive, spacetime-warping cluster of galaxies, called Abell 209, shows more than a hundred galaxies. They are separated by millions of light-years, and the seemingly-empty space between the galaxies is filled with hot, diffuse gas.",https://science.nasa.gov/missions/hubble/hubble-snaps-galaxy-clusters-portrait/,2012
,5,4,july-15-2004-ngc346.jpg,Star Cluster NGC 346,This image captures a dynamic star-forming region in a nearby dwarf galaxy called the Small Magellanic Cloud. At the center is a brilliant star cluster called NGC 346.,https://science.nasa.gov/asset/hubble/young-stars-sculpt-gas-with-powerful-outflows-in-the-small-magellanic-cloud/,2004
,5,5,july-15-2018-ngc-1559.jpg,Spiral Galaxy NGC 1559,"This barred spiral galaxy is NGC 1559. This picture is composed of 10 different Hubble images in a number of wavelengths of light, from ultraviolet through visible light and into the near-infrared spectrum.",https://science.nasa.gov/missions/hubble/hubble-lights-the-way-with-new-multiwavelength-galaxy-view/,2018
7/16/2019 0:00:00,5,1,july-16-2006-galaxy-eso-239-2.jpg,Interacting Galaxy ESO 239-2,"ESO 239-2 is the result of a cosmic collision between galaxies that will eventually result in a larger ""elliptical"" galaxy. The intermediate stage captured here shows a galaxy with long tails of dust and gas that envelope the galaxy's core.",https://science.nasa.gov/asset/hubble/hubble-interacting-galaxy-eso-239-2/,2006
,5,2,july-16-2022-andromeda-galaxy.jpg,Andromeda Galaxy,"This panoramic view of the neighboring Andromeda galaxy, located 2.5 million light-years away, captures the glow of 200 million stars. It took over 10 years to make this vast and colorful portrait of the galaxy, requiring over 600 overlapping snapshots that were challenging to stitch together.",https://science.nasa.gov/asset/hubble/hubble-m31-phatphast-mosaic/,2022
,5,3,july-16-2005-ngc6791.jpg,Open Cluster NGC 6791,"NGC 6791 is an ""open cluster"" of stars loosely bound by gravity. This image is filled with stars estimated to be 8 billion years old. Two background galaxies are visible at upper left.",https://science.nasa.gov/asset/hubble/white-dwarf-stars-in-open-cluster-ngc-6791/,2003
,5,4,july-16-2017-messier-87.jpg,Elliptical Galaxy Messier 87,"This image of the giant galaxy M87 shows a 3,000-light-year-long jet of plasma blasting from the galaxy's 6.5-billion-solar-mass central black hole. The jet seems to cause stars to erupt along its trajectory.",https://science.nasa.gov/asset/hubble/m87-4/,2017
,5,5,july-16-2004-ngc-6397.jpg,Globular Cluster NGC 6397,"This ancient stellar jewelry box, globular cluster NGC 6397, glitters with the light from hundreds of thousands of stars. The cluster is 13.4 billion years old, born shortly after the Big Bang.",https://science.nasa.gov/asset/hubble/ngc-6397/,2004
7/17/2019 0:00:00,5,1,july-17-2002-ngc300.jpg,Spiral Galaxy NGC 300,"NGC 300 is a spiral galaxy similar to our own Milky Way galaxy. Some of the bright blue specks in this image are young, massive stars called blue supergiants, and they are among the brightest stars seen in spiral galaxies.",https://science.nasa.gov/asset/hubble/myriad-of-stars-in-spiral-galaxy-ngc-300-central-detail/,2002
,5,2,july-17-1997-ngc-4603.jpg,Spiral Galaxy NGC 4603,Spiral galaxy NGC 4603 is the most distant galaxy in which a special class of pulsating stars called Cepheid variables have been found. Cepheid variable stars can be used to determine the distance to galaxies.,https://science.nasa.gov/asset/hubble/distant-spiral-galaxy-ngc-4603-home-to-variable-stars/,1997
,5,3,july-17-2004-ngc346.jpg,Star Cluster NGC 346,This image captures a dynamic star-forming region in a nearby dwarf galaxy called the Small Magellanic Cloud. At the center is a brilliant star cluster called NGC 346.,https://science.nasa.gov/asset/hubble/young-stars-sculpt-gas-with-powerful-outflows-in-the-small-magellanic-cloud/,2004
,5,4,july-17-2005-carina-nebula.jpg,Sculpted Landscape of the Carina Nebula,"Violent stellar winds and powerful radiation from massive stars are sculpting these one-light-year-tall pillars in the surrounding Carina Nebula. Inside the dense structures, new stars may be born.",https://science.nasa.gov/asset/hubble/cosmic-ice-sculptures-dust-pillars-in-the-carina-nebula/,2005
,5,5,july-17-2005-trumpler14.jpg,Star Cluster Trumpler 14,"Called Trumpler 14, this cluster of stars is located 8,000 light-years away in a huge star-forming region known as the Carina Nebula. The cluster is only 500,000 years old and has one of the highest concentrations of bright, massive stars in the Milky Way.",https://science.nasa.gov/asset/hubble/trumpler-14/,2005
7/18/2019 0:00:00,5,1,july-18-1997-am1316-241.jpg,Interacting Galaxies AM 1316-241,AM 1316-241 is made up of two interacting galaxies: a spiral galaxy (on the left) in front of an elliptical galaxy (on the right). The starlight from the background elliptical galaxy is partially obscured by bands and filaments of dust in the foreground spiral galaxy.,https://science.nasa.gov/asset/hubble/hubble-interacting-galaxy-am-1316-241/,1997
,5,2,july-18-2006-fomalhautb.jpg,Fomalhaut and Fomalhaut b,"This image shows the debris disk around the star Fomalhaut. These disks often give rise to planets. Fomalhaut b, originally thought to be a planet when observed in 2015, was later discovered to be a rarely-seen collision between icy objects in the disk.",https://science.nasa.gov/asset/hubble/hst-image-of-fomalhaut-and-fomalhaut-b/,2006
,5,3,july-18-2005-bokglob-caterpiller.jpg,Bok Globule: The Caterpillar,"A Bok globule nicknamed the ""caterpillar"" appears at the right in this image of the Carina Nebula. Its glowing edge indicates that it is being photoionized by the hottest stars in the cluster.",https://science.nasa.gov/asset/hubble/carina-nebula-details/,2005
,5,4,july-18-1997-ngc-4603.jpg,Spiral Galaxy NGC 4603,Spiral galaxy NGC 4603 is the most distant galaxy in which a special class of pulsating stars called Cepheid variables have been found. Cepheid variable stars can be used to determine the distance to galaxies.,https://science.nasa.gov/asset/hubble/distant-spiral-galaxy-ngc-4603-home-to-variable-stars/,1997
,5,5,july-18-2004-ngc602.jpg,Star Cluster NGC 602,"This image depicts bright, blue, newly formed stars that are blowing a cavity in the center of a star-forming region in the Small Magellanic Cloud. At the heart of the star-forming region lies star cluster NGC 602, also called N90.",https://science.nasa.gov/asset/hubble/hubble-observes-infant-stars-in-nearby-galaxy/,2004
7/19/2019 0:00:00,5,1,july-19-2002-ngc300.jpg,Spiral Galaxy NGC 300,"NGC 300 is a spiral galaxy similar to our own Milky Way galaxy. Some of the bright blue specks in this image are young, massive stars called blue supergiants, and they are among the brightest stars seen in spiral galaxies.",https://science.nasa.gov/asset/hubble/myriad-of-stars-in-spiral-galaxy-ngc-300-central-detail/,2002
,5,2,july-19-2013-47-tucanae.jpg,Globular Cluster 47 Tucanae,"This image of the heart of the giant globular star cluster 47 Tucanae reveals the glow of 200,000 stars. Young white dwarfs ― the burned-out relics of stars that have used up their nuclear fuel, cooled down, and lost most of their mass ― are beginning to migrate outward.",https://science.nasa.gov/asset/hubble/white-dwarfs-migrating-from-globular-cluster-47-tucanaes-core/,2013
,5,3,july-19-2004-fomalhautb.jpg,Fomalhaut and Fomalhaut b,"This image shows the debris disk around the star Fomalhaut. These disks often give rise to planets. Fomalhaut b, originally thought to be a planet when observed in 2015, was later discovered to be a rarely-seen collision between icy objects in the disk.",https://science.nasa.gov/asset/hubble/hst-image-of-fomalhaut-and-fomalhaut-b/,2004
,5,4,july-19-1999-hickson87.jpg,Hickson Compact Group 87,"This troupe of galaxies, known as Hickson Compact Group 87, is performing an intricate dance orchestrated by the mutual gravitational forces acting between them. The small spiral near the center could either be a member or an unrelated background object.",https://science.nasa.gov/asset/hubble/hickson-compact-group-87-a-minuet-of-four-galaxies/,1999
,5,5,july-19-2021-omega-centauri.jpg,Omega Centauri,Omega Centauri consists of roughly 10 million stars that are gravitationally bound. The cluster is about 10 times as massive as other big globular clusters – almost as massive as a small galaxy.,https://science.nasa.gov/asset/hubble/omega-centauri-2/,2021
7/20/2019 0:00:00,5,1,july-20-1997-ant-nebula.jpg,Ant Nebula,The Ant Nebula displays intriguing symmetrical patterns in the lobes of gas being ejected from a dying Sun-like star at its center.,https://science.nasa.gov/asset/hubble/the-ant-nebula-menzel-3-fiery-lobes-protrude-from-dying-sun-like-star/,1997
,5,2,july-20-2013-ngc1015.jpg,Spiral Galaxy NGC 1015,"NGC 1015 is a barred spiral galaxy, so called because the higher concentration of stars near the galaxy's center forms a bar or rod through the center.",https://science.nasa.gov/asset/hubble/ngc-3972-and-ngc-1015/,2013
,5,3,july-20-2011-macs-j2129-0741.jpg,Galaxy Cluster MACS J2129-0741,"This is a wide view of galaxy cluster MACS J2129-0741. The massive galaxy cluster magnifies, brightens, and distorts the images of remote background galaxies, including the far-distant, dead disk galaxy MACS2129-1.",https://science.nasa.gov/asset/hubble/galaxy-cluster-macs-j2129-0741-and-lensed-galaxy-macs2129-1/,2011
,5,4,july-20-2021-omega-centauri.jpg,Omega Centauri,Omega Centauri consists of roughly 10 million stars that are gravitationally bound. The cluster is about 10 times as massive as other big globular clusters – almost as massive as a small galaxy.,https://science.nasa.gov/asset/hubble/omega-centauri-2/,2021
,5,5,july-20-1999-hickson87.jpg,Hickson Compact Group 87,"This troupe of galaxies, known as Hickson Compact Group 87, is performing an intricate dance orchestrated by the mutual gravitational forces acting between them. The small spiral near the center could either be a member or an unrelated background object.",https://science.nasa.gov/asset/hubble/hickson-compact-group-87-a-minuet-of-four-galaxies/,1999
7/21/2019 0:00:00,5,1,july-21-2004-antennae-galaxies.jpg,Antennae Galaxies,"The two merging spiral galaxies that comprise the Antennae galaxies began their interaction only a few hundred million years ago. Over the course of the merger, billions of stars will be formed.",https://science.nasa.gov/asset/hubble/the-antennae-galaxiesngc-4038-4039/,2004
,5,2,july-21-2006-hen2-437.jpg,Planetary Nebula Hen 2-437,"Hen 2-437 is a planetary nebula, one of around 3,000 such objects known to reside within the Milky Way. Planetary nebulae such as Hen 2-437 form when an aging low-mass star, such as the Sun, reaches the final stages of life.",https://science.nasa.gov/missions/hubble/hubble-watches-the-icy-blue-wings-of-hen-2-437/,2006
,5,3,july-21-2008-abell-2597.jpg,Galaxy Abell 2597,This galaxy shows chains of star formation in ultraviolet light. This star formation is a product of the action of the jets from a central black hole that controls infalling gas from the galaxy's halo.,https://science.nasa.gov/missions/hubble/nasas-hubble-finds-evidence-of-galaxy-star-birth-regulated-by-black-hole-fountain/,2008
,5,4,july-21-2016-ngc1466.jpg,Globular Cluster NGC 1466,"NGC 1466 is an ancient, glimmering ball of stars, roughly spherical and bound together by gravity. This is called a globular cluster.",https://science.nasa.gov/asset/hubble/globular-star-cluster-ngc-1466/,2016
,5,5,july-21-2025-comet3i-atlas.jpg,Comet 3I/ATLAS,"Interstellar comet 3I/ATLAS was photographed when it was 277 million miles (365 million km) from Earth. The comet has a teardrop-shaped cocoon of dust coming off its solid, icy nucleus.",https://science.nasa.gov/missions/hubble/as-nasa-missions-study-interstellar-comet-hubble-makes-size-estimate/,2025
7/22/2019 0:00:00,5,1,july-22-2006-iras20324-4057.jpg,Protostar IRAS 20324+4057,"This caterpillar-shaped knot, called IRAS 20324+4057, is a protostar that is in the process of growing from the dust and gas surrounding it. However, other bright stars are blasting ultraviolet radiation at this ""wanna-be"" star and sculpting the gas and dust into its long shape.",https://science.nasa.gov/asset/hubble/hubble-sees-a-cosmic-caterpillar/,2006
,5,2,july-22-2007-messier-30.jpg,Globular Cluster Messier 30,This image of globular cluster M30 captures a dense swarm of several hundred thousand stars bound together by gravity. M30 is about 90 light-years across and formed 13 billion years ago.,https://science.nasa.gov/mission/hubble/science/explore-the-night-sky/hubble-messier-catalog/messier-30/,2007
,5,3,july-22-1997-ngc4214.jpg,Irregular Galaxy NGC 4214,"Nearby galaxy NGC 4214 is forming clusters of new stars from its interstellar gas and dust. Young, hot stars have a whitish to bluish color in this image because of their high surface temperatures.",https://science.nasa.gov/asset/hubble/fireworks-of-star-formation-light-up-galaxy-ngc-4214/,1997
,5,4,july-22-1997-jupiter-io.jpg,Jupiter and Io,"While hunting for volcanic plumes on Io, astronomers captured this image of the volatile moon sweeping across the giant face of Jupiter. Io is roughly the size of Earth's Moon, but 2,000 times farther away from its planet.",https://science.nasa.gov/asset/hubble/jupiters-moon-io-sweeps-across-the-planet-io-volcano-spews-sulfur-dioxide-snow-lower-right/,1997
,5,5,july-22-2018-ngc-5643.jpg,Spiral Galaxy NGC 5643,"The glorious spiral galaxy NGC 5643 is a grand design spiral, which refers to the galaxy’s symmetrical form with two large, winding spiral arms that are clearly visible.",https://science.nasa.gov/missions/hubble/hubble-images-a-grand-spiral/,2018
7/23/2019 0:00:00,4,1,july-23-2009-jupiter-impact-scar.jpg,Impact Scar on Jupiter,"This image of Jupiter reveals an elongated, dark spot. The unexpected blemish was created when an asteroid plunged into Jupiter and exploded, scattering debris into the giant planet's cloud tops.",https://science.nasa.gov/asset/hubble/jupiter-impact-scar-is-going-going-gone/,2009
,4,2,july-23-2020-ngc-4680.jpg,Spiral Galaxy NGC 4680,"NGC 4680 is actually a rather tricky galaxy to classify. It is sometimes referred to as a spiral galaxy, but it is also sometimes classified as a lenticular galaxy. Lenticular galaxies are ""lens-shaped"" and fall somewhere in between spiral galaxies and elliptical galaxies.",https://science.nasa.gov/missions/hubble/hubble-sees-a-spiral-in-good-company/,2020
,4,3,july-23-2004-wfi2033-4723.jpg,Lensed Quasar WFI2033-4723,The gravity from the central core of a massive galaxy magnifies and distorts the light from a quasar behind it. Quasars are extremely distant cosmic streetlights produced by active black holes.,https://science.nasa.gov/asset/hubble/mosaic-of-gravitationally-lensed-quasars/,2004
,4,4,july-23-2010-andromeda-tendril.jpg,Andromeda Galaxy Tendril,"Swaths of ionized gas glow in a tendril of the Milky Way's neighboring galaxy, Andromeda. These regions, which are common in spiral and irregular galaxies, often indicate the presence of recent star formation.",https://science.nasa.gov/missions/hubble/hubble-zooms-into-the-rosy-tendrils-of-andromeda/,2010
,5,5,july-23-2021-ngc4395.jpg,Spiral Galaxy NGC 4395,"This image of dwarf spiral galaxy NGC 4395 looks at a small section of the galaxy. NGC 4395 is one of the closest and dimmest known Seyfert galaxies, which have very bright cores driven by supermassive black holes.",https://science.nasa.gov/missions/hubble/hubble-gazes-at-the-home-of-an-enormous-black-hole/,2021
7/24/2019 0:00:00,5,1,july-24-1996-jupiter-io.jpg,Jupiter and Io,This image shows Jupiter's volcanic moon Io passing above the turbulent clouds of the giant planet. The conspicuous black spot on Jupiter is Io's shadow. The shadow sweeps across the face of Jupiter at 17 kilometers per second.,https://science.nasa.gov/asset/hubble/rare-image-of-jupiter-and-its-moon-io/,1996
,5,2,july-24-2002-47-tucanae.jpg,Globular Cluster 47 Tucanae,"This image shows the core of the globular star cluster 47 Tucanae. The entire cluster contains about a million stars, with many packed tightly in the core.",https://science.nasa.gov/asset/hubble/stellar-sorting-in-globular-cluster-47-tucanae/,2002
,5,3,july-24-2010-ngc-1309.jpg,Spiral Galaxy NGC 1309,"Looking like a child's pinwheel ready to be set spinning by a gentle breeze, this dramatic spiral galaxy is home to multiple notable stellar explosions, called supernovae, including SN 2002fk and SN 2012Z.",https://science.nasa.gov/asset/hubble/supernova-2012z-in-spiral-galaxy-ngc-1309/,2010
,5,4,july-24-2021-ngc-6956.jpg,Spiral Galaxy NGC 6956,"Against an inky black backdrop, the blue swirls of spiral galaxy NGC 6956 stand out radiantly. NGC 6956 is a barred spiral galaxy, a common type of spiral galaxy with a bar-shaped structure of stars in its center.",https://science.nasa.gov/missions/hubble/hubble-captures-majestic-barred-spiral/,2021
,5,5,july-24-2010-andromeda-tendril.jpg,Andromeda Galaxy Tendril,"Swaths of ionized gas glow in a tendril of the Milky Way's neighboring galaxy, Andromeda. These regions, which are common in spiral and irregular galaxies, often indicate the presence of recent star formation.",https://science.nasa.gov/missions/hubble/hubble-zooms-into-the-rosy-tendrils-of-andromeda/,2010
7/25/2019 0:00:00,5,1,july-25-1999-hickson87.jpg,Hickson Compact Group 87,"This troupe of galaxies, known as Hickson Compact Group 87, is performing an intricate dance orchestrated by the mutual gravitational forces acting between them. The small spiral near the center could either be a member or an unrelated background object.",https://science.nasa.gov/asset/hubble/hickson-compact-group-87-a-minuet-of-four-galaxies/,1999
,5,2,july-25-2018-eta-carinae.jpg,Eta Carinae,"The giant, petulant star Eta Carinae is prone to violent explosions. It's the largest of a double-star system located about 7,500 light-years away.",https://science.nasa.gov/asset/hubble/eta-carinae-observations-in-uv-light-uncover-magnesium-embedded-in-warm-gas/,2018
,5,3,july-25-2009-stephans-quintet.jpg,Stephan's Quintet,"A clash among members of a famous galaxy group called Stephan's Quintet, also known as Hickson Compact Group 92, reveals an assortment of stars across a wide color range, from young, blue stars to aging, red stars.",https://science.nasa.gov/asset/hubble/galactic-wreckage-in-stephans-quintet/,2009
,5,4,july-25-2011-omega-centauri.jpg,Omega Centauri,Omega Centauri consists of roughly 10 million stars that are gravitationally bound. The cluster is about 10 times as massive as other big globular clusters – almost as massive as a small galaxy.,https://science.nasa.gov/asset/hubble/omega-centauri-2/,2011
,5,5,july-25-2014-ngc6744.jpg,Spiral Galaxy NGC 6744,NGC 6744 is a large spiral galaxy about 31 million light-years from Earth. It is undergoing vigorous star and star cluster formation along the dark filaments that make up the spiral arms.,https://science.nasa.gov/asset/hubble/legus-galaxies/,2014
7/26/2019 0:00:00,5,1,july-26-2010-andromeda-galaxy.jpg,Andromeda Galaxy,"Over 100 million stars are on display in this portion of the Andromeda galaxy, located over 2 million light-years away. This portrait of our galactic neighbor uses 7,398 exposures taken over 411 individual pointings of the telescope.",https://science.nasa.gov/asset/hubble/hubble-m31-phat-mosaic/,2010
,5,2,july-26-2006-uranus-ariel.jpg,Uranus and Ariel,"This is the first time astronomers observed a moon and its shadow passing together over the face of Uranus. The 700-mile-diameter (1127 km) moon, Ariel (white dot), is casting a shadow onto the cloud tops of Uranus.",https://science.nasa.gov/asset/hubble/uranus-and-ariel/,2006
,5,3,july-26-2009-stephans-quintet.jpg,Stephan's Quintet,"A clash among members of a famous galaxy group called Stephan's Quintet, also known as Hickson Compact Group 92, reveals an assortment of stars across a wide color range, from young, blue stars to aging, red stars.",https://science.nasa.gov/asset/hubble/galactic-wreckage-in-stephans-quintet/,2009
,5,4,july-26-2012-omega-centauri.jpg,Omega Centauri,Omega Centauri consists of roughly 10 million stars that are gravitationally bound. The cluster is about 10 times as massive as other big globular clusters – almost as massive as a small galaxy.,https://science.nasa.gov/asset/hubble/omega-centauri-2/,2012
,5,5,july-26-2014-ngc6744.jpg,Spiral Galaxy NGC 6744,NGC 6744 is a large spiral galaxy about 31 million light-years from Earth. It is undergoing vigorous star and star cluster formation along the dark filaments that make up the spiral arms.,https://science.nasa.gov/asset/hubble/legus-galaxies/,2014
7/27/2019 0:00:00,5,1,july-27-2010-andromeda-galaxy.jpg,Andromeda Galaxy,"Over 100 million stars are on display in this portion of the Andromeda galaxy, located over 2 million light-years away. This portrait of our galactic neighbor uses 7,398 exposures taken over 411 individual pointings of the telescope.",https://science.nasa.gov/asset/hubble/hubble-m31-phat-mosaic/,2010
,5,2,july-27-2016-abell-370.jpg,Galaxy Cluster Abell 370,"The galaxy cluster Abell 370 contains several hundred galaxies tied together by the mutual pull of gravity. Entangled among the galaxies are arcs of blue light, actually distorted and magnified images of remote galaxies behind the cluster.",https://science.nasa.gov/asset/hubble/galaxy-cluster-abell-370/,2016
,5,3,july-27-2019-ngc-7678.jpg,Spiral Galaxy NGC 7678,"NGC 7678 is a galaxy with one particularly prominent arm. With a diameter of around 115,000 light-years, this bright spiral galaxy is a similar size to our own Milky Way Galaxy.",https://science.nasa.gov/missions/hubble/hubble-spots-a-galaxy-with-a-peculiar-arm/,2019
,5,4,july-27-2009-pillar-carina-nebula.jpg,Pillar in the Carina Nebula,"Composed of gas and dust, this pillar of star birth resides in a tempestuous stellar nursery called the Carina Nebula. Within this pillar is Herbig Haro 666, a young star that is shooting out narrow jets in opposite directions.",https://science.nasa.gov/asset/hubble/stars-bursting-to-life-in-the-chaotic-carina-nebula/,2009
,5,5,july-27-2017-triangulum-galaxy.jpg,Triangulum Galaxy,"This mosaic captures the nearby Triangulum galaxy. Striking areas of starbirth glow bright blue throughout the galaxy, particularly in beautiful nebulae of hot gas like star-forming region NGC 604 in the upper left.",https://science.nasa.gov/asset/hubble/triangulum-galaxy-messier-33-m33/,2017
7/28/2019 0:00:00,5,1,july-28-2017-triangulum-galaxy.jpg,Triangulum Galaxy,"This mosaic captures the nearby Triangulum galaxy. Striking areas of starbirth glow bright blue throughout the galaxy, particularly in beautiful nebulae of hot gas like star-forming region NGC 604 in the upper left.",https://science.nasa.gov/asset/hubble/triangulum-galaxy-messier-33-m33/,2017
,5,2,july-28-1995-ngc-5307.jpg,Planetary Nebula NGC 5307,"NGC 5307, about 10,000 light-years away, is an example of a planetary nebula with a pinwheel or spiral structure. Each blob of gas ejected from the central star has a counterpart on the opposite side of the star.",https://science.nasa.gov/asset/hubble/hubbles-planetary-nebula-gallery/,1995
,5,3,july-28-2016-abell-370.jpg,Galaxy Cluster Abell 370,"The galaxy cluster Abell 370 contains several hundred galaxies tied together by the mutual pull of gravity. Entangled among the galaxies are arcs of blue light, actually distorted and magnified images of remote galaxies behind the cluster.",https://science.nasa.gov/asset/hubble/galaxy-cluster-abell-370/,2016
,5,4,july-28-2009-pillar-carina-nebula.jpg,Pillar in the Carina Nebula,"Composed of gas and dust, this pillar of star birth resides in a tempestuous stellar nursery called the Carina Nebula. Within this pillar is Herbig Haro 666, a young star that is shooting out narrow jets in opposite directions.",https://science.nasa.gov/asset/hubble/stars-bursting-to-life-in-the-chaotic-carina-nebula/,2009
,5,5,july-28-2021-omega-centauri.jpg,Omega Centauri,Omega Centauri consists of roughly 10 million stars that are gravitationally bound. The cluster is about 10 times as massive as other big globular clusters – almost as massive as a small galaxy.,https://science.nasa.gov/asset/hubble/omega-centauri-2/,2021
7/29/2019 0:00:00,5,1,july-29-2006-trumpler14.jpg,Star Cluster Trumpler 14,"Called Trumpler 14, this cluster of stars is located 8,000 light-years away in a huge star-forming region known as the Carina Nebula. The cluster is only 500,000 years old and has one of the highest concentrations of bright, massive stars in the entire Milky Way.",https://science.nasa.gov/asset/hubble/trumpler-14/,2006
,5,2,july-29-2006-ngc-1275.jpg,Active Galaxy NGC 1275,"Fine, thread-like filamentary structures in the gas surrounding this galaxy mark the feedback process through which energy is transferred from the central massive black hole to the surrounding gas.",https://science.nasa.gov/asset/hubble/hubble-acs-image-of-ngc-1275/,2006
,5,3,july-29-2016-abell-370.jpg,Galaxy Cluster Abell 370,"The galaxy cluster Abell 370 contains several hundred galaxies tied together by the mutual pull of gravity. Entangled among the galaxies are arcs of blue light, actually distorted and magnified images of remote galaxies behind the cluster.",https://science.nasa.gov/asset/hubble/galaxy-cluster-abell-370/,2016
,5,4,july-29-2018-ngc5861.jpg,Spiral Galaxy NGC 5861,"The beautiful NGC 5861 is an intermediate spiral galaxy. Two supernovae, SN 1971D and SN 2017erp, have been observed in the galaxy. Supernovae are powerful and luminous explosions created by massive, dying stars.",https://science.nasa.gov/missions/hubble/hubble-views-galaxy-host-to-2-supernovae/,2018
,5,5,july-29-2018-ngc6440.jpg,Globular Cluster NGC 6440,"NGC 6440 is a globular cluster, a roughly spherical, tightly packed collection of hundreds of thousands to millions of stars. The stars average about one light-year apart, but can be as close together as the size of our solar system.",https://science.nasa.gov/missions/hubble/hubble-captures-a-swarm-of-stars/,2018
7/30/2019 0:00:00,5,1,july-30-1995-hourglass-nebula.jpg,Hourglass Nebula,The Hourglass Nebula has been formed by a dying Sun-like star shedding its outer layers of gas. One theory suggests that the hourglass shape is produced as a fast stellar wind encounters a slowly expanding cloud that is more dense near the star's equator than near its poles.,https://science.nasa.gov/asset/hubble/planetary-nebula-mycn18-an-hourglass-pattern-around-a-dying-star/,1995
,5,2,july-30-2016-abell-370.jpg,Galaxy Cluster Abell 370,"The galaxy cluster Abell 370 contains several hundred galaxies tied together by the mutual pull of gravity. Entangled among the galaxies are arcs of blue light, actually distorted and magnified images of remote galaxies behind the cluster.",https://science.nasa.gov/asset/hubble/galaxy-cluster-abell-370/,2016
,5,3,july-30-2023-hp-tau.jpg,Triple Star System in a Cocoon of Gas,"A trio of dazzling stars blaze from the hollowed-out cavity of a reflection nebula. The triple-star system is made up of the variable star HP Tau, HP Tau G2, and HP Tau G3.",https://www.nasa.gov/image-article/hubble-views-the-dawn-of-a-sun-like-star/,2023
,5,4,july-30-2006-ngc-1275.jpg,Active Galaxy NGC 1275,"Fine, thread-like filamentary structures in the gas surrounding this galaxy mark the feedback process through which energy is transferred from the central massive black hole to the surrounding gas.",https://science.nasa.gov/asset/hubble/hubble-acs-image-of-ngc-1275/,2006
,5,5,july-30-2020-ngc-1052-df3.jpg,Diffuse Galaxy NGC 1052-DF2,"NGC 1052-DF2, or DF2, is an unusual ""see-through"" galaxy. The giant cosmic cotton ball is so diffuse and its ancient stars so spread out that distant galaxies in the background can be seen through it.",https://science.nasa.gov/asset/hubble/ngc1052-df2/,2020
7/31/2019 0:00:00,5,1,july-31-2017-triangulum-galaxy.jpg,Triangulum Galaxy,"This mosaic captures the nearby Triangulum galaxy. Striking areas of star birth glow bright blue throughout the galaxy, particularly in beautiful nebulae of hot gas like star-forming region NGC 604 in the upper left.",https://science.nasa.gov/asset/hubble/triangulum-galaxy-messier-33-m33/,2017
,5,2,july-31-2014-galaxy-cluster-macs-j041612403.jpg,Galaxy Cluster MACS J0416.1-2403,"Massive galaxy cluster MACS J0416.1-2403 weighs as much as a million billion suns. The cluster's gravitational field magnifies and distorts the light from galaxies far behind it, a phenomenon called gravitational lensing.",https://science.nasa.gov/asset/hubble/faint-compact-galaxy-in-the-early-universe/,2014
,5,3,july-31-2021-m72.jpg,Globular Cluster Messier 72,"M72 is a collection of stars formally known as a globular cluster. The intense gravitational attraction between the closely packed stars gives globular clusters their regular, spherical shape.",https://science.nasa.gov/missions/hubble/hubble-visits-glittering-cluster-capturing-its-ultraviolet-light/,2021
,5,4,july-31-2019-ngc2276.jpg,Spiral Galaxy NGC 2276,"The lopsided galaxy NGC 2276's uneven appearance is due to a neighboring galaxy to the right (not seen here) gravitationally tugging on its disk of blue stars, pulling the stars on one side of the galaxy outward.",https://science.nasa.gov/asset/hubble/ngc-2276/,2019
,5,5,july-31-2017-messier-87.jpg,Elliptical Galaxy Messier 87,"This image of the giant galaxy M87 shows a 3,000-light-year-long jet of plasma blasting from the galaxy's 6.5-billion-solar-mass central black hole. The jet seems to cause stars to erupt along its trajectory.",https://science.nasa.gov/asset/hubble/m87-4/,2017
8/1/2019 0:00:00,5,1,august-1-2005-ngc-1672.jpg,Spiral Galaxy NGC 1672,"NGC 1672 is a barred spiral galaxy. Its arms do not twist all the way to the galaxy's center but attach to the ends of a bar of stars that extends from the nucleus. Clusters of hot, young, blue stars form along the spiral arms, while surrounding clouds of hydrogen gas glow red.",https://science.nasa.gov/asset/hubble/hubbles-view-of-barred-spiral-galaxy-ngc-1672/,2005
,5,2,august-1-2001-trifid-nebula.jpg,Trifid Nebula,"The Trifid Nebula is a stellar nursery criss-crossed by huge, dark lanes of dust. This close-up view of the center of the nebula, near the intersection of the dust bands, shows a group of recently formed, massive, bright stars.",https://science.nasa.gov/asset/hubble/the-heart-of-the-trifid-nebula-messier-20ngc-6514/,2001
,5,3,august-1-2014-galaxy-cluster-macs-j041612403.jpg,Galaxy Cluster MACS J0416.1-2403,"Massive galaxy cluster MACS J0416.1-2403 weighs as much as a million billion suns. The cluster's gravitational field magnifies and distorts the light from galaxies far behind it, a phenomenon called gravitational lensing.",https://science.nasa.gov/asset/hubble/faint-compact-galaxy-in-the-early-universe/,2014
,5,4,august-1-2004-ngc-6397.jpg,Globular Cluster NGC 6397,"This ancient stellar jewelry box, globular cluster NGC 6397, glitters with the light from hundreds of thousands of stars. The cluster is 13.4 billion years old, born shortly after the Big Bang.",https://science.nasa.gov/asset/hubble/ngc-6397/,2004
,5,5,august-1-2017-triangulum-galaxy.jpg,Triangulum Galaxy,This mosaic captures the nearby Triangulum galaxy. Striking areas of star birth glow bright blue throughout the galaxy.,https://science.nasa.gov/asset/hubble/triangulum-galaxy-messier-33-m33/,2017
8/2/2019 0:00:00,5,1,august-2-1997-hubble-v-nebula.jpg,Hubble-V Nebula,"Hubble-V is an active star-forming region within galaxy NGC 6822. The cloud is about 200 light-years across and contains a dense knot of dozens of ultra-hot stars, each 100,000 times brighter than our Sun.",https://science.nasa.gov/asset/hubble/a-giant-star-factory-in-neighboring-galaxy-ngc-6822/,1997
,5,2,august-2-1997-twin-jet-nebula.jpg,Twin Jet Nebula,"The Twin Jet Nebula, also known as M2-9, is a striking example of a ""butterfly"" or a bipolar planetary nebula. If the nebula is sliced across the star, each side of it appears much like a pair of exhausts from jet engines.",https://science.nasa.gov/asset/hubble/supersonic-exhaust-from-nebula-m2-9/,1997
,5,3,august-2-2009-eso-137-001.jpg,Spiral Galaxy ESO 137-001,The spiral galaxy ESO 137-001 is zooming toward the upper right of this image so rapidly that much of its own gas is caught and torn away. The galaxy's stars remain intact due to the gravity tying them together.,https://science.nasa.gov/asset/hubble/galaxy-eso-137-001/,2009
,5,4,august-2-2017-messier-33.jpg,Spiral Galaxy Messier 33,Reddish clouds of ionized hydrogen are interspersed with dark lanes of dust in the center of spiral galaxy Messier 33. The apparent graininess of the image is actually swarms of countless stars.,https://science.nasa.gov/missions/hubble/hubble-peers-into-the-center-of-a-star-forming-powerhouse/,2017
,5,5,august-2-2017-triangulum-galaxy.jpg,Triangulum Galaxy,This mosaic captures the nearby Triangulum galaxy. Striking areas of star birth glow bright blue throughout the galaxy.,https://science.nasa.gov/asset/hubble/triangulum-galaxy-messier-33-m33/,2017
8/3/2019 0:00:00,5,1,august-3-2009-jupiter-impact-scar.jpg,Impact Scar on Jupiter,"This image shows a scar on Jupiter. The unexpected blemish was created when an object (likely an asteroid) plunged into Jupiter and exploded, scattering debris into the giant planet's cloud tops.",https://science.nasa.gov/asset/hubble/jupiter-impact-scar-is-going-going-gone/,2009
,5,2,august-3-2017-triangulum-galaxy.jpg,Triangulum Galaxy,This mosaic captures the nearby Triangulum galaxy. Striking areas of star birth glow bright blue throughout the galaxy.,https://science.nasa.gov/asset/hubble/triangulum-galaxy-messier-33-m33/,2017
,5,3,august-3-1995-ic-3568.jpg,Planetary Nebula IC 3568,"IC 3568, a round planetary nebula, lies at a distance of about 9,000 light-years away from Earth. Its bright yellow-green inner shell and faint, smooth, circular outer envelope gives it the appearance of a lime.",https://science.nasa.gov/asset/hubble/hubbles-planetary-nebula-gallery/,1995
,5,4,august-3-2011-macs-j2129-0741.jpg,Galaxy Cluster MACS J2129-0741,"This is a wider view of galaxy cluster MACS J2129-0741. The massive galaxy cluster magnifies, brightens, and distorts the images of remote background galaxies, including the far-distant, dead disk galaxy MACS2129-1.",https://science.nasa.gov/asset/hubble/galaxy-cluster-macs-j2129-0741-and-lensed-galaxy-macs2129-1/,2011
,5,5,august-3-2024-ngc-1637.jpg,Spiral Galaxy NGC 1637,"The spiral galaxy NGC 1637 holds evidence of star formation scattered throughout its disk, if you know where to look. The galaxy’s spiral arms have pockets of pink clouds, many with bright blue stars.",https://science.nasa.gov/missions/hubble/hubble-spots-a-spiral-in-the-celestial-river/,2024
8/4/2019 0:00:00,5,1,august-4-2001-herbig-haro-24.jpg,Herbig-Haro 24,"A partially obscured, newborn star near the center of this image is shooting twin jets into the surrounding gas and dust. The shocks from the collision light up patches of nebulosity collectively called Herbig-Haro 24.",https://science.nasa.gov/asset/hubble/herbig-haro-jet-hh-24/,2001
,5,2,august-4-2016-abell-370.jpg,Galaxy Cluster Abell 370,"The galaxy cluster Abell 370 contains several hundred galaxies tied together by the mutual pull of gravity. Entangled among the galaxies are arcs of blue light, actually distorted and magnified images of remote galaxies behind the cluster.",https://science.nasa.gov/asset/hubble/galaxy-cluster-abell-370/,2016
,5,3,august-4-2009-ngc-3982.jpg,Spiral Galaxy NGC 3982,"This image captures the face-on spiral galaxy NGC 3982. Its arms are lined with pink star-forming regions of glowing hydrogen, blue newborn star clusters, and dark dust lanes that provide the raw material for future generations of stars.",https://science.nasa.gov/asset/hubble/face-on-spiral-galaxy-ngc-3982/,2009
,5,4,august-4-1997-object-tmr-1c.jpg,Object TMR-1C,"An unusual object called TMR-1C, initially suspected to be the first directly detected planet outside our solar system, is now believed to be a background star whose light has been dimmed by interstellar dust.",https://science.nasa.gov/missions/hubble/suspected-protoplanet-may-really-be-a-distant-star/,1997
,5,5,august-4-2006-ngc-1275.jpg,Active Galaxy NGC 1275,"Fine, thread-like filamentary structures in the gas surrounding this galaxy mark the feedback process through which energy is transferred from the central massive black hole to the surrounding gas.",https://science.nasa.gov/asset/hubble/hubble-acs-image-of-ngc-1275/,2006
8/5/2019 0:00:00,5,1,august-5-2011-andromeda-galaxy.jpg,Andromeda Galaxy,"Over 100 million stars are on display in this portion of the Andromeda galaxy, located over 2 million light-years away. This portrait of our galactic neighbor uses 7,398 exposures taken over 411 individual pointings of the telescope.",https://science.nasa.gov/asset/hubble/hubble-m31-phat-mosaic/,2011
,5,2,august-5-2010-47-tucanae.jpg,Globular Cluster 47 Tucanae,"This image showcases the ancient globular cluster 47 Tucanae, a dense swarm of up to a million stars, and captures a close-up views of thousands of stars. The large, bright stars are red giants that are near the end of their lives.",https://science.nasa.gov/asset/hubble/globular-cluster-47-tucanae-2/,2010
,5,3,august-5-2016-abell-370.jpg,Galaxy Cluster Abell 370,"The galaxy cluster Abell 370 contains several hundred galaxies tied together by the mutual pull of gravity. Entangled among the galaxies are arcs of blue light, actually distorted and magnified images of remote galaxies behind the cluster.",https://science.nasa.gov/asset/hubble/galaxy-cluster-abell-370/,2016
,5,4,august-5-2000-comet-linear.jpg,Comet LINEAR Fragments,"The fate of the mysteriously-vanished solid nucleus of Comet LINEAR was settled in this image, which shows that the nucleus reduced to a shower of glowing ""mini-comets,"" resembling the fiery fragments from an exploding firework.",https://science.nasa.gov/asset/hubble/hubble-sees-mini-comet-fragments-from-comet-linear/,2000
,5,5,august-5-2009-egg-nebula.jpg,Egg Nebula,"The Egg Nebula is a nebula of gas and dust created by a dying, Sun-like star. Powerful beams of starlight blast out of the inner cloud, illuminating its structure.",https://science.nasa.gov/asset/hubble/egg-nebula/,2009
8/6/2019 0:00:00,5,1,august-6-2011-andromeda-galaxy.jpg,Andromeda Galaxy,"Over 100 million stars are on display in this portion of the Andromeda galaxy, located over 2 million light-years away. This portrait of our galactic neighbor uses 7,398 exposures taken over 411 individual pointings of the telescope.",https://science.nasa.gov/asset/hubble/hubble-m31-phat-mosaic/,2011
,5,2,august-6-2005-ngc-1309.jpg,Spiral Galaxy NGC 1309,"Looking like a child's pinwheel ready to be set spinning by a gentle breeze, this dramatic spiral galaxy is home to multiple notable stellar explosions, called supernovae, including SN 2002fk and SN 2012Z.",https://science.nasa.gov/asset/hubble/hubble-snaps-images-of-a-pinwheel-shaped-galaxy/,2005
,5,3,august-6-2014-galaxy-cluster-macs-j041612403.jpg,Galaxy Cluster MACS J0416.1-2403,"Massive galaxy cluster MACS J0416.1-2403 weighs as much as a million billion suns. The cluster's gravitational field magnifies and distorts the light from galaxies far behind it, a phenomenon called gravitational lensing.",https://science.nasa.gov/asset/hubble/faint-compact-galaxy-in-the-early-universe/,2014
,5,4,august-6-2023-ngc-346.jpg,Star Cluster NGC 346,"Dozens of hot, blue, and high-mass stars shine within star cluster NGC 346. Astronomers believe this cluster contains more than half of the known high-mass stars in the whole Small Magellanic Cloud.",https://science.nasa.gov/centers-and-facilities/goddard/hubble-captures-unique-ultraviolet-view-of-a-spectacular-star-cluster/,2023
,5,5,august-6-2005-saturn-moons.jpg,Saturn and its Moons,"This image captures the moons Titan and Tethys. Titan chases its own shadow across Saturn's disk. The planet's rings are tilted nearly edge-on toward the Sun, an event that occurs once every 15 years.",https://science.nasa.gov/asset/hubble/hubble-catches-titan-chasing-its-shadow/,2005
8/7/2019 0:00:00,5,1,august-7-2010-andromeda-galaxy.jpg,Andromeda Galaxy,"Over 100 million stars are on display in this portion of the Andromeda galaxy, located over 2 million light-years away. This mosaic image uses 7,398 exposures taken over 411 individual pointings of the telescope.",https://science.nasa.gov/asset/hubble/hubble-m31-phat-mosaic/,2010
,5,2,august-7-2005-uranus-rings.jpg,Uranus's Rings,"In this image, a pair of new rings were discovered around the distant planet Uranus. The largest is twice the diameter of the planet's previously known rings.",https://science.nasa.gov/asset/hubble/newly-discovered-moon-and-rings-of-uranus/,2005
,5,3,august-7-2009-ngc-2022.jpg,Planetary Nebula NGC 2022,"NGC 2022 is a vast orb of gas in space, cast off by an aging star. The star is visible in the orb's center, shining through the gases it held onto for most of its stellar life.",https://science.nasa.gov/missions/hubble/hubbles-portrait-of-stars-gaseous-glow/,2009
,5,4,august-7-2020-ngc-1052-df3.jpg,Diffuse Galaxy NGC 1052-DF2,"NGC 1052-DF2, or DF2, is an unusual ""see-through"" galaxy. The giant cosmic cotton ball is so diffuse and its ancient stars so spread out that distant galaxies in the background can be seen through it.",https://science.nasa.gov/asset/hubble/ngc1052-df2/,2020
,5,5,august-7-2023-ngc-346.jpg,Star Cluster NGC 346,"Nested within the Small Magellanic Cloud is this spectacular star cluster, known as NGC 346. Its hot stars unleash a torrent of radiation and energetic outflows, which erode the denser portions of gas and dust in the surrounding nebula, N66.",https://science.nasa.gov/centers-and-facilities/goddard/hubble-captures-unique-ultraviolet-view-of-a-spectacular-star-cluster/,2023
8/8/2019 0:00:00,5,1,august-8-2003-crab-nebula-core.jpg,Center of the Crab Nebula,"At the center of the Crab Nebula sits a stellar remnant called a neutron star that has about the same mass as the Sun compressed into a sphere only a few miles across. Spinning 30 times a second, the neutron star shoots out beams of energy that make it look like it's pulsating.",https://science.nasa.gov/asset/hubble/core-of-the-crab-nebula/,2003
,5,2,august-8-2014-galaxy-cluster-macs-j041612403.jpg,Galaxy Cluster MACS J0416.1-2403,"Massive galaxy cluster MACS J0416.1-2403 weighs as much as a million billion suns. The cluster's gravitational field magnifies and distorts the light from galaxies far behind it, a phenomenon called gravitational lensing.",https://science.nasa.gov/asset/hubble/faint-compact-galaxy-in-the-early-universe/,2014
,5,3,august-8-2022-hcg-3.jpg,Hickson Compact Group 3,Four dwarf galaxies are gravitationally interacting in Hickson Compact Group 3. Streams of star formation are visible as the galaxies interact.,https://science.nasa.gov/missions/hubble/hubble-reveals-a-river-of-star-formation/,2022
,5,4,august-8-2009-jupiter-impact-scar.jpg,Impact Scar on Jupiter,"This image shows a scar on Jupiter. The unexpected blemish was created when an object (likely an asteroid) plunged into Jupiter and exploded, scattering debris into the giant planet's cloud tops.",https://science.nasa.gov/asset/hubble/jupiter-impact-scar-is-going-going-gone/,2009
,5,5,august-8-2006-hcg-31.jpg,Hickson Compact Group 31,"These four dwarf galaxies quickly produce massive, hot, young stars that pump out ultraviolet radiation, heating up surrounding gas clouds and causing them to glow.",https://science.nasa.gov/asset/hubble/hubbles-view-of-hickson-compact-group-31/,2006
8/9/2019 0:00:00,5,1,august-9-2011-andromeda-galaxy.jpg,Andromeda Galaxy,"Over 100 million stars are on display in this portion of the Andromeda galaxy, located over 2 million light-years away. This mosaic image uses 7,398 exposures taken over 411 individual pointings of the telescope.",https://science.nasa.gov/asset/hubble/hubble-m31-phat-mosaic/,2011
,5,2,august-9-2008-ngc-1487.jpg,Interacting Galaxy NGC 1487,The peculiar galaxy known as NGC 1487 is the result of two or more galaxies in the act of merging together to form a single new galaxy. Each galaxy has lost almost all traces of its original appearance.,https://science.nasa.gov/missions/hubble/hubble-views-merging-galaxies-in-eridanus/,2008
,5,3,august-9-2016-ngc-6569.jpg,Globular Cluster NGC 6569,"Globular clusters like NGC 6569 are stable, tightly bound clusters containing tens of thousands to millions of stars. The intense gravitational attraction of these closely packed clusters of stars means that they have a regular spherical shape with a densely populated center.",https://science.nasa.gov/missions/hubble/hubble-delves-into-cosmic-treasure-trove/,2016
,5,4,august-9-2017-triangulum-galaxy.jpg,Triangulum Galaxy,This mosaic captures the nearby Triangulum galaxy. Striking areas of star birth glow bright blue throughout the galaxy.,https://science.nasa.gov/asset/hubble/triangulum-galaxy-messier-33-m33/,2017
,5,5,august-9-2012-hudf.jpg,Hubble Ultra Deep Field,This image of the Hubble Ultra Deep Field includes infrared observations that allowed Hubble to peer deeper into the universe than it ever had before. The faintest and reddest objects in the image are galaxies that formed 600 million years after the Big Bang.,https://science.nasa.gov/asset/hubble/hubble-uncovers-most-robust-sample-of-distant-galaxies/,2012
8/10/2019 0:00:00,4,1,august-10-2008-ngc-2074.jpg,Emission Nebula NGC 2074,"The nebula NGC 2074 is a firestorm of raw stellar creation, perhaps triggered by a nearby supernova explosion. It lies in a nearby galaxy called the Large Magellanic Cloud, about 170,000 light-years away.",https://science.nasa.gov/asset/hubble/star-cluster-ngc-2074-in-the-large-magellanic-cloud/,2008
,4,2,august-10-2001-arp-295.jpg,Interacting Galaxies Arp 295,"One of the galaxies from galactic group Arp 295 is visible in this image, along with part of the 250,000-light-year-long bridge of stars and gas that stretches between two of the galaxies.",https://science.nasa.gov/missions/hubble/hubble-captures-a-faint-bridge-of-stars/,2001
,4,3,august-10-2009-stephans-quintet.jpg,Stephan's Quintet,"A clash among members of a famous galaxy group called Stephan's Quintet, also known as Hickson Compact Group 92, reveals an assortment of stars across a wide color range, from young, blue stars to aging, red stars.",https://science.nasa.gov/asset/hubble/galactic-wreckage-in-stephans-quintet/,2009
,4,4,august-10-2012-hudf.jpg,Hubble Ultra Deep Field,This image of the Hubble Ultra Deep Field includes infrared observations that allowed Hubble to peer deeper into the universe than it ever had before. The faintest and reddest objects in the image are galaxies that formed 600 million years after the Big Bang.,https://science.nasa.gov/asset/hubble/hubble-uncovers-most-robust-sample-of-distant-galaxies/,2012
,4,5,august-10-2014-macs-j041612403.jpg,Galaxy Cluster MACS J0416.1-2403,"Massive galaxy cluster MACS J0416.1-2403 weighs as much as a million billion suns. The cluster's gravitational field magnifies and distorts the light from galaxies far behind it, a phenomenon called gravitational lensing.",https://science.nasa.gov/asset/hubble/faint-compact-galaxy-in-the-early-universe/,2014
8/11/2019 0:00:00,5,1,august-11-2019-arp-220.jpg,Interacting Galaxies Arp 220,"Arp 220 is the result of a collision between two spiral galaxies that began 700 millions years ago. Located about 250 million light-years from Earth, it is one of the nearest galaxy mergers to our planet.",https://science.nasa.gov/asset/hubble/super-star-clusters-in-dust-enshrouded-galaxy/,2002
,5,2,august-11-1998-neptune.jpg,Neptune,"This image shows bright clouds and cloud bands wrapping around Neptune. On the giant planet, winds blow at 900 miles (1,448 km) per hour and huge storms ― some the size of Earth itself ― come and go with regularity.",https://science.nasa.gov/missions/hubble/hubble-provides-a-moving-look-at-neptunes-stormy-disposition/,1998
,5,3,august-11-2014-macs-j041612403.jpg,Galaxy Cluster MACS J0416.1-2403,"Massive galaxy cluster MACS J0416.1-2403 weighs as much as a million billion suns. The cluster's gravitational field magnifies and distorts the light from galaxies far behind it, a phenomenon called gravitational lensing.",https://science.nasa.gov/asset/hubble/faint-compact-galaxy-in-the-early-universe/,2014
,5,4,august-11-2016-terzan-9.jpg,Globular Cluster Terzan 9,"Globular clusters like Terzan 9 are stable, tightly bound groups of tens of thousands to millions of stars. The hearts of globular clusters are densely packed with stars. Terzan 9 is dotted with so many glittering stars that it resembles a sea of sequins.",https://science.nasa.gov/missions/hubble/hubble-snaps-a-sea-of-sequins/,2016
,5,5,august-11-2010-hudf.jpg,Hubble Ultra Deep Field,This image of the Hubble Ultra Deep Field includes infrared observations that allowed Hubble to peer deeper into the universe than it ever had before. The faintest and reddest objects in the image are galaxies that formed 600 million years after the Big Bang.,https://science.nasa.gov/asset/hubble/hubble-uncovers-most-robust-sample-of-distant-galaxies/,2010
8/12/2019 0:00:00,5,1,august-12-2010-andromeda-galaxy.jpg,Andromeda Galaxy,"Over 100 million stars are on display in this portion of the Andromeda galaxy, located over 2 million light-years away. This mosaic image uses 7,398 exposures taken over 411 individual pointings of the telescope.",https://science.nasa.gov/asset/hubble/hubble-m31-phat-mosaic/,2010
,5,2,august-12-1995-proxima-centauri.jpg,Proxima Centauri,"Shining brightly in this image is our closest stellar neighbor: Proxima Centauri, just over four light-years from Earth. Although it looks bright through the eye of Hubble, Proxima Centauri is not visible to the naked eye.",https://science.nasa.gov/asset/hubble/proxima-centauri/,1995
,5,3,august-12-2014-galaxy-cluster-macs-j041612403.jpg,Galaxy Cluster MACS J0416.1-2403,"Massive galaxy cluster MACS J0416.1-2403 weighs as much as a million billion suns. The cluster's gravitational field magnifies and distorts the light from galaxies far behind it, a phenomenon called gravitational lensing.",https://science.nasa.gov/asset/hubble/faint-compact-galaxy-in-the-early-universe/,2014
,5,4,august-12-2020-ic-1776.jpg,Spiral Galaxy IC 1776,"The galaxy IC 1776 recently played host to a catastrophically violent explosion, a supernova. Though not visible in this image, the supernova – known as SN 2015ap – was observed by two different programs to better understand these energetic events.",https://science.nasa.gov/missions/hubble/hubble-images-a-swirling-supernova-site/,2020
,5,5,august-12-2010-hudf.jpg,Hubble Ultra Deep Field,This image of the Hubble Ultra Deep Field includes infrared observations that allowed Hubble to peer deeper into the universe than it ever had before. The faintest and reddest objects in the image are galaxies that formed 600 million years after the Big Bang.,https://science.nasa.gov/asset/hubble/hubble-uncovers-most-robust-sample-of-distant-galaxies/,2010
8/13/2019 0:00:00,5,1,august-13-1996-neptune.jpg,Neptune,"This image shows bright clouds and cloud bands wrapping around Neptune. On the giant planet, winds blow at 900 miles (1,448 km) per hour and huge storms ― some the size of Earth itself ― come and go with regularity.",https://science.nasa.gov/missions/hubble/hubble-provides-a-moving-look-at-neptunes-stormy-disposition/,1996
,5,2,august-13-2001-ngc-4845.jpg,Spiral Galaxy NGC 4845,The spiral galaxy NGC 4845's orientation clearly reveals its striking spiral structure: a flat and dust-mottled disk surrounding a bright galactic bulge. Its glowing center hosts a supermassive black hole.,https://science.nasa.gov/missions/hubble/hubble-sees-a-supermassive-and-super-hungry-galaxy/,2001
,5,3,august-13-2002-ngc-1614.jpg,Interacting Galaxy NGC 1614,The galaxy system NGC 1614 has a bright center and two clear inner spiral arms that are fairly symmetrical. It appears to be the result of an interaction and merger of two predecessor systems.,https://science.nasa.gov/asset/hubble/hubble-interacting-galaxy-ngc-1614/,2002
,5,4,august-13-2004-abell-2218.jpg,Galaxy Cluster Abell 2218,"Galaxy cluster Abell 2218 is a gravitational lens, warping and magnifying galaxies that lie behind the cluster. The orange arc, for instance, is an elliptical galaxy much farther away, behind the cluster.",https://science.nasa.gov/missions/hubble/hubble-and-keck-team-up-to-find-farthest-known-galaxy-in-universe/,2004
,5,5,august-13-2016-terzan-12.jpg,Globular Cluster Terzan 12,"About 15,000 light-years away, Terzan 12 is a roughly spherical collection of stars held together by gravity. It's shrouded in gas and dust, which absorb and alter its starlight.",https://science.nasa.gov/asset/hubble/terzan-12/,2016
8/14/2019 0:00:00,5,1,august-14-1997-ngc-1808.jpg,Spiral Galaxy NGC 1808,"This close-up view shows a hotbed of star formation at the center of spiral galaxy NGC 1808. In the image, older stars appear yellow and young stars are blue.",https://science.nasa.gov/asset/hubble/hubble-captures-the-heart-of-star-birth/,1997
,5,2,august-14-2010-47-tucanae.jpg,Globular Cluster 47 Tucanae,"The ancient globular cluster 47 Tucanae is a dense swarm of up to a million stars, and this view captures a close-up of thousands of them. The large, bright stars in the image are red giants near the end of their lives.",https://science.nasa.gov/asset/hubble/globular-cluster-47-tucanae-2/,2010
,5,3,august-14-2013-ngc-6652.jpg,Globular Cluster NGC 6652,"The core of the globular star cluster NGC 6652 is suffused with the pale blue light of countless stars. Globular clusters are stable, tightly gravitationally bound clusters containing anywhere from tens of thousands to millions of stars.",https://science.nasa.gov/missions/hubble/hubble-glimpses-a-glitzy-galactic-cluster/,2013
,5,4,august-14-2017-triangulum-galaxy.jpg,Triangulum Galaxy,This mosaic captures the nearby Triangulum galaxy. Striking areas of star birth glow bright blue throughout the galaxy.,https://science.nasa.gov/asset/hubble/triangulum-galaxy-messier-33-m33/,2017
,5,5,august-14-2023-am-1214-255.jpg,Interacting Galaxies AM 1214-255,"The interacting galaxies known as AM 1214-255 contain active galactic nuclei, or AGNs. An AGN is an extraordinarily luminous central region of a galaxy, powered by a supermassive black hole at the galaxy’s heart.",https://science.nasa.gov/missions/hubble/hubble-captures-extraordinarily-bright-interacting-galaxies/,2023
8/15/2019 0:00:00,5,1,august-15-2017-triangulum-galaxy.jpg,Triangulum Galaxy,"This mosaic captures the nearby Triangulum galaxy. Striking areas of star birth glow bright blue throughout the galaxy, particularly in beautiful nebulae of hot gas like star-forming region NGC 604 in the upper left.",https://science.nasa.gov/asset/hubble/triangulum-galaxy-messier-33-m33/,2017
,5,2,august-15-2005-messier-13.jpg,Globular Cluster Messier 13,"M13 is home to over 100,000 stars and located 25,000 light-years away. Its stars are packed into a ball approximately 150 light-years across.",https://science.nasa.gov/asset/hubble/hubble-acswfpc2-image-of-globular-cluster-m13/,2005
,5,3,august-15-2010-hudf.jpg,Hubble Ultra Deep Field,This image of the Hubble Ultra Deep Field includes infrared observations that allowed Hubble to peer deeper into the universe than it ever had before. The faintest and reddest objects in the image are galaxies that formed 600 million years after the Big Bang.,https://science.nasa.gov/asset/hubble/hubble-uncovers-most-robust-sample-of-distant-galaxies/,2010
,5,4,august-15-2012-omega-centauri.jpg,Omega Centauri,Omega Centauri consists of roughly 10 million stars that are gravitationally bound. The cluster is about 10 times as massive as other big globular clusters – almost as massive as a small galaxy.,https://science.nasa.gov/asset/hubble/omega-centauri-2/,2012
,5,5,august-15-2010-andromeda-galaxy.jpg,Andromeda Galaxy,"Over 100 million stars are on display in this portion of the Andromeda galaxy, located over 2 million light-years away. This mosaic image uses 7,398 exposures taken over 411 individual pointings of the telescope.",https://science.nasa.gov/asset/hubble/hubble-m31-phat-mosaic/,2010
8/16/2019 0:00:00,5,1,august-16-2011-andromeda-galaxy.jpg,Andromeda Galaxy,"Over 100 million stars are on display in this portion of the Andromeda galaxy, located over 2 million light-years away. This mosaic image uses 7,398 exposures taken over 411 individual pointings of the telescope.",https://science.nasa.gov/asset/hubble/hubble-m31-phat-mosaic/,2011
,5,2,august-16-2012-crab-nebula.jpg,Crab Nebula,"The glow of a dead star, which exploded long ago as a supernova, reveals itself in this image of the Crab Nebula. At its center is a rotating neutron star, or pulsar, which has about the same mass as the Sun squeezed into a sphere only a few miles wide.",https://science.nasa.gov/asset/hubble/crab-nebula/,2012
,5,3,august-16-2020-ngc-685.jpg,Spiral Galaxy NGC 685,"NGC 685 is a barred spiral galaxy with a bright center bar and patchy, curving arms. The patches of bright blue along the galaxy’s arms are star clusters, groups of stars held together by their mutual gravitational attraction.",https://science.nasa.gov/missions/hubble/hubble-examines-entrancing-galaxy-in-eridanus/,2020
,5,4,august-16-2006-ic-5298.jpg,Interacting Galaxy IC 5298,"IC 5298 is a face-on spiral galaxy with two long arms extending from the central bulge and curving back amongst the scattered stars, gas and dust. A nearby smaller companion is linked by a bridge of matter to the principal galaxy.",https://science.nasa.gov/asset/hubble/hubble-interacting-galaxy-ic-5298/,2006
,5,5,august-16-2005-moon-landing-site.jpg,Apollo 17 Moon Landing Region,This image showcases the Apollo 17 landing region within the Taurus-Littrow valley of the Moon. Humans last walked and drove on the lunar surface in this region in December 1972.,https://science.nasa.gov/asset/hubble/apollo-17-landing-region/,2005
8/17/2019 0:00:00,5,1,august-17-2004-ngc-2403.jpg,Supernova in Galaxy NGC 2403,"This image captures a stellar explosion, called a supernova, in the galaxy NGC 2403. The supernova looks like a bright star in the upper-right corner. The brighter star near the top, and other bright stars in the image, reside within our own galaxy.",https://science.nasa.gov/asset/hubble/a-bright-supernova-in-the-nearby-galaxy-ngc-2403/,2004
,5,2,august-17-2005-ngc-1309.jpg,Spiral Galaxy NGC 1309,"Looking like a child's pinwheel ready to be set spinning by a gentle breeze, this dramatic spiral galaxy is home to multiple notable stellar explosions, called supernovae, including SN 2002fk and SN 2012Z.",https://science.nasa.gov/asset/hubble/hubble-snaps-images-of-a-pinwheel-shaped-galaxy/,2005
,5,3,august-17-2001-eso-77-14.jpg,Interacting Galaxy ESO 77-14,This image of ESO 77-14 is a snapshot of a celestial dance performed by a pair of similarly sized galaxies. The gravitational tug of war between the galaxies is evident in the bridge of material that connects them and the disruption of their main bodies.,https://science.nasa.gov/asset/hubble/hubble-interacting-galaxy-eso-77-14/,2001
,5,4,august-17-2019-liller-1.jpg,Star Cluster Liller 1,"Liller 1 is a particularly interesting globular cluster, because unlike most of its kind, it contains a mix of very young and very old stars: the oldest is 12 billion years old, and the youngest component is just 1-2 billion years old.",https://science.nasa.gov/missions/hubble/hubble-gazes-at-a-dazzling-star-cluster/,2019
,5,5,august-17-2010-galactic-center.jpg,Galactic Center,"Peering deep into the heart of our Milky Way galaxy reveals a tapestry of more than half a million stars. Except for a few blue foreground stars, the rest are part of the Milky Way's nuclear star cluster, the most massive and densest star cluster in our galaxy.",https://science.nasa.gov/asset/hubble/milky-way-nuclear-star-cluster/,2010
8/18/2019 0:00:00,5,1,august-18-2003-asteroid-trail-sagittarius.jpg,Asteroid Trail Past Sagittarius Dwarf Irregular Galaxy,"While observing the Sagittarius dwarf irregular galaxy, Hubble captured the trail of a faint asteroid that had drifted across the field of view. The trail is seen as a series of 13 reddish arcs on the right.",https://science.nasa.gov/asset/hubble/reddish-arcs-mark-trail-of-small-asteroid/,2003
,5,2,august-18-2003-he0435-1223.jpg,Lensed Quasar HE0435-1223,The gravity from the central core of a massive galaxy magnifies and distorts the light from a quasar behind it. Quasars are extremely distant cosmic streetlights produced by active black holes.,https://science.nasa.gov/asset/hubble/mosaic-of-gravitationally-lensed-quasars/,2003
,5,3,august-18-2014-galaxy-cluster-macs-j041612403.jpg,Galaxy Cluster MACS J0416.1-2403,"Massive galaxy cluster MACS J0416.1-2403 weighs as much as a million billion suns. The cluster's gravitational field magnifies and distorts the light from galaxies far behind it, a phenomenon called gravitational lensing.",https://science.nasa.gov/asset/hubble/frontier-fields-target-galaxy-clusters/,2012
,5,4,august-18-2009-chamaeleon-cloud.jpg,Chamaeleon Cloud Complex,"This segment of a star-forming region called the Chamaeleon Cloud Complex reveals dusty-dark clouds where stars are forming, dazzling reflection nebulae glowing by the light of bright-blue young stars, and knots of glowing gas.",https://science.nasa.gov/missions/hubble/hubble-examines-a-star-forming-chamaeleon/,2009
,5,5,august-18-2012-omega-centauri.jpg,Omega Centauri,Omega Centauri consists of roughly 10 million stars that are gravitationally bound. The cluster is about 10 times as massive as other big globular clusters – almost as massive as a small galaxy.,https://science.nasa.gov/asset/hubble/omega-centauri-2/,2012
8/19/2019 0:00:00,5,1,august-19-2009-neptune.jpg,Neptune,Neptune is the most distant major planet in our solar system. The bright patches on the planet are clouds composed of methane ice crystals.,https://science.nasa.gov/asset/hubble/hubble-finds-new-moon-orbiting-neptune/,2009
,5,2,august-19-2009-messier-83.jpg,Star Birth in Galaxy Messier 83,"Hubble captured hundreds of young star clusters, ancient swarms of globular star clusters, and hundreds of thousands of individual stars (mostly blue supergiants and red supergiants) near this galaxy's core.",https://science.nasa.gov/asset/hubble/hubble-wide-field-camera-3-image-details-star-birth-in-galaxy-m83/,2009
,5,3,august-19-2016-pismis-26.jpg,Globular Cluster Pismis 26,"This glittering gathering of stars is Pismis 26, a globular star cluster located about 23,000 light-years away. Many thousands of stars gleam brightly against the black backdrop of the image, with some brighter red and blue stars located along the outskirts of the cluster.",https://science.nasa.gov/missions/hubble/hubble-glimpses-a-glittering-gathering-of-stars/,2016
,5,4,august-19-2014-galaxy-cluster-macs-j041612403.jpg,Galaxy Cluster MACS J0416.1-2403,"Massive galaxy cluster MACS J0416.1-2403 weighs as much as a million billion suns. The cluster's gravitational field magnifies and distorts the light from galaxies far behind it, a phenomenon called gravitational lensing.",https://science.nasa.gov/asset/hubble/faint-compact-galaxy-in-the-early-universe/,2014
,5,5,august-19-2022-omega-centauri.jpg,Omega Centauri,Omega Centauri consists of roughly 10 million stars that are gravitationally bound. The cluster is about 10 times as massive as other big globular clusters – almost as massive as a small galaxy.,https://science.nasa.gov/asset/hubble/omega-centauri-2/,2022
8/20/2019 0:00:00,5,1,august-20-2009-spiral-galaxy-m83.jpg,Spiral Galaxy Messier 83,"This image of spiral galaxy M83 captures thousands of star clusters, hundreds of thousands of individual stars, and ""ghosts"" of dead stars called supernova remnants.",https://science.nasa.gov/asset/hubble/spiral-galaxy-m83/,2009
,5,2,august-20-2014-galaxy-cluster-macs-j041612403.jpg,Galaxy Cluster MACS J0416.1-2403,"Massive galaxy cluster MACS J0416.1-2403 weighs as much as a million billion suns. The cluster's gravitational field magnifies and distorts the light from galaxies far behind it, a phenomenon called gravitational lensing.",https://science.nasa.gov/asset/hubble/frontier-fields-target-galaxy-clusters/,2012
,5,3,august-20-2009-chamaeleon-cloud.jpg,Chamaeleon Cloud Complex,"This segment of a star-forming region called the Chamaeleon Cloud Complex reveals dusty-dark clouds where stars are forming, dazzling reflection nebulae glowing by the light of bright-blue young stars, and knots of glowing gas.",https://science.nasa.gov/missions/hubble/hubble-examines-a-star-forming-chamaeleon/,2009
,5,4,august-20-2001-ngc-278.jpg,Spiral Galaxy NGC 278,"While the spiral galaxy NGC 278 may look serene, it is anything but calm. The galaxy is currently undergoing an immense burst of star formation. However, its star formation is somewhat unusual; it does not extend to the galaxy’s outer edges, but is only taking place within an inner ring.",https://science.nasa.gov/missions/hubble/hubble-sees-cassiopeias-unusual-resident/,2001
,5,5,august-20-2022-omega-centauri.jpg,Omega Centauri,Omega Centauri consists of roughly 10 million stars that are gravitationally bound. The cluster is about 10 times as massive as other big globular clusters – almost as massive as a small galaxy.,https://science.nasa.gov/asset/hubble/omega-centauri-2/,2022
8/21/2019 0:00:00,5,1,august-21-2013-ngc6503.jpg,Spiral Galaxy NGC 6503,"Most galaxies are clumped together in groups or clusters. A neighboring galaxy is never far away. But this galaxy, known as NGC 6503, has found itself in a lonely position, at the edge of a strangely empty patch of space called the Local Void.",https://science.nasa.gov/asset/hubble/spiral-galaxy-ngc-6503/,2013
,5,2,august-21-2014-galaxy-cluster-macs-j041612403.jpg,Galaxy Cluster MACS J0416.1-2403,"Massive galaxy cluster MACS J0416.1-2403 weighs as much as a million billion suns. The cluster's gravitational field magnifies and distorts the light from galaxies far behind it, a phenomenon called gravitational lensing.",https://science.nasa.gov/asset/hubble/faint-compact-galaxy-in-the-early-universe/,2014
,5,3,august-21-2005-uranus-rings.jpg,Uranus's Rings,"In this image, a pair of new rings were discovered around the distant planet Uranus. The largest is twice the diameter of the planet's previously known rings.",https://science.nasa.gov/asset/hubble/newly-discovered-moon-and-rings-of-uranus/,2005
,5,4,august-21-2022-omega-centauri.jpg,Omega Centauri,Omega Centauri consists of roughly 10 million stars that are gravitationally bound. The cluster is about 10 times as massive as other big globular clusters – almost as massive as a small galaxy.,https://science.nasa.gov/asset/hubble/omega-centauri-2/,2022
,5,5,august-21-2005-aristarchus-plateau.jpg,Aristarchus Plateau on the Moon,"Aristarchus Crater is 26 miles (42 kilometers) in diameter and approximately 2 miles (3.2 kilometers) in depth, and sits at the southeastern edge of the Moon's Aristarchus Plateau. The plateau is noted for its rich array of geologic features.",https://science.nasa.gov/asset/hubble/aristarchus-plateau-on-the-moon/,2005
8/22/2019 0:00:00,5,1,august-22-2017-ngc4993.jpg,Elliptical Galaxy NGC 4993,"In this galaxy, called NGC 4993, two neutron stars collided, creating gravitational waves discovered in 2017. The event produced a flash of light, called a kilonova, which appears to the upper left of center.",https://science.nasa.gov/missions/hubble/nasa-missions-catch-first-light-from-a-gravitational-wave-event/,2017
,5,2,august-22-2021-ngc-6956.jpg,Spiral Galaxy NGC 6956,"Against an inky black backdrop, the blue swirls of spiral galaxy NGC 6956 stand out radiantly. NGC 6956 is a barred spiral galaxy, a common type of spiral galaxy with a bar-shaped structure of stars in its center.",https://science.nasa.gov/missions/hubble/hubble-captures-majestic-barred-spiral/,2021
,5,3,august-22-2008-abell-520.jpg,Galaxy Cluster Abell 520,The merging galaxy cluster Abell 520 formed from a violent collision of massive galaxy clusters.,https://science.nasa.gov/asset/hubble/merging-galaxy-cluster-abell-520/,2008
,5,4,august-22-2024-saturn-multiwavelength.jpg,Saturn in Multiple Wavelengths,Hubble observed Saturn with a wide array of different light filters on the visible and ultraviolet scale to learn more about the behavior and composition of its atmosphere.,https://science.nasa.gov/asset/hubble/multiwavelength-opal-saturn/,2024
,5,5,august-22-2015-ngc-7331.jpg,Spiral Galaxy NGC 7331,"The spiral galaxy known as NGC 7331 faces us partially edge-on, showcasing its beautiful arms, which swirl like a whirlpool around its bright central region. NGC 7331 is similar in size, shape, and mass to our Milky Way Galaxy.",https://science.nasa.gov/missions/hubble/hubbles-majestic-spiral-in-pegasus/,2015
8/23/2019 0:00:00,5,1,august-23-2013-abell-2744-parallel.jpg,Abell 2744 Parallel Field,"About 10,000 galaxies, observed in visible light, are evident in this deep field of galaxies. The blue galaxies are distant star-forming galaxies. The handful of larger, red galaxies are in the outskirts of the cluster of galaxies known as Abell 2744.",https://science.nasa.gov/missions/hubble/hubbles-first-frontier-field-finds-thousands-of-unseen-faraway-galaxies/,2013
,5,2,august-23-2005-ngc-695.jpg,Spiral Galaxy NGC 695,"NGC 695 is a disturbed spiral galaxy, seen face-on, with loosely wound spiral arms. Knotty star-forming regions are tangled in a mesh of dust and gas. It is interacting with a small companion galaxy (not visible in this image).",https://science.nasa.gov/asset/hubble/hubble-interacting-galaxy-ngc-695/,2005
,5,3,august-23-2003-ngc-2002.jpg,Open Cluster NGC 2002,"NGC 2002 is an open cluster, a type of star cluster that has low star density and an irregular shape due to the weak mutual gravitational attraction of its stars. It is more spherical than a typical open cluster, and is relatively young at 18 million years old.",https://science.nasa.gov/missions/hubble/hubble-observes-an-outstanding-open-cluster/,2003
,5,4,august-23-2006-uranus.jpg,Dark Spot on Uranus,"Winds whirl and clouds churn in the atmosphere of Uranus, forming a dark vortex large enough to engulf two-thirds of the United States. The elongated feature measures 1,100 miles by 1,900 miles (1,700 kilometers by 3,000 kilometers).",https://science.nasa.gov/asset/hubble/hubble-discovers-dark-cloud-in-the-atmosphere-of-uranus/,2006
,5,5,august-23-2012-hudf.jpg,Hubble Ultra Deep Field,This image of the Hubble Ultra Deep Field includes infrared observations that allowed Hubble to peer deeper into the universe than it ever had before. The faintest and reddest objects in the image are galaxies that formed 600 million years after the Big Bang.,https://science.nasa.gov/asset/hubble/hubble-uncovers-most-robust-sample-of-distant-galaxies/,2012
8/24/2019 0:00:00,5,1,august-24-2003-mars.jpg,Mars,"Hubble captured this image of Mars when the planet was approximately 34.7 million miles (55.8 million km) from Earth. The dark linear feature on the left is Valles Marineris, a 2,500-mile-long system of canyons.",https://science.nasa.gov/asset/hubble/hubbles-sharpest-view-of-mars-august-24-2003/,2003
,5,2,august-24-2004-B1608-656.jpg,Lensed Quasar B1608+656,The gravity from the central core of a massive galaxy magnifies and distorts the light from a quasar behind it. Quasars are extremely distant cosmic streetlights produced by active black holes.,https://science.nasa.gov/asset/hubble/mosaic-of-gravitationally-lensed-quasars/,2004
,5,3,august-24-2005-ngc-1309.jpg,Spiral Galaxy NGC 1309,"Looking like a child's pinwheel ready to be set spinning by a gentle breeze, this dramatic spiral galaxy is home to multiple notable stellar explosions, called supernovae, including SN 2002fk and SN 2012Z.",https://science.nasa.gov/asset/hubble/hubble-snaps-images-of-a-pinwheel-shaped-galaxy/,2005
,5,4,august-24-2012-hudf.jpg,Hubble Ultra Deep Field,This image of the Hubble Ultra Deep Field includes infrared observations that allowed Hubble to peer deeper into the universe than it ever had before. The faintest and reddest objects in the image are galaxies that formed 600 million years after the Big Bang.,https://science.nasa.gov/asset/hubble/hubble-uncovers-most-robust-sample-of-distant-galaxies/,2012
,5,5,august-24-2015-emacs-J18231-7822.jpg,Galaxy Cluster eMACS J1823.1+7822,"This particular galaxy cluster, called eMACS J1823.1+7822, has an enormous mass that's powerful enough to curve spacetime, creating a gravitational lens that bends and magnifies the light coming from distant galaxies beyond the cluster.",https://science.nasa.gov/missions/hubble/hubble-captures-a-light-bending-galaxy-cluster/,2015
8/25/2019 0:00:00,5,1,august-25-1994-herbig-haro-32.jpg,Herbig Haro 32,"HH 32 is an example of a ""Herbig-Haro object,"" which forms when a young star ejects jets of material into interstellar space. These jets plow into the surrounding nebula, producing strong shock waves that heat the gas and cause it to glow.",https://science.nasa.gov/asset/hubble/herbig-haro-32-jets-of-material-ejected-from-a-young-star/,1994
,5,2,august-25-2001-cgcg-436-030.jpg,Interacting Galaxy CGCG 436-030,"This spiral galaxy shows a pronounced curling tail. The companion galaxy, located to the bottom-right, displays an intricate structure, including a number of trails that extend quite far from its core.",https://science.nasa.gov/asset/hubble/hubble-interacting-galaxy-cgcg-436-030/,2001
,5,3,august-25-2009-spiral-galaxy-m83.jpg,Spiral Galaxy Messier 83,"This image of spiral galaxy M83 captures thousands of star clusters, hundreds of thousands of individual stars, and ""ghosts"" of dead stars called supernova remnants.",https://science.nasa.gov/asset/hubble/spiral-galaxy-m83/,2009
,5,4,august-25-2012-hudf.jpg,Hubble Ultra Deep Field,This image of the Hubble Ultra Deep Field includes infrared observations that allowed Hubble to peer deeper into the universe than it ever had before. The faintest and reddest objects in the image are galaxies that formed 600 million years after the big bang.,https://science.nasa.gov/asset/hubble/hubble-uncovers-most-robust-sample-of-distant-galaxies/,2012
,5,5,august-25-2020-jupiter-europa.jpg,Jupiter and Europa,"This image of Jupiter shows a bright white, stretched-out storm brewing. The icy moon Europa, thought to hold potential ingredients for life, is visible to the left of the gas giant.",https://science.nasa.gov/asset/hubble/jupiter-and-europa-2020/,2020
8/26/2019 0:00:00,5,1,august-26-2009-hubble-ultra-deep-field.jpg,Hubble Ultra Deep Field,This image of the Hubble Ultra Deep Field includes infrared observations that allowed Hubble to peer deeper into the universe than it ever had before. The faintest and reddest objects in the image are galaxies that formed 600 million years after the Big Bang.,https://science.nasa.gov/asset/hubble/hubbles-deepest-view-of-universe-unveils-never-before-seen-galaxies/,2009
,5,2,august-26-2009-messier-83.jpg,Star Birth in Galaxy Messier 83,"Hubble captured hundreds of young star clusters, ancient swarms of globular star clusters, and hundreds of thousands of individual stars (mostly blue supergiants and red supergiants) near this galaxy's core.",https://science.nasa.gov/asset/hubble/hubble-wide-field-camera-3-image-details-star-birth-in-galaxy-m83/,2009
,5,3,august-26-2006-little-sombrero-galaxy.jpg,Little Sombrero Galaxy,"Set against a speckled backdrop of more distant galaxies, this galaxy, (also called Caldwell 43) features a bright central bulge, a thin disk full of dust, and a glowing halo of gas and stars that sprawls out into space.",https://science.nasa.gov/mission/hubble/science/explore-the-night-sky/hubble-caldwell-catalog/caldwell-43/,2006
,5,4,august-26-2016-ic-63.jpg,Ghost Nebula IC 63,"Powerful gushers of energy from seething stars can sculpt eerie-looking figures with long flowing veils of gas and dust. One striking example is ""the Ghost of Cassiopeia,"" officially known as IC 63.",https://science.nasa.gov/asset/hubble/ic-63-ghost-nebula/,2016
,5,5,august-26-2003-mars.jpg,Mars,"Hubble snapped this picture of Mars when it was near opposition on August 26, 2003. Mars is at opposition when it and the Sun are on exact opposite sides of Earth.",https://science.nasa.gov/asset/hubble/hubbles-visual-history-of-mars/,2003
8/27/2019 0:00:00,5,1,august-27-2003-mars.jpg,Mars,"Hubble captured this image of Mars when the planet was at its closest to Earth in nearly 60,000 years. The solar system's largest volcano, Olympus Mons, appears near the top.",https://science.nasa.gov/asset/hubble/hubbles-closest-view-of-mars-august-27-2003/,2003
,5,2,august-27-2006-little-sombrero-galaxy.jpg,Little Sombrero Galaxy,"Set against a speckled backdrop of more distant galaxies, this galaxy, (also called Caldwell 43) features a bright central bulge, a thin disk full of dust, and a glowing halo of gas and stars that sprawls out into space.",https://science.nasa.gov/mission/hubble/science/explore-the-night-sky/hubble-caldwell-catalog/caldwell-43/,2006
,5,3,august-27-2005-ngc-1309.jpg,Spiral Galaxy NGC 1309,"Looking like a child's pinwheel ready to be set spinning by a gentle breeze, this dramatic spiral galaxy is home to multiple notable stellar explosions, called supernovae, including SN 2002fk and SN 2012Z.",https://science.nasa.gov/asset/hubble/hubble-snaps-images-of-a-pinwheel-shaped-galaxy/,2005
,5,4,august-27-1990-orion-window-curtain.jpg,"Orion Nebula ""Window Curtain""","This image reveals the structure of a thin sheet of gas located at the edge of the famous ""Great Nebula"" in Orion, also known as Messier 42 or NGC 1976.",https://science.nasa.gov/asset/hubble/window-curtain-structure-of-the-orion-nebula/,1990
,5,5,august-27-2019-omega-centauri.jpg,Omega Centauri,Omega Centauri consists of roughly 10 million stars that are gravitationally bound. The cluster is about 10 times as massive as other big globular clusters – almost as massive as a small galaxy.,https://science.nasa.gov/asset/hubble/omega-centauri-2/,2019
8/28/2019 0:00:00,5,1,august-28-2009-hubble-ultra-deep-field.jpg,Hubble Ultra Deep Field,This image of the Hubble Ultra Deep Field includes infrared observations that allowed Hubble to peer deeper into the universe than it ever had before. The faintest and reddest objects in the image are galaxies that formed 600 million years after the big bang.,https://science.nasa.gov/asset/hubble/hubbles-deepest-view-of-universe-unveils-never-before-seen-galaxies/,2009
,5,2,august-28-2013-ngc-2500.jpg,Spiral Galaxy NGC 2500,"NGC 2500 is a particular kind of spiral galaxy known as a barred spiral, with its wispy arms swirling out from a bright, elongated core. It is still actively forming new stars, although this process appears to be occurring very unevenly.",https://science.nasa.gov/missions/hubble/hubble-spots-a-barred-lynx-spiral/,2013
,5,3,august-28-2005-uranus-rings.jpg,Uranus's Rings,"In this image, a pair of new rings were discovered around the distant planet Uranus. The largest is twice the diameter of the planet's previously known rings.",https://science.nasa.gov/asset/hubble/newly-discovered-moon-and-rings-of-uranus/,2005
,5,4,august-28-2017-ngc-1277.jpg,Lenticular Galaxy NGC 1277,The galaxy NGC 1277 is unique because it is considered a relic of what galaxies were like in the early universe. It's composed exclusively of aging stars that were born 10 billion years ago.,https://science.nasa.gov/asset/hubble/ngc-1277-closeup/,2017
,5,5,august-28-1990-orion-window-curtain.jpg,"Orion Nebula ""Window Curtain""","This image reveals the structure of a thin sheet of gas located at the edge of the famous ""Great Nebula"" in Orion, also known as Messier 42 or NGC 1976.",https://science.nasa.gov/asset/hubble/window-curtain-structure-of-the-orion-nebula/,1990
8/29/2019 0:00:00,5,1,august-29-2009-hubble-ultra-deep-field.jpg,Hubble Ultra Deep Field,This image of the Hubble Ultra Deep Field includes infrared observations that allowed Hubble to peer deeper into the universe than it ever had before. The faintest and reddest objects in the image are galaxies that formed 600 million years after the big bang.,https://science.nasa.gov/asset/hubble/hubbles-deepest-view-of-universe-unveils-never-before-seen-galaxies/,2009
,5,2,august-29-2002-de-mairans-nebula.jpg,De Mairan's Nebula,"A massive star is illuminating this small region, called Messier 43 or De Mairan's Nebula, and sculpting the landscape of dust and gas.",https://science.nasa.gov/mission/hubble/science/explore-the-night-sky/hubble-messier-catalog/messier-43/,2002
,5,3,august-29-2014-macs-j041612403.jpg,Galaxy Cluster MACS J0416.1-2403,"Massive galaxy cluster MACS J0416.1-2403 weighs as much as a million billion suns. The cluster's gravitational field magnifies and distorts the light from galaxies far behind it, a phenomenon called gravitational lensing.",https://science.nasa.gov/asset/hubble/faint-compact-galaxy-in-the-early-universe/,2014
,5,4,august-29-1997-m80.jpg,Globular Cluster Messier 80,"This stellar swarm is one of the densest of the 147 known globular star clusters in the Milky Way galaxy. M80, also called NGC 6093, contains hundreds of thousands of stars, all held together by their mutual gravitational attraction.",https://science.nasa.gov/asset/hubble/globular-cluster-m80-a-swarm-of-ancient-stars-in-the-milky-way/,1997
,5,5,august-29-2017-ugc-11537.jpg,Spiral Galaxy UGC 11537,"This astronomical portrait showcases an edge-on view of the majestic spiral galaxy UGC 11537, 230 million light-years away. Bright bands of stars and dark clouds of dust thread throughout the galaxy.",https://science.nasa.gov/missions/hubble/hubble-snaps-a-stunning-spirals-side/,2017
8/30/2019 0:00:00,5,1,august-30-2009-hubble-ultra-deep-field.jpg,Hubble Ultra Deep Field,This image of the Hubble Ultra Deep Field includes infrared observations that allowed Hubble to peer deeper into the universe than it ever had before. The faintest and reddest objects in the image are galaxies that formed 600 million years after the big bang.,https://science.nasa.gov/asset/hubble/hubbles-deepest-view-of-universe-unveils-never-before-seen-galaxies/,2009
,5,2,august-30-2018-bat-shadow.jpg,Bat Shadow,"A young star's unseen, planet-forming disk casts a huge shadow across a more distant cloud in a star-forming region – almost resembling the wings of a bat.",https://science.nasa.gov/missions/hubble/hubble-sees-cosmic-flapping-bat-shadow/,2018
,5,3,august-30-2003-uranus-rings-moons.jpg,Rings and Moons Circling Uranus,"A ring made of dust and small pebbles creates a thin, dark, almost vertical line across the right side of Uranus. The bright, white-surfaced Ariel (lower right corner) and five other small satellites can be seen outside the rings.",https://science.nasa.gov/asset/hubble/rings-and-moons-circling-uranus/,2003
,5,4,august-30-2002-eso-550-2.jpg,Interacting Galaxy ESO 550-2,"ESO 550-2 shows a pair of spiral galaxies, with the larger viewed nearly face-on and accompanied by a smaller, highly tilted partner. Tidal interaction from the smaller companion has clearly deformed one arm of the larger galaxy.",https://science.nasa.gov/asset/hubble/hubble-interacting-galaxy-eso-550-2/,2002
,5,5,august-30-2013-ngc-6652.jpg,Globular Cluster NGC 6652,"The core of the globular star cluster NGC 6652 is suffused with the pale blue light of countless stars. Globular clusters are stable, tightly gravitationally bound clusters containing anywhere from tens of thousands to millions of stars.",https://science.nasa.gov/missions/hubble/hubble-glimpses-a-glitzy-galactic-cluster/,2013
8/31/2019 0:00:00,5,1,august-31-2012-hudf.jpg,Hubble Ultra Deep Field,This image of the Hubble Ultra Deep Field includes infrared observations that allowed Hubble to peer deeper into the universe than it ever had before. The faintest and reddest objects in the image are galaxies that formed 600 million years after the Big Bang.,https://science.nasa.gov/asset/hubble/hubble-uncovers-most-robust-sample-of-distant-galaxies/,2012
,5,2,august-31-2013-ngc1015.jpg,Spiral Galaxy NGC 1015,"NGC 1015 is a barred spiral galaxy, so called because the higher concentration of stars near the galaxy's center forms a bar or rod through the center.",https://science.nasa.gov/asset/hubble/ngc-3972-and-ngc-1015/,2013
,5,3,august-31-2016-ic-63.jpg,Ghost Nebula IC 63,"Powerful gushers of energy from seething stars can sculpt eerie-looking figures with long flowing veils of gas and dust. One striking example is ""the Ghost of Cassiopeia,"" officially known as IC 63.",https://science.nasa.gov/asset/hubble/ic-63-ghost-nebula/,2016
,5,4,august-31-2014-galaxy-cluster-macs-j041612403.jpg,Galaxy Cluster MACS J0416.1-2403,"Massive galaxy cluster MACS J0416.1-2403 weighs as much as a million billion suns. The cluster's gravitational field magnifies and distorts the light from galaxies far behind it, a phenomenon called gravitational lensing.",https://science.nasa.gov/asset/hubble/faint-compact-galaxy-in-the-early-universe/,2014
,5,5,august-31-2012-spiral-galaxy-m83.jpg,Spiral Galaxy Messier 83,"This image of spiral galaxy M83 captures thousands of star clusters, hundreds of thousands of individual stars, and ""ghosts"" of dead stars called supernova remnants.",https://science.nasa.gov/asset/hubble/spiral-galaxy-m83/,2012
9/1/2019 0:00:00,5,1,september-1-2009-hubble-ultra-deep-field.jpg,Hubble Ultra Deep Field,This image of the Hubble Ultra Deep Field includes infrared observations that allowed Hubble to peer deeper into the universe than it ever had before. The faintest and reddest objects in the image are galaxies that formed 600 million years after the big bang.,https://science.nasa.gov/asset/hubble/hubbles-deepest-view-of-universe-unveils-never-before-seen-galaxies/,2009
,5,2,september-1-2014-m16-ir.jpg,Pillars of Creation in Infrared Light,"By observing near-infrared light, we can see through much of the gas and dust in the Eagle Nebula's Pillars of Creation, revealing stars behind the nebula and hidden away inside the pillars.",https://science.nasa.gov/asset/hubble/a-near-infrared-view-of-the-pillars-of-creation/,2014
,5,3,september-1-2016-binary-asteroid-288p.jpg,Binary Asteroid System 288P,"Two asteroids orbiting each other as a pair, collectively known as 2006 VW139/288P, have comet-like features. These include a bright halo of material, called a coma, and a long tail of dust.",https://science.nasa.gov/asset/hubble/binary-asteroid-system-2006-vw139288p/,2016
,5,4,september-1-2014-galaxy-cluster-macs-j041612403.jpg,Galaxy Cluster MACS J0416.1-2403,"Massive galaxy cluster MACS J0416.1-2403 weighs as much as a million billion suns. The cluster's gravitational field magnifies and distorts the light from galaxies far behind it, a phenomenon called gravitational lensing.",https://science.nasa.gov/asset/hubble/faint-compact-galaxy-in-the-early-universe/,2014
,5,5,september-1-2015-abell370.jpg,Abell 370 Parallel Field,"This is a view of a random patch of sky that reveals how the universe looks at large: a ""wallpaper"" of innumerable galaxies spread across space and time. They offer a wide assortment of majestic star cities that vary in age, shape, and stellar populations.",https://science.nasa.gov/asset/hubble/abell-370-parallel/,2015
9/2/2019 0:00:00,5,1,september-2-2009-hubble-ultra-deep-field.jpg,Hubble Ultra Deep Field,This image of the Hubble Ultra Deep Field includes infrared observations that allowed Hubble to peer deeper into the universe than it ever had before. The faintest and reddest objects in the image are galaxies that formed 600 million years after the big bang.,https://science.nasa.gov/asset/hubble/hubbles-deepest-view-of-universe-unveils-never-before-seen-galaxies/,2009
,5,2,september-2-2014-m16-ir.jpg,Pillars of Creation in Infrared Light,"By observing near-infrared light, we can see through much of the gas and dust in the Eagle Nebula's Pillars of Creation, revealing stars behind the nebula and hidden away inside the pillars.",https://science.nasa.gov/asset/hubble/a-near-infrared-view-of-the-pillars-of-creation/,2014
,5,3,september-2-2013-westerlund-2.jpg,Star Cluster Westerlund 2,"This image captures a giant cluster of about 3,000 stars called Westerlund 2. The cluster resides inside a vibrant stellar breeding ground known as Gum 29, located 20,000 light-years away.",https://science.nasa.gov/asset/hubble/nasa-unveils-celestial-fireworks-as-official-hubble-25th-anniversary-image/,2013
,5,4,september-2-2002-v828mon.jpg,Star V838 Monocerotis,"This image captures a light echo from the star V838 Monocerotis. After the star brightened temporarily, light from that eruption began propagating outward through a dusty cloud around the star. The light reflects or ""echoes"" off the dust and then travels to Earth.",https://science.nasa.gov/asset/hubble/light-echo-from-star-v838-monocerotis/,2002
,5,5,september-2-2005-ngc-1309.jpg,Spiral Galaxy NGC 1309,"Looking like a child's pinwheel ready to be set spinning by a gentle breeze, this dramatic spiral galaxy is home to multiple notable stellar explosions, called supernovae, including SN 2002fk and SN 2012Z.",https://science.nasa.gov/asset/hubble/hubble-snaps-images-of-a-pinwheel-shaped-galaxy/,2005
9/3/2019 0:00:00,5,1,september-3-2003-galaxy-hudf-jd2.jpg,Galaxy HUDF-JD2,"The small red object at the center of this image (just above the large spiral galaxy) is one of the most distant galaxies ever seen. Called HUDF-JD2, it is one of about 10,000 galaxies found in the Hubble Ultra Deep Field.",https://science.nasa.gov/asset/hubble/galaxy-hudf-jd2-in-the-hubble-ultra-deep-field/,2003
,5,2,september-3-2013-westerlund-2.jpg,Star Cluster Westerlund 2,"This image captures a giant cluster of about 3,000 stars called Westerlund 2. The cluster resides inside a vibrant stellar breeding ground known as Gum 29, located 20,000 light-years away.",https://science.nasa.gov/asset/hubble/nasa-unveils-celestial-fireworks-as-official-hubble-25th-anniversary-image/,2013
,5,3,september-3-2005-ngc-1309.jpg,Spiral Galaxy NGC 1309,"Looking like a child's pinwheel ready to be set spinning by a gentle breeze, this dramatic spiral galaxy is home to multiple notable stellar explosions, called supernovae, including SN 2002fk and SN 2012Z.",https://science.nasa.gov/asset/hubble/hubble-snaps-images-of-a-pinwheel-shaped-galaxy/,2005
,5,4,september-3-2001-mcg02-001.jpg,Interacting Galaxy MCG02-001,"MCG+12-02-001 consists of a pair of galaxies visibly affected by gravitational interaction as material is flung out in opposite directions. The larger galaxy is at the top and a smaller galaxy, resembling an erupting volcano, is at the bottom.",https://science.nasa.gov/asset/hubble/hubble-interacting-galaxy-mcg02-001/,2001
,5,5,september-3-2012-spiral-galaxy-m83.jpg,Spiral Galaxy Messier 83,"This image of spiral galaxy M83 captures thousands of star clusters, hundreds of thousands of individual stars, and ""ghosts"" of dead stars called supernova remnants.",https://science.nasa.gov/asset/hubble/spiral-galaxy-m83/,2012
9/4/2019 0:00:00,5,1,september-4-1997-nebula-n81.jpg,Nebula N 81,"This image shows a newborn star cluster cradled within a nebula, or glowing cloud of gas, called N 81. This stellar nursery lies about 200,000 light-years away within the Small Magellanic Cloud, a small galaxy orbiting our own Milky Way.",https://science.nasa.gov/asset/hubble/nebula-n81-in-the-small-magellanic-cloud/,1997
,5,2,september-4-1995-47-tucanae.jpg,Globular Cluster 47 Tucanae,"This image shows the core of the globular star cluster 47 Tucanae. The entire cluster contains about a million stars, with many packed tightly in the core.",https://science.nasa.gov/asset/hubble/stellar-sorting-in-globular-cluster-47-tucanae/,1995
,5,3,september-4-2023-ugc10043.jpg,Spiral Galaxy UGC 10043,Spiral galaxy UGC 10043 is one of the somewhat rare spiral galaxies that we see edge-on. This edge-on viewpoint makes the galaxy’s disk appear as a sharp line through space.,https://science.nasa.gov/missions/hubble/hubble-captures-an-edge-on-spiral-with-curve-appeal/,2023
,5,4,september-4-2010-twin-jet-nebula.jpg,Twin Jet Nebula,"The Twin Jet Nebula, also known as M2-9, is a striking example of a ""butterfly"" or a bipolar planetary nebula. If the nebula is sliced across the star, each side of it appears much like a pair of exhausts from jet engines.",https://science.nasa.gov/centers-and-facilities/goddard/hubble-sees-the-wings-of-a-butterfly-the-twin-jet-nebula/,2010
,5,5,september-4-2001-mgc11-002.jpg,Interacting Galaxy MCG11-002,"MCG+08-11-002 is an odd-looking galaxy with a spectacular dark band of dust in front of the galaxy's center, making it resemble a ""black eye."" Scientists believe that it resulted from a collision of two galaxies.",https://science.nasa.gov/asset/hubble/hubble-interacting-galaxy-mcg11-002/,2001
9/5/2019 0:00:00,5,1,september-5-2009-hubble-ultra-deep-field.jpg,Hubble Ultra Deep Field,This image of the Hubble Ultra Deep Field includes infrared observations that allowed Hubble to peer deeper into the universe than it ever had before. The faintest and reddest objects in the image are galaxies that formed 600 million years after the big bang.,https://science.nasa.gov/asset/hubble/hubbles-deepest-view-of-universe-unveils-never-before-seen-galaxies/,2009
,5,2,september-5-2014-m16-visible.jpg,Pillars of Creation in Visible Light,"The towering Pillars of Creation are about 5 light-years tall. They are part of the Eagle Nebula, a vast star-forming region. Stars are being born deep inside the pillars, which are made of cold hydrogen gas laced with dust.",https://science.nasa.gov/asset/hubble/2014-hubble-wfc3uvis-image-of-m16/,2014
,5,3,september-5-2023-ic758.jpg,Spiral Galaxy IC 758,"The serene spiral galaxy IC 758 appears peaceful, with its soft blue spiral arms curving gently around its hazy barred center. However, in 1999, astronomers spotted a powerful explosion in this galaxy. The supernova SN 1999bg marked the dramatic end of a massive star.",https://science.nasa.gov/missions/hubble/hubble-studies-a-spirals-supernova-scene/,2023
,5,4,september-5-2012-fs-tau.jpg,Newly Forming Star FS Tau,"Jets of energized material emerge from the cocoon of newly forming star FS Tau B to blast across space, slicing through the gas and dust of a shining nebula.",https://science.nasa.gov/missions/hubble/hubble-sees-new-star-proclaiming-presence-with-cosmic-lightshow/,2012
,5,5,september-5-1998-nebula-n159.jpg,Nebula N159,"This Hubble view of a turbulent starbirth region reveals ridges, arcs, and filaments sculpted by torrential stellar winds from hot, newborn, massive stars.",https://science.nasa.gov/asset/hubble/butterfly-shaped-papillon-nebula-inset-found-in-nebula-n159/,1998
9/6/2019 0:00:00,5,1,september-6-2009-hubble-ultra-deep-field.jpg,Hubble Ultra Deep Field,This image of the Hubble Ultra Deep Field includes infrared observations that allowed Hubble to peer deeper into the universe than it ever had before. The faintest and reddest objects in the image are galaxies that formed 600 million years after the big bang.,https://science.nasa.gov/asset/hubble/hubbles-deepest-view-of-universe-unveils-never-before-seen-galaxies/,2009
,5,2,september-6-2004-47-tucanae.jpg,Globular Cluster 47 Tucanae,"This image of the heart of the giant globular star cluster 47 Tucanae reveals the glow of 200,000 stars. Young white dwarfs ― the burned-out relics of stars that have used up their nuclear fuel, cooled down, and lost most of their mass ― are beginning to migrate outward.",https://science.nasa.gov/asset/hubble/white-dwarfs-migrating-from-globular-cluster-47-tucanaes-core/,2004
,5,3,september-6-2009-2masx-j06094.jpg,Interacting Galaxies 2MASX J06094582-2140234,"Here we see two spiral galaxies engaged in a cosmic tug-of-war, but in this contest, there will be no winner. The structures of both objects are slowly distorted to resemble new forms, and in some cases, merge together to form new, super galaxies.",https://science.nasa.gov/missions/hubble/hubble-eyes-galaxy-as-it-gets-a-cosmic-hair-ruffling/,2009
,5,4,september-6-2005-crab-nebula-core.jpg,Center of the Crab Nebula,"At the center of the Crab Nebula sits a stellar remnant called a neutron star that has about the same mass as the Sun compressed into a sphere only a few miles across. Spinning 30 times a second, the neutron star shoots out beams of energy that make it look like it's pulsating.",https://science.nasa.gov/asset/hubble/core-of-the-crab-nebula/,2005
,5,5,september-6-2005-spiral-galaxy-m81.jpg,Spiral Galaxy Messier 81,"The arms of the ""grand design"" spiral galaxy M81 are filled with young, bluish, hot stars. The greenish regions in the image are bright, gaseous clouds where new stars are forming.",https://science.nasa.gov/asset/hubble/hubble-photographs-grand-design-spiral-galaxy-m81/,2005
9/7/2019 0:00:00,5,1,september-7-1997-hubble-x-nebula.jpg,Hubble-X Nebula,"Hubble-X is a glowing gas cloud, one of the most active star-forming regions within galaxy NGC 6822. The cloud is about 110 light-years across and contains many thousands of newly formed stars in a central cluster.",https://science.nasa.gov/asset/hubble/hubble-x-a-glowing-gas-cloud-in-the-star-forming-region-of-galaxy-ngc-6822/,1997
,5,2,september-7-2004-47-tucanae.jpg,Globular Cluster 47 Tucanae,"This image of the heart of the giant globular star cluster 47 Tucanae reveals the glow of 200,000 stars. Young white dwarfs ― the burned-out relics of stars that have used up their nuclear fuel, cooled down, and lost most of their mass ― are beginning to migrate outward.",https://science.nasa.gov/asset/hubble/white-dwarfs-migrating-from-globular-cluster-47-tucanaes-core/,2004
,5,3,september-7-2005-ngc-1309.jpg,Spiral Galaxy NGC 1309,"Looking like a child's pinwheel ready to be set spinning by a gentle breeze, this dramatic spiral galaxy is home to multiple notable stellar explosions, called supernovae, including SN 2002fk and SN 2012Z.",https://science.nasa.gov/asset/hubble/hubble-snaps-images-of-a-pinwheel-shaped-galaxy/,2005
,5,4,september-7-2018-ngc-5643.jpg,Spiral Galaxy NGC 5643,"The glorious spiral galaxy NGC 5643 is a grand design spiral, which refers to the galaxy’s symmetrical form with two large, winding spiral arms that are clearly visible.",https://science.nasa.gov/missions/hubble/hubble-images-a-grand-spiral/,2024
,5,5,september-7-2005-spiral-galaxy-m81.jpg,Spiral Galaxy Messier 81,"The arms of the ""grand design"" spiral galaxy M81 are filled with young, bluish, hot stars. The greenish regions in the image are bright, gaseous clouds where new stars are forming.",https://science.nasa.gov/asset/hubble/hubble-photographs-grand-design-spiral-galaxy-m81/,2005
9/8/2019 0:00:00,5,1,september-8-2006-spiral-galaxy-m81.jpg,Spiral Galaxy Messier 81,"The arms of the ""grand design"" spiral galaxy M81 are filled with young, bluish, hot stars. The greenish regions in the image are bright, gaseous clouds where new stars are forming.",https://science.nasa.gov/asset/hubble/hubble-photographs-grand-design-spiral-galaxy-m81/,2006
,5,2,september-8-2013-westerlund-2.jpg,Star Cluster Westerlund 2,"This image captures a giant cluster of about 3,000 stars called Westerlund 2. The cluster resides inside a vibrant stellar breeding ground known as Gum 29, located 20,000 light-years away.",https://science.nasa.gov/asset/hubble/nasa-unveils-celestial-fireworks-as-official-hubble-25th-anniversary-image/,2013
,5,3,september-8-1990-orion-window-curtain.jpg,"Orion Nebula ""Window Curtain""","This image reveals the structure of a thin sheet of gas located at the edge of the famous ""Great Nebula"" in Orion, also known as Messier 42 or NGC 1976.",https://science.nasa.gov/asset/hubble/window-curtain-structure-of-the-orion-nebula/,1990
,5,4,september-8-2016-abell-370.jpg,Galaxy Cluster Abell 370,"The galaxy cluster Abell 370 contains several hundred galaxies tied together by the mutual pull of gravity. Entangled among the galaxies are arcs of blue light, actually distorted and magnified images of remote galaxies behind the cluster.",https://science.nasa.gov/asset/hubble/galaxy-cluster-abell-370/,2016
,5,5,september-8-1997-trifid-nebula.jpg,Trifid Nebula,"The Trifid Nebula reveals a stellar nursery being torn apart by radiation from a nearby, massive star.",https://science.nasa.gov/asset/hubble/the-trifid-nebula-stellar-nursery-torn-apart-by-radiation-from-nearby-star/,1997
9/9/2019 0:00:00,5,1,september-9-2006-v838-mon.jpg,V838 Monocerotis Light Echo,"This image captures a light echo from the star V838 Monocerotis. After the star brightened temporarily, light from that eruption began propagating outward through a dusty cloud around the star. The light reflects or ""echoes"" off the dust and then travels to Earth.",https://science.nasa.gov/asset/hubble/hubbles-latest-views-of-light-echo-from-star-v838-monocerotis/,2006
,5,2,september-9-2016-binary-asteroid-288p.jpg,Binary Asteroid System 288P,"Two asteroids orbiting each other as a pair, collectively known as 2006 VW139/288P, have comet-like features. These include a bright halo of material, called a coma, and a long tail of dust.",https://science.nasa.gov/asset/hubble/binary-asteroid-system-2006-vw139288p/,2016
,5,3,september-9-1997-hubble-5.jpg,Planetary Nebula Hubble 5,"Hubble 5, lying 2,200 light-years away, is a ""butterfly"" or bipolar (two-lobed) nebula. The heat generated by fast winds causes each of the lobes to expand, much like a pair of balloons with internal heaters.",https://science.nasa.gov/asset/hubble/hubbles-planetary-nebula-gallery/,1997
,5,4,september-9-2017-ngc-1559.jpg,Spiral Galaxy NGC 1559,"This magnificent barred spiral galaxy is NGC 1559. This picture is composed of a whopping 10 different Hubble images, from ultraviolet through visible light and into the near-infrared spectrum.",https://science.nasa.gov/missions/hubble/hubble-lights-the-way-with-new-multiwavelength-galaxy-view/,2017
,5,5,september-9-1990-orion-window-curtain.jpg,"Orion Nebula ""Window Curtain""","This image reveals the structure of a thin sheet of gas located at the edge of the famous ""Great Nebula"" in Orion, also known as Messier 42 or NGC 1976.",https://science.nasa.gov/asset/hubble/window-curtain-structure-of-the-orion-nebula/,1990
9/10/2019 0:00:00,5,1,september-10-2018-bedin1-ngc6752.jpg,Galaxy Behind Star Cluster NGC 6752,"This image shows stars in a small part of the globular cluster NGC 6752. Near the bottom appears a background galaxy, much farther away, that astronomers found while studying this image. It's a dwarf galaxy that is nearly as old as the universe.",https://science.nasa.gov/asset/hubble/bedin-1-in-ngc-6752/,2018
,5,2,september-10-2012-crab-nebula.jpg,Crab Nebula,"The glow of a dead star, which exploded long ago as a supernova, reveals itself in this image of the Crab Nebula. At its center is a rotating neutron star, or pulsar, which has about the same mass as the Sun squeezed into a sphere only a few miles wide.",https://science.nasa.gov/asset/hubble/crab-nebula/,2012
,5,3,september-10-2013-ngc6814.jpg,Spiral Galaxy NGC 6814,"The striking face-on spiral galaxy NGC 6814 has a luminous nucleus and spectacular sweeping arms, rippled with an intricate pattern of dark dust. Spiral galaxies make up about 60 percent of the galaxies in the local universe.",https://science.nasa.gov/centers-and-facilities/goddard/hubble-spies-a-spiral-snowflake/,2013
,5,4,september-10-2013-asteroid-p2013-p5.jpg,Active Asteroid P/2013 P5,"This body in the asteroid belt, designated P/2013 P5, was first discovered as an unusually fuzzy-looking object. This image reveals a never-before-seen set of six comet-like tails radiating from the asteroid.",https://science.nasa.gov/asset/hubble/active-asteroid-p2013-p5/,2013
,5,5,september-10-2016-abell-370.jpg,Galaxy Cluster Abell 370,"The galaxy cluster Abell 370 contains several hundred galaxies tied together by the mutual pull of gravity. Entangled among the galaxies are arcs of blue light, actually distorted and magnified images of remote galaxies behind the cluster.",https://science.nasa.gov/asset/hubble/galaxy-cluster-abell-370/,2016
9/11/2019 0:00:00,5,1,september-11-2009-goods-south-field.jpg,GOODS South Field,More than 12 billion years of cosmic history are shown in this panoramic view of thousands of galaxies in various stages of assembly. The view covers a portion of the southern field of a galaxy census called the Great Observatories Origins Deep Survey (GOODS).,https://science.nasa.gov/asset/hubble/goodsers2-field/,2009
,5,2,september-11-2023-ugc3912.jpg,Spiral Galaxy UGC 3912,"UGC 3912 is classified as a spiral galaxy, but you wouldn’t know it from this detailed image. UGC 3912’s distorted shape typically indicates a gravitational encounter with another galaxy.",https://science.nasa.gov/missions/hubble/hubble-captures-a-suspected-galaxy-encounter/,2023
,5,3,september-11-2016-abell-370.jpg,Galaxy Cluster Abell 370,"The galaxy cluster Abell 370 contains several hundred galaxies tied together by the mutual pull of gravity. Entangled among the galaxies are arcs of blue light, actually distorted and magnified images of remote galaxies behind the cluster.",https://science.nasa.gov/asset/hubble/galaxy-cluster-abell-370/,2016
,5,4,september-11-2019-ngc-1087.jpg,Spiral Galaxy NGC 1087,"New and old stars twinkle in the dusty arms of barred spiral galaxy NGC 1087. The elongated, bright-white bar structure at the galaxy’s center is shorter compared to other barred galaxies.",https://science.nasa.gov/missions/hubble/hubble-captures-starry-cetus-constellation-galaxy/,2019
,5,5,september-11-el-gordo.jpg,Galaxy Cluster El Gordo,"This galaxy cluster, cataloged as ACT-CL J0102-4915 and nicknamed ""El Gordo"" (""the fat one"" in Spanish), contains several hundred galaxies swarming around under the collective gravitational pull. The total mass of the cluster is estimated to weigh as much as 3 million billion stars like our Sun.",https://science.nasa.gov/missions/hubble/hubble-finds-that-monster-el-gordo-galaxy-cluster-is-bigger-than-thought/,2012
9/12/2019 0:00:00,5,1,september-12-2000-ngc-3310.jpg,Starburst Galaxy NGC 3310,"There are several hundred star clusters in the starburst galaxy NGC 3310. They appear in this image as the bright, blue clumps that trace the galaxy's spiral arms.",https://science.nasa.gov/asset/hubble/starburst-galaxy-ngc-3310-blazes-with-star-formation/,2000
,5,2,september-12-1998-pn-hb-12.jpg,Planetary Nebula Hubble 12,"This bipolar planetary nebula known as PN Hb 12 (a.k.a. Hubble 12), reminiscent of a butterfly or an hourglass, was formed as a Sun-like star approached the end of its life and puffed its outer layers into the surrounding space.",https://science.nasa.gov/asset/hubble/bipolar-planetary-nebula-pn-hb-12/,1998
,5,3,september-12-2011-ugc10143.jpg,Elliptical Galaxy UGC 10143,"The giant elliptical galaxy UGC 10143 is the biggest and brightest member of galaxy cluster Abell 2147. Ellipticals are often near the center of galaxy clusters, suggesting they may form when galaxies merge.",https://science.nasa.gov/missions/hubble/hubble-captures-giant-elliptical-in-the-head-of-the-serpent/,2011
,5,4,september-12-2018-bedin1-ngc6752.jpg,Galaxy Behind Star Cluster NGC 6752,"This image shows stars in a small part of the globular cluster NGC 6752. Near the bottom appears a background galaxy, much farther away, that astronomers found while studying this image. It's a dwarf galaxy that is nearly as old as the universe.",https://science.nasa.gov/asset/hubble/bedin-1-in-ngc-6752/,2018
,5,5,september-12-2012-hudf.jpg,Hubble Ultra Deep Field,This image of the Hubble Ultra Deep Field includes infrared observations that allowed Hubble to peer deeper into the universe than it ever had before. The faintest and reddest objects in the image are galaxies that formed 600 million years after the big bang.,https://science.nasa.gov/asset/hubble/hubble-uncovers-most-robust-sample-of-distant-galaxies/,2012
9/13/2019 0:00:00,5,1,september-13-1997-arches-cluster.jpg,Arches Cluster,"The Arches cluster is the densest known star cluster in our galaxy and resides 25,000 light-years away. In this rough-and-tumble region, huge clouds of gas collide to form behemoth stars.",https://science.nasa.gov/asset/hubble/trio-of-images-of-the-arches-cluster/,1997
,5,2,september-13-2006-ngc253.jpg,Spiral Galaxy NGC 253,"NGC 253 is one of the brightest spiral galaxies in the sky. This image captures a swath of its bright and dusty core, revealing individual stars.",https://science.nasa.gov/asset/hubble/hubble-snaps-close-up-views-of-diverse-galaxies/,2006
,5,3,september-13-2017-ngc5921.jpg,Spiral Galaxy NGC 5921,"Much like our own galaxy, the Milky Way, the spiral galaxy NGC 5921 contains a prominent bar – a central linear band of stars. Roughly half of all spiral galaxies may contain bars. These bars affect their parent galaxies by fueling star formation.",https://science.nasa.gov/missions/hubble/hubble-spies-a-serpentine-spiral/,2017
,5,4,september-13-2019-ugc12682.jpg,Irregular Galaxy UGC 12682,"An irregular galaxy called UGC 12682 glows warmly against the dark backdrop of the universe. Located approximately 70 million light-years away, UGC 12682 is distorted and oddly structured, with bright pockets of star formation.",https://science.nasa.gov/missions/hubble/hubble-observes-an-irregular-galaxy-with-a-peculiar-supernova/,2019
,5,5,september-13-2021-ngc-6956.jpg,Spiral Galaxy NGC 6956,"Against an inky black backdrop, the blue swirls of spiral galaxy NGC 6956 stand out radiantly. NGC 6956 is a barred spiral galaxy, a common type of spiral galaxy with a bar-shaped structure of stars in its center.",https://science.nasa.gov/missions/hubble/hubble-captures-majestic-barred-spiral/,2021
9/14/2019 0:00:00,5,1,september-14-2005-goods-south-field.jpg,GOODS South Field,More than 12 billion years of cosmic history are shown in this panoramic view of thousands of galaxies in various stages of assembly. The view covers a portion of the southern field of a galaxy census called the Great Observatories Origins Deep Survey (GOODS).,https://science.nasa.gov/asset/hubble/goodsers2-field/,2005
,5,2,september-14-1997-arches-cluster.jpg,Arches Cluster,"The Arches cluster is the densest known star cluster in our galaxy and resides 25,000 light-years away. In this rough-and-tumble region, huge clouds of gas collide to form behemoth stars.",https://science.nasa.gov/asset/hubble/trio-of-images-of-the-arches-cluster/,1997
,5,3,september-14-2018-bedin1-ngc6752.jpg,Galaxy Behind Star Cluster NGC 6752,"This image shows stars in a small part of the globular cluster NGC 6752. Near the bottom appears a background galaxy, much farther away, that astronomers found while studying this image. It's a dwarf galaxy that is nearly as old as the universe.",https://science.nasa.gov/asset/hubble/bedin-1-in-ngc-6752/,2018
,5,4,september-14-1999-spirograph-nebula.jpg,Spirograph Nebula IC 418,"A few thousand years ago, a red giant star ejected its outer layers into space to form the planetary nebula IC 418, also known as the Spirograph Nebula. At nebula's center is the star's hot core, whose radiation causes the surrounding gas to glow.",https://science.nasa.gov/asset/hubble/the-spirograph-nebula-ic-418/,1999
,5,5,september-14-2004-spiral-galaxy-m81.jpg,Spiral Galaxy Messier 81,"The arms of the ""grand design"" spiral galaxy M81 are filled with young, bluish, hot stars. The greenish regions in the image are bright, gaseous clouds where new stars are forming.",https://science.nasa.gov/asset/hubble/hubble-photographs-grand-design-spiral-galaxy-m81/,2004
9/15/2019 0:00:00,5,1,september-15-2005-crab-nebula-core.jpg,Center of the Crab Nebula,"At the center of the Crab Nebula sits a stellar remnant called a neutron star that has about the same mass as the Sun compressed into a sphere only a few miles across. Spinning 30 times a second, the neutron star shoots out beams of energy that make it look like it's pulsating.",https://science.nasa.gov/asset/hubble/core-of-the-crab-nebula/,2005
,5,2,september-15-2018-bedin1-ngc6752.jpg,Galaxy Behind Star Cluster NGC 6752,"This image shows stars in a small part of the globular cluster NGC 6752. Near the bottom appears a background galaxy, much farther away, that astronomers found while studying this image. It's a dwarf galaxy that is nearly as old as the universe.",https://science.nasa.gov/asset/hubble/bedin-1-in-ngc-6752/,2018
,5,3,september-15-2004-ugc12158-asteroid.jpg,Asteroid Photobombing a Spiral Galaxy,"This image of the barred spiral galaxy UGC 12158 looks like someone took a white marking pen to it. The streaks are a foreground asteroid moving through Hubble's field-of-view, photobombing the observation of the galaxy.",https://science.nasa.gov/asset/hubble/wayward-asteroid-photobombs-hubble-snapshot-of-galaxy-ugc-12158/,2004
,5,4,september-15-2020-ngc-1052-df3.jpg,Diffuse Galaxy NGC 1052-DF2,"NGC 1052-DF2, or DF2, is an unusual ""see-through"" galaxy. The giant cosmic cotton ball is so diffuse and its ancient stars so spread out that distant galaxies in the background can be seen through it.",https://science.nasa.gov/asset/hubble/ngc1052-df2/,2020
,5,5,september-15-2012-hudf.jpg,Hubble Ultra Deep Field,This image of the Hubble Ultra Deep Field includes infrared observations that allowed Hubble to peer deeper into the universe than it ever had before. The faintest and reddest objects in the image are galaxies that formed 600 million years after the Big Bang.,https://science.nasa.gov/asset/hubble/hubble-uncovers-most-robust-sample-of-distant-galaxies/,2012
9/16/2019 0:00:00,5,1,september-16-1997-beta-pictoris-disk.jpg,Beta Pictoris Disk,"In 1984, Beta Pictoris was the very first star discovered to be surrounded by a bright disk of light-scattering dust and debris. Planets are thought to form in such disks, and astronomers have discovered two planets orbiting Beta Pictoris.",https://science.nasa.gov/asset/hubble/hubble-views-of-beta-pictoris-1997-and-2012/,1997
,5,2,september-16-2005-ngc-1309.jpg,Spiral Galaxy NGC 1309,"Looking like a child's pinwheel ready to be set spinning by a gentle breeze, this dramatic spiral galaxy is home to multiple notable stellar explosions, called supernovae, including SN 2002fk and SN 2012Z.",https://science.nasa.gov/asset/hubble/hubble-snaps-images-of-a-pinwheel-shaped-galaxy/,2005
,5,3,september-16-2018-bedin1-ngc6752.jpg,Galaxy Behind Star Cluster NGC 6752,"This image shows stars in a small part of the globular cluster NGC 6752. Near the bottom appears a background galaxy, much farther away, that astronomers found while studying this image. It's a dwarf galaxy that is nearly as old as the universe.",https://science.nasa.gov/asset/hubble/bedin-1-in-ngc-6752/,2018
,5,4,september-16-2020-ngc-1052-df3.jpg,Diffuse Galaxy NGC 1052-DF2,"NGC 1052-DF2, or DF2, is an unusual ""see-through"" galaxy. The giant cosmic cotton ball is so diffuse and its ancient stars so spread out that distant galaxies in the background can be seen through it.",https://science.nasa.gov/asset/hubble/ngc1052-df2/,2020
,5,5,september-16-2020-omega-centauri.jpg,Omega Centauri,Omega Centauri consists of roughly 10 million stars that are gravitationally bound. The cluster is about 10 times as massive as other big globular clusters – almost as massive as a small galaxy.,https://science.nasa.gov/asset/hubble/omega-centauri-2/,2020
9/17/2019 0:00:00,5,1,september-17-2013-30-doradus-nebula-visible.jpg,30 Doradus Nebula,"Glowing hydrogen clouds and dark filamentary dust structures are visible in this close-up view of a star-birth region called the 30 Doradus Nebula. The giant stellar factory lies 170,000 light-years away inside the Large Magellanic Cloud.",https://science.nasa.gov/asset/hubble/30-doradus-nebula-visible-and-infrared-comparison/,2013
,5,2,september-17-2021-arp-295.jpg,Interacting Galaxies Arp 295,"One of the galaxies from galactic group Arp 295 is visible in this image, along with part of the 250,000-light-year-long bridge of stars and gas that stretches between two of the galaxies.",https://science.nasa.gov/missions/hubble/hubble-captures-a-faint-bridge-of-stars/,2021
,5,3,september-17-2012-messier-15.jpg,Globular Cluster Messier 15,"A spectacular swarm of stars, M15 is one of the densest globular clusters ever discovered, with very hot blue stars and cooler orange stars becoming more concentrated toward its bright core. It is host to an intermediate-mass black hole at its core.",https://science.nasa.gov/mission/hubble/science/explore-the-night-sky/hubble-messier-catalog/messier-15/,2012
,5,4,september-17-2018-bedin1-ngc6752.jpg,Galaxy Behind Star Cluster NGC 6752,"This image shows stars in a small part of the globular cluster NGC 6752. Near the bottom appears a background galaxy, much farther away, that astronomers found while studying this image. It's a dwarf galaxy that is nearly as old as the universe.",https://science.nasa.gov/asset/hubble/bedin-1-in-ngc-6752/,2018
,5,5,september-17-2023-uranus.jpg,Uranus,"Hubble observed the ""ice giant"" planet Uranus at the same time as the New Horizons spacecraft. Knowing what the clouds on Uranus looked like from Hubble helped researchers with interpretations of the New Horizons data.",https://science.nasa.gov/asset/hubble/hubble-and-new-horizons-views-of-uranus/,2023
9/18/2019 0:00:00,5,1,september-18-1994-pinwheel-m101.jpg,Pinwheel Galaxy,The Pinwheel galaxy has a pancake-like shape that we view face-on. This perspective shows off the spiral structure that gives the galaxy its nickname.,https://science.nasa.gov/asset/hubble/hubble-image-of-m101/,1994
,5,2,september-18-2005-ngc-1309.jpg,Spiral Galaxy NGC 1309,"Looking like a child's pinwheel ready to be set spinning by a gentle breeze, this dramatic spiral galaxy is home to multiple notable stellar explosions, called supernovae, including SN 2002fk and SN 2012Z.",https://science.nasa.gov/asset/hubble/supernova-2012z-in-spiral-galaxy-ngc-1309/,2010
,5,3,september-18-2015-neptune-storm.jpg,Neptune's Storm,"Three billion miles (5 billion km) away on the farthest known major planet in our solar system, an ominous, dark storm ― once big enough to stretch across the Atlantic Ocean ― shrank out of existence on Neptune.",https://science.nasa.gov/asset/hubble/neptunes-mysterious-shrinking-storm/,2015
,5,4,september-18-1994-cats-eye-ngc6543.jpg,Cat's Eye Nebula,"NGC 6543, nicknamed the ""Cat's Eye Nebula,"" has a surprisingly intricate structure and is one of the most complex planetary nebulae ever seen. It's estimated to be 1,000 years old.",https://science.nasa.gov/asset/hubble/the-cats-eye-nebula/,1994
,5,5,september-18-2001-am0702-601.jpg,Interacting Galaxy AM 0702-601,"AM 0702 consists of a couple of detached galaxies, far apart and probably just beginning to interact. The first signs of the gravitational interaction are visible in the galaxy on the left, where the outer structure of the spiral arms is starting to expand.",https://science.nasa.gov/asset/hubble/hubble-interacting-galaxy-am-0702-601/,2001
9/19/2019 0:00:00,5,1,september-19-1999-nebula-ic349-pleiades.jpg,Reflection Nebula IC 349,"IC 349 is a reflection nebula in the Pleiades star cluster (often called the ""Seven Sisters""). The eerie, wispy tendrils of an interstellar cloud are being destroyed by one of the brightest stars in the star cluster.",https://science.nasa.gov/asset/hubble/ghostly-reflections-in-the-pleiades/,1999
,5,2,september-19-2011-ring-nebula-m57.jpg,Ring Nebula,"This is a close-up, visible-light view of Messier 57, better known as the Ring Nebula, the glowing remains of a sun-like star. The tiny white dot in the center is the star's hot core, called a white dwarf.",https://science.nasa.gov/asset/hubble/hubble-captures-a-ring/,2011
,5,3,september-19-2006-2masx-j00482185-2507365.jpg,Aligned Spiral Galaxies,"In this rare alignment between two spiral galaxies, the outer rim of a small, foreground galaxy is silhouetted in front of a larger background galaxy. Tentacles of dust extend beyond the small galaxy's disk of starlight.",https://science.nasa.gov/asset/hubble/overlapping-galaxies-2masx-j00482185-2507365/,2006
,5,4,september-19-2017-ngc-1559.jpg,Spiral Galaxy NGC 1559,"This magnificent barred spiral galaxy is NGC 1559. This picture is composed of a whopping 10 different Hubble images, from ultraviolet through visible light and into the near-infrared spectrum.",https://science.nasa.gov/missions/hubble/hubble-lights-the-way-with-new-multiwavelength-galaxy-view/,2017
,5,5,september-19-2008-ngc2438.jpg,Planetary Nebula NGC 2438,"NGC 2438 is a planetary nebula, formed after the death of a Sun-like star. The medium-sized star expelled its outer layers of gas into space as it died, leaving behind a white-dwarf core.",https://science.nasa.gov/missions/hubble/hubble-images-colorful-planetary-nebula-ringed-by-hazy-halo/,2008
9/20/2019 0:00:00,5,1,september-20-2002-goods-south-field.jpg,GOODS South Field,More than 12 billion years of cosmic history are shown in this panoramic view of thousands of galaxies in various stages of assembly. The view covers a portion of the southern field of a galaxy census called the Great Observatories Origins Deep Survey (GOODS).,https://science.nasa.gov/asset/hubble/goodsers2-field/,2002
,5,2,september-20-2005-ngc-1309.jpg,Spiral Galaxy NGC 1309,"Looking like a child's pinwheel ready to be set spinning by a gentle breeze, this dramatic spiral galaxy is home to multiple notable stellar explosions, called supernovae, including SN 2002fk and SN 2012Z.",https://science.nasa.gov/asset/hubble/hubble-snaps-images-of-a-pinwheel-shaped-galaxy/,2005
,5,3,september-20-2013-snr-deml316a.jpg,Supernova Remnant DEM L316A,"These rippling wisps of ionized gas, named DEM L316A, are the remnants of a long-dead star that ended its life in an explosion called a supernova. It is located within one of our Milky Way Galaxy’s closest galactic neighbors: the Large Magellanic Cloud.",https://science.nasa.gov/missions/hubble/hubble-gazes-at-long-dead-star/,2013
,5,4,september-20-2016-binary-asteroid-288p.jpg,Binary Asteroid System 288P,"Two asteroids orbiting each other as a pair, collectively known as 2006 VW139/288P, have comet-like features. These include a bright halo of material, called a coma, and a long tail of dust.",https://science.nasa.gov/asset/hubble/binary-asteroid-system-2006-vw139288p/,2016
,5,5,september-20-2019-flame-nebula.jpg,Flame Nebula,"The Flame Nebula, also called NGC 2024, is a large star-forming region. This image focuses on the dark, dusty heart of the nebula where a star cluster resides, mostly hidden from view.",https://science.nasa.gov/missions/hubble/hubble-spots-swirls-of-dust-in-the-flame-nebula/,2019
9/21/2019 0:00:00,5,1,september-21-2004-goods-south-field.jpg,GOODS South Field,More than 12 billion years of cosmic history are shown in this panoramic view of thousands of galaxies in various stages of assembly. The view covers a portion of the southern field of a galaxy census called the Great Observatories Origins Deep Survey (GOODS).,https://science.nasa.gov/asset/hubble/goodsers2-field/,2004
,5,2,september-21-2015-ngc248.jpg,Dual Nebulae NGC 248,"This image captures two festive-looking nebulae, situated so as to appear as one. They reside in the Small Magellanic Cloud, a dwarf galaxy that is a satellite of our Milky Way galaxy. The nebulae, together, are called NGC 248.",https://science.nasa.gov/asset/hubble/ngc-248-in-the-small-magellanic-cloud/,2015
,5,3,september-21-2004-einstein-ring.jpg,Einstein Ring Gravitational Lens (SDSS J073728.45+321618.5),Light from a distant galaxy was deflected on its way to Earth by the gravitational field of a massive object along its path that distorted and maginfied the galaxy’s light into the arcs we see here.,https://science.nasa.gov/asset/hubble/a-gallery-of-einstein-rings/,2004
,5,4,september-21-1997-m80.jpg,Globular Cluster Messier 80,"This stellar swarm is one of the densest of the 147 known globular star clusters in the Milky Way galaxy. M80, also called NGC 6093, contains hundreds of thousands of stars, all held together by their mutual gravitational attraction.",https://science.nasa.gov/asset/hubble/globular-cluster-m80-a-swarm-of-ancient-stars-in-the-milky-way/,1997
,5,5,september-21-2020-galaxy-jO206.jpg,Jellyfish Galaxy JO206,"The jellyfish galaxy JO206 showcases a colorful star-forming disk surrounded by a pale, luminous cloud of dust. The tendrils of jellyfish galaxies are formed by the interaction between galaxies and galaxy clusters.",https://science.nasa.gov/missions/hubble/hubble-observes-a-cosmic-sea-creature/,2020
9/22/2019 0:00:00,5,1,september-22-2002-goods-south-field.jpg,GOODS South Field,More than 12 billion years of cosmic history are shown in this panoramic view of thousands of galaxies in various stages of assembly. The view covers a portion of the southern field of a galaxy census called the Great Observatories Origins Deep Survey (GOODS).,https://science.nasa.gov/asset/hubble/goodsers2-field/,2002
,5,2,september-22-2004-ngc1300.jpg,Spiral Galaxy NGC 1300,"The core of this large spiral shows its own extraordinary and distinct spiral structure that is about 3,300 light-years long. Only galaxies with large-scale bars appear to have these a spiral within a spiral disks.",https://science.nasa.gov/asset/hubble/barred-spiral-galaxy-ngc-1300/,2004
,5,3,september-22-2006-arps-loop.jpg,Arp’s Loop,"Arp’s loop is a wispy bridge of gas strung among three colliding galaxies, M81, M82, and NGC 3077. The blue blobs are stars grouped together in interstellar space.",https://science.nasa.gov/asset/hubble/location-of-the-blue-blobs-in-galaxy-group/,2006
,5,4,september-22-2015-ngc248.jpg,Dual Nebulae NGC 248,"This image captures two festive-looking nebulae, situated so as to appear as one. They reside in the Small Magellanic Cloud, a dwarf galaxy that is a satellite of our Milky Way galaxy. The nebulae, together, are called NGC 248.",https://science.nasa.gov/asset/hubble/ngc-248-in-the-small-magellanic-cloud/,2015
,5,5,september-22-2022-saturn.jpg,Saturn,"This image of Saturn heralds the start of the planet's ""spoke season"" surrounding its equinox, when enigmatic features appear across its rings. The suspected culprit for the spokes is the planet's variable magnetic field.",https://science.nasa.gov/asset/hubble/spokes-spotted-in-saturns-rings/,2022
9/23/2019 0:00:00,5,1,september-23-2010-eso243-49.jpg,Spiral Galaxy ESO 243-49,"This edge-on galaxy, called ESO 243-49, appears to host a medium-sized black hole that might have come from a cannibalized dwarf galaxy. As massive as 20,000 Suns, the black hole lies above the galactic plane, an unusual location that suggests it originated somewhere else.",https://science.nasa.gov/asset/hubble/black-hole-eso-243-49-hlx-1/,2010
,5,2,september-23-2018-ugc2885.jpg,Spiral Galaxy UGC 2885,"Located about 232 million light-years away, the galaxy UGC 2885 is about 2.5 times wider than our home galaxy, the Milky Way – and it contains 10 times as many stars!",https://science.nasa.gov/missions/hubble/nasas-hubble-surveys-gigantic-galaxy/,2018
,5,3,september-23-2019-eso-185-ig013.jpg,Compact Galaxy ESO 185-IG013,ESO 185-IG013 is a luminous blue compact galaxy. These nearby galaxies show intense bursts of star formation and are unusually blue in visible light.,https://science.nasa.gov/missions/hubble/hubble-sees-a-merged-galaxy/,2019
,5,4,september-23-2012-galactic-center.jpg,Galactic Center,"Peering deep into the heart of our Milky Way galaxy reveals a tapestry of more than half a million stars. Except for a few blue foreground stars, the rest are part of the Milky Way's nuclear star cluster, the most massive and densest star cluster in our galaxy.",https://science.nasa.gov/asset/hubble/milky-way-nuclear-star-cluster/,2012
,5,5,september-23-2013-asteroid-p2013-p5.jpg,Active Asteroid P/2013 P5,"This body in the asteroid belt, designated P/2013 P5, was first discovered as an unusually fuzzy-looking object. This image reveals a never-before-seen set of six comet-like tails radiating from the asteroid.",https://science.nasa.gov/asset/hubble/active-asteroid-p2013-p5/,2013
9/24/2019 0:00:00,5,1,september-24-2010-eso243-49.jpg,Spiral Galaxy ESO 243-49,"This edge-on galaxy, called ESO 243-49, appears to host a medium-sized black hole that might have come from a cannibalized dwarf galaxy. As massive as 20,000 Suns, the black hole lies above the galactic plane, an unusual location that suggests it originated somewhere else.",https://science.nasa.gov/asset/hubble/black-hole-eso-243-49-hlx-1/,2010
,5,2,september-24-2001-pn-hb-12.jpg,Planetary Nebula Hubble 12,"This bipolar planetary nebula known as PN Hb 12 (a.k.a. Hubble 12), reminiscent of a butterfly or an hourglass, formed as a Sun-like star approached the end of its life and puffed its outer layers into the surrounding space.",https://science.nasa.gov/asset/hubble/bipolar-planetary-nebula-pn-hb-12/,2001
,5,3,september-24-2018-galaxy-z229-15.jpg,Active Galaxy Z 229-15,"Z 229-15 is an interesting celestial object called a Seyfert galaxy. This means that although it hosts an extremely bright and energetic center, the rest of the galaxy remains visible.",https://science.nasa.gov/missions/hubble/hubble-views-an-intriguing-active-galaxy/,2018
,5,4,september-24-2019-flame-nebula.jpg,Flame Nebula,"The Flame Nebula, also called NGC 2024, is a large star-forming region. This image focuses on the dark, dusty heart of the nebula where a star cluster resides, mostly hidden from view.",https://science.nasa.gov/missions/hubble/hubble-spots-swirls-of-dust-in-the-flame-nebula/,2019
,5,5,september-24-2003-hudf.jpg,Hubble Ultra Deep Field,"This view of nearly 10,000 galaxies is the deepest visible-light image of the cosmos. Called the Hubble Ultra Deep Field, this galaxy-studded view represents a ""deep"" core sample of the universe, cutting across billions of light-years.",https://science.nasa.gov/asset/hubble/hubble-ultra-deep-field-image-reveals-galaxies-galore/,2003
9/25/2019 0:00:00,5,1,september-25-2005-ngc1132.jpg,Elliptical Galaxy NGC 1132,"The large elliptical galaxy NGC 1132 likely formed from a group of galaxies that merged together. The galaxy is dubbed a ""fossil group"" because it contains enormous concentrations of dark matter, comparable to the dark matter found in an entire group of galaxies.",https://science.nasa.gov/asset/hubble/elliptical-galaxy-ngc-1132-hubble/,2005
,5,2,september-25-2011-ring-nebula-m57.jpg,Ring Nebula,"This is a close-up, visible-light view of Messier 57, better known as the Ring Nebula, the glowing remains of a Sun-like star. The white dot in the center of the planetary nebula is the star's hot core, called a white dwarf.",https://science.nasa.gov/mission/hubble/science/explore-the-night-sky/hubble-messier-catalog/messier-57/,2011
,5,3,september-25-1994-30dor.jpg,30 Doradus Nebula,"This is the inner part of the 30 Doradus Nebula, a turbulent star-birth region in the Large Magellanic Cloud, a satellite galaxy of our Milky Way. The bright cluster of stars at left is known as R136.",https://science.nasa.gov/asset/hubble/vast-star-forming-region-30-doradus/,1994
,5,4,september-25-2024-ngc2566.jpg,Spiral Galaxy NGC 2566,"A prominent bar of stars stretches across the center of this spiral galaxy, NGC 2566, and spiral arms emerge from each end of the bar. Because it appears tilted from our perspective, its disk takes the appearance of a cosmic eye.",https://science.nasa.gov/missions/hubble/hubble-spies-a-cosmic-eye/,2024
,5,5,september-25-2016-m108.jpg,Surfboard Galaxy,"Messier 108 is one of the largest and brightest members of the Ursa Major galaxy cluster. It is called the Surfboard galaxy because, when viewed with a telescope, it is seen nearly edge-on with no apparent bulge or pronounced core.",https://science.nasa.gov/mission/hubble/science/explore-the-night-sky/hubble-messier-catalog/messier-108/,2016
9/26/2019 0:00:00,5,1,september-26-2009-goods-south-field.jpg,GOODS South Field,More than 12 billion years of cosmic history are shown in this panoramic view of thousands of galaxies in various stages of assembly. The view covers a portion of the southern field of a galaxy census called the Great Observatories Origins Deep Survey (GOODS).,https://science.nasa.gov/asset/hubble/goodsers2-field/,2009
,5,2,september-26-2015-ngc248.jpg,Dual Nebulae NGC 248,"This image captures two festive-looking nebulae, situated so as to appear as one. They reside in the Small Magellanic Cloud, a dwarf galaxy that is a satellite of our Milky Way galaxy. The nebulae, together, are called NGC 248.",https://science.nasa.gov/asset/hubble/ngc-248-in-the-small-magellanic-cloud/,2015
,5,3,september-26-2004-ngc1300.jpg,Spiral Galaxy NGC 1300,"The core of this large spiral shows its own extraordinary and distinct spiral structure that is about 3,300 light-years long. Only galaxies with large-scale bars appear to have these a spiral within a spiral disks.",https://science.nasa.gov/asset/hubble/barred-spiral-galaxy-ngc-1300/,2004
,5,4,september-26-2013-30-doradus-nebula-visible.jpg,30 Doradus Nebula,"Glowing hydrogen clouds and dark filamentary dust structures are visible in this close-up view of a star-birth region called the 30 Doradus Nebula. The giant stellar factory lies 170,000 light-years away inside the Large Magellanic Cloud.",https://science.nasa.gov/asset/hubble/30-doradus-nebula-visible-and-infrared-comparison/,2013
,5,5,september-26-2013-ngc1015.jpg,Spiral Galaxy NGC 1015,"NGC 1015 is a barred spiral galaxy, so called because the higher concentration of stars near the galaxy's center forms a bar or rod through the center.",https://science.nasa.gov/asset/hubble/ngc-3972-and-ngc-1015/,2013
9/27/2019 0:00:00,5,1,september-27-2002-egg-nebula.jpg,Egg Nebula,"In the Egg Nebula, shells of dust form concentric rings around an aging star, resembling the layers of an onion. A thick dust belt, running almost vertically through the center, blocks light from the central star while twin beams of light radiate from the star.",https://science.nasa.gov/asset/hubble/rainbow-image-of-the-egg-nebula/,2002
,5,2,september-27-2015-ngc248.jpg,Dual Nebulae NGC 248,"This image captures two festive-looking nebulae, situated so as to appear as one. They reside in the Small Magellanic Cloud, a dwarf galaxy that is a satellite of our Milky Way galaxy. The nebulae, together, are called NGC 248.",https://science.nasa.gov/asset/hubble/ngc-248-in-the-small-magellanic-cloud/,2015
,5,3,september-27-2005-ngc-1309.jpg,Spiral Galaxy NGC 1309,"Looking like a child's pinwheel ready to be set spinning by a gentle breeze, this dramatic spiral galaxy is home to multiple notable stellar explosions, called supernovae, including SN 2002fk and SN 2012Z.",https://science.nasa.gov/asset/hubble/hubble-snaps-images-of-a-pinwheel-shaped-galaxy/,2005
,5,4,september-27-2000-ugc10043.jpg,Spiral Galaxy UGC 10043,Spiral galaxy UGC 10043 is one of the somewhat rare spiral galaxies that we see edge-on. This edge-on viewpoint makes the galaxy’s disk appear as a sharp line through space.,https://science.nasa.gov/missions/hubble/hubble-captures-an-edge-on-spiral-with-curve-appeal/,2000
,5,5,september-27-2014-galaxy-cluster-macs-j041612403.jpg,Galaxy Cluster MACS J0416.1-2403,"Massive galaxy cluster MACS J0416.1-2403 weighs as much as a million billion suns. The cluster's gravitational field magnifies and distorts the light from galaxies far behind it, a phenomenon called gravitational lensing.",https://science.nasa.gov/asset/hubble/frontier-fields-target-galaxy-clusters/,2012
9/28/2019 0:00:00,5,1,september-28-2002-ngc300.jpg,Galaxy NGC 300,"NGC 300 is a spiral galaxy similar to our own Milky Way galaxy. Some of the bright blue specks in this image are young, massive stars called blue supergiants, and they are among the brightest stars seen in spiral galaxies.",https://science.nasa.gov/asset/hubble/myriad-of-stars-in-spiral-galaxy-ngc-300-central-detail/,2002
,5,2,september-28-2009-abell-370.jpg,Galaxy Cluster Abell 370,"The galaxy cluster Abell 370 contains several hundred galaxies tied together by the mutual pull of gravity. Entangled among the galaxies are arcs of blue light, actually distorted and magnified images of remote galaxies behind the cluster.",https://science.nasa.gov/asset/hubble/abell-370/,2009
,5,3,september-28-2024-ugc-5460.jpg,Spiral Galaxy UGC 5460,"This image reveals UGC 5460’s central bar of stars, winding spiral arms, and bright blue star clusters. Also captured in the upper left-hand corner is a far closer object: a star just 577 light-years away in our own galaxy.",https://science.nasa.gov/missions/hubble/hubble-spies-a-spiral-that-may-be-hiding-an-imposter/,2024
,5,4,september-28-2019-arp298.jpg,Interacting Galaxies Arp 298,"Arp 298 is made up of the two interacting galaxies NGC 7469 and IC 5283. The larger NGC 7469 hosts an active, supermassive black hole and a bright ring of star clusters.",https://science.nasa.gov/missions/hubble/hubble-peers-at-peculiar-pair-of-galaxies/,2019
,5,5,september-28-1999-he2-90.jpg,Mysterious Object He 2-90,"He 2-90 is an enigma. In this Hubble image, it looks like a young, dust-shrouded star with narrow jets. It's classified as a planetary nebula, the glowing remains of a dying star. But it may be neither. Astronomers now suspect He 2-90 is a pair of aging stars masquerading as a single youngster.",https://science.nasa.gov/asset/hubble/he-2-90s-appearance-deceives-astronomers/,1999
9/29/2019 0:00:00,5,1,september-29-2009-goods-south-field.jpg,GOODS South Field,More than 12 billion years of cosmic history are shown in this panoramic view of thousands of galaxies in various stages of assembly. The view covers a portion of the southern field of a galaxy census called the Great Observatories Origins Deep Survey (GOODS).,https://science.nasa.gov/asset/hubble/goodsers2-field/,2009
,5,2,september-29-2016-binary-asteroid-288p.jpg,Binary Asteroid System 288P,"Two asteroids orbiting each other as a pair, collectively known as 2006 VW139/288P, have comet-like features. These include a bright halo of material, called a coma, and a long tail of dust.",https://science.nasa.gov/asset/hubble/binary-asteroid-system-2006-vw139288p/,2016
,5,3,september-29-2019-flame-nebula.jpg,Flame Nebula,"The Flame Nebula, also called NGC 2024, is a large star-forming region. This image focuses on the dark, dusty heart of the nebula where a star cluster resides, mostly hidden from view.",https://science.nasa.gov/missions/hubble/hubble-spots-swirls-of-dust-in-the-flame-nebula/,2019
,5,4,september-29-2024-ngc2566.jpg,Spiral Galaxy NGC 2566,"A prominent bar of stars stretches across the center of this spiral galaxy, NGC 2566, and spiral arms emerge from each end of the bar. Because it appears tilted from our perspective, its disk takes the appearance of a cosmic eye.",https://science.nasa.gov/missions/hubble/hubble-spies-a-cosmic-eye/,2024
,5,5,september-29-2003-hudf.jpg,Hubble Ultra Deep Field,"This view of nearly 10,000 galaxies is the deepest visible-light image of the cosmos. Called the Hubble Ultra Deep Field, this galaxy-studded view represents a ""deep"" core sample of the universe, cutting across billions of light-years.",https://science.nasa.gov/asset/hubble/hubble-ultra-deep-field-image-reveals-galaxies-galore/,2003
9/30/2019 0:00:00,5,1,september-30-2009-goods-south-field.jpg,GOODS South Field,More than 12 billion years of cosmic history are shown in this panoramic view of thousands of galaxies in various stages of assembly. The view covers a portion of the southern field of a galaxy census called the Great Observatories Origins Deep Survey (GOODS).,https://science.nasa.gov/asset/hubble/goodsers2-field/,2009
,5,2,september-30-2015-ngc248.jpg,Dual Nebulae NGC 248,"This image captures two festive-looking nebulae, situated so as to appear as one. They reside in the Small Magellanic Cloud, a dwarf galaxy that is a satellite of our Milky Way galaxy. The nebulae, together, are called NGC 248.",https://science.nasa.gov/asset/hubble/ngc-248-in-the-small-magellanic-cloud/,2015
,5,3,september-30-2019-jewel-bug-ngc7027.jpg,Jewel Bug Nebula,"The planetary nebula NGC 7027, which resembles a colorful jewel bug, is a visibly diffuse region of gas and dust that may be the result of ejections by closely orbiting binary stars.",https://science.nasa.gov/asset/hubble/two-planetary-nebulas-ngc-6302-and-ngc-7027/,2019
,5,4,september-30-2024-andromeda-tendril.jpg,Andromeda Galaxy Tendril,"Swaths of ionized gas glow in a tendril of the Milky Way's neighboring galaxy, Andromeda. These regions, which are common in spiral and irregular galaxies, often indicate the presence of recent star formation.",https://science.nasa.gov/missions/hubble/hubble-zooms-into-the-rosy-tendrils-of-andromeda/,2024
,5,5,september-30-2019-flame-nebula.jpg,Flame Nebula,"The Flame Nebula, also called NGC 2024, is a large star-forming region. This image focuses on the dark, dusty heart of the nebula where a star cluster resides, mostly hidden from view.",https://science.nasa.gov/missions/hubble/hubble-spots-swirls-of-dust-in-the-flame-nebula/,2019
10/1/2019 0:00:00,5,1,october-1-2001-galaxy-ngc-3949.jpg,Spiral Galaxy NGC 3949,"Like our Milky Way, the galaxy NGC 3949 has a disk full of young, blue stars peppered with pink star-birth regions. In contrast to the blue disk, the galaxy's bright center is made up of mostly older stars and appears more yellow.",https://science.nasa.gov/asset/hubble/spiral-galaxy-ngc-3949-a-galaxy-similar-to-the-milky-way/,2001
,5,2,october-1-2014-stein-2051b.jpg,White Dwarf Stein 2051 B,"The white dwarf star Stein 2051 B and the smaller star below it appear to be close neighbors, but they reside far away from each other. After first imaging this star on October 1, 2013, Hubble returned to it one year later on the same day in 2014.",https://science.nasa.gov/asset/hubble/white-dwarf-star-stein-2051-b/,2014
,5,3,october-1-2012-proxima-centauri.jpg,Proxima Centauri,"The red dwarf star Proxima Centauri, part of the Alpha Centauri triple-star system, is the closest star to our Sun.",https://science.nasa.gov/asset/hubble/proper-motion-path-of-proxima-centauri/,2012
,5,4,october-1-2010-47-tucanae.jpg,Globular Cluster 47 Tucanae,"The ancient globular cluster 47 Tucanae is a dense swarm of up to a million stars, and this view captures a close-up of thousands of them. The large, bright stars in the image are red giants near the end of their lives.",https://science.nasa.gov/asset/hubble/globular-cluster-47-tucanae-2/,2010
,5,5,october-1-2003-beta-pictoris.jpg,Beta Pictoris Disk,The star Beta Pictoris has primary and secondary dust disks. The fainter secondary disk extends at least 24 billion miles (39 billion km) from the star and is tilted 4 to 5 degrees from the primary disk. It may be evidence of a planet in a similarly inclined orbit.,https://science.nasa.gov/asset/hubble/hubble-sees-two-dust-disks-around-beta-pictoris/,2003
10/2/2019 0:00:00,5,1,october-2-2002-goods-south-field.jpg,GOODS South Field,More than 12 billion years of cosmic history are shown in this panoramic view of thousands of galaxies in various stages of assembly. The view covers a portion of the southern field of a galaxy census called the Great Observatories Origins Deep Survey (GOODS).,https://science.nasa.gov/asset/hubble/goodsers2-field/,2002
,5,2,october-2-2017-n44.jpg,Emission Nebula N44,"N44 is a complex nebula filled with glowing hydrogen gas, dark lanes of dust, and many stars of different ages. The dark, starry gap, about 250 light-years wide, is called a “superbubble.” Its presence is something of a mystery.",https://science.nasa.gov/missions/hubble/mysterious-asuperbubblea-hollows-out-nebula-in-new-hubble-image/,2017
,5,3,october-2-2019-flame-nebula.jpg,Flame Nebula,"The Flame Nebula, also called NGC 2024, is a large star-forming region. This image focuses on the dark, dusty heart of the nebula where a star cluster resides, mostly hidden from view.",https://science.nasa.gov/missions/hubble/hubble-spots-swirls-of-dust-in-the-flame-nebula/,2019
,5,4,october-2-2017-ngc-1559.jpg,Barred Spiral Galaxy NGC 1559,"This magnificent barred spiral galaxy is NGC 1559. This picture is composed of a whopping 10 different Hubble images, from ultraviolet through visible light and into the near-infrared spectrum.",https://science.nasa.gov/missions/hubble/hubble-lights-the-way-with-new-multiwavelength-galaxy-view/,2017
,5,5,october-2-2003-hudf.jpg,Hubble Ultra Deep Field,"This view of nearly 10,000 galaxies is the deepest visible-light image of the cosmos. Called the Hubble Ultra Deep Field, this galaxy-studded view represents a ""deep"" core sample of the universe, cutting across billions of light-years.",https://science.nasa.gov/asset/hubble/hubble-ultra-deep-field-image-reveals-galaxies-galore/,2003
10/3/2019 0:00:00,5,1,october-3-2009-goods-south-field.jpg,GOODS South Field,More than 12 billion years of cosmic history are shown in this panoramic view of thousands of galaxies in various stages of assembly. The view covers a portion of the southern field of a galaxy census called the Great Observatories Origins Deep Survey (GOODS).,https://science.nasa.gov/asset/hubble/goodsers2-field/,2009
,5,2,october-3-2016-neptune-storm.jpg,Neptune's Storm,"Three billion miles (5 billion km) away on the farthest known major planet in our solar system, an ominous, dark storm ― once big enough to stretch across the Atlantic Ocean ― shrank out of existence on Neptune.",https://science.nasa.gov/asset/hubble/neptunes-mysterious-shrinking-storm/,2016
,5,3,october-3-2010-ngc-3921.jpg,Interacting Galaxy NGC 3921,"Merging galaxies play a large role in the evolution of galaxies and the formation of elliptical galaxies in particular. However, only a few merging systems are close enough to be observed in depth. Interacting galaxy pair NGC 3921 is one of these systems.",https://science.nasa.gov/missions/hubble/hubble-observes-galaxies-evolution-in-slow-motion/,2010
,5,4,october-3-2017-n44.jpg,Emission Nebula N44,"N44 is a complex nebula filled with glowing hydrogen gas, dark lanes of dust, and many stars of different ages. The dark, starry gap, about 250 light-years wide, is called a “superbubble.” Its presence is something of a mystery.",https://science.nasa.gov/missions/hubble/mysterious-asuperbubblea-hollows-out-nebula-in-new-hubble-image/,2017
,5,5,october-3-2011-30-doradus-nebula-visible.jpg,30 Doradus Nebula,"Glowing hydrogen clouds and dark filamentary dust structures are visible in this close-up view of a star-birth region called the 30 Doradus Nebula. The giant stellar factory lies 170,000 light-years away inside the Large Magellanic Cloud.",https://science.nasa.gov/asset/hubble/30-doradus-nebula-visible-and-infrared-comparison/,2011
10/4/2019 0:00:00,5,1,october-4-2009-goods-south-field.jpg,GOODS South Field,More than 12 billion years of cosmic history are shown in this panoramic view of thousands of galaxies in various stages of assembly. The view covers a portion of the southern field of a galaxy census called the Great Observatories Origins Deep Survey (GOODS).,https://science.nasa.gov/asset/hubble/goodsers2-field/,2009
,5,2,october-4-2004-einstein-ring.jpg,Einstein Ring Gravitational Lens SDSS J163028.15+452036.2,Light from a distant galaxy was deflected on its way to Earth by the gravitational field of a massive object along its path that magnified and distorted the galaxy’s light into the arcs we see here.,https://science.nasa.gov/asset/hubble/a-gallery-of-einstein-rings/,2004
,5,3,october-4-2011-30-doradus-nebula-visible.jpg,30 Doradus Nebula,"Glowing hydrogen clouds and dark filamentary dust structures are visible in this close-up view of a star-birth region called the 30 Doradus Nebula. The giant stellar factory lies 170,000 light-years away inside the Large Magellanic Cloud.",https://science.nasa.gov/asset/hubble/30-doradus-nebula-visible-and-infrared-comparison/,2011
,5,4,october-4-2017-n44.jpg,Emission Nebula N44,"N44 is a complex nebula filled with glowing hydrogen gas, dark lanes of dust, and many stars of different ages. The dark, starry gap, about 250 light-years wide, is called a “superbubble.” Its presence is something of a mystery.",https://science.nasa.gov/missions/hubble/mysterious-asuperbubblea-hollows-out-nebula-in-new-hubble-image/,2017
,5,5,october-4-2022-vega-disk.jpg,Vega's Circumstellar Disk,"The summer star Vega is encircled by a nearly 100-billion-mile-diameter disk of debris, known as a circumstellar disk, that's far more smooth than those we see in many other young star systems.",https://science.nasa.gov/missions/hubble/nasas-hubble-webb-probe-surprisingly-smooth-disk-around-vega/,2022
10/5/2019 0:00:00,5,1,october-5-2002-goods-south-field.jpg,GOODS South Field,More than 12 billion years of cosmic history are shown in this panoramic view of thousands of galaxies in various stages of assembly. The view covers a portion of the southern field of a galaxy census called the Great Observatories Origins Deep Survey (GOODS).,https://science.nasa.gov/asset/hubble/goodsers2-field/,2002
,5,2,october-5-2021-arp-madore-2339-661.jpg,Interacting Galaxies Arp-Madore 2339-661,"This striking image captures the interacting galaxy pair known as Arp-Madore 2339-661. The two clearly defined galaxies are NGC 7733 (smaller, lower right) and NGC 7734 (larger, upper left).",https://science.nasa.gov/missions/hubble/hubble-captures-a-galactic-dance-2/,2021
,5,3,october-5-1999-30dor.jpg,30 Doradus Nebula,"This is the inner part of the 30 Doradus Nebula, a turbulent star-birth region in the Large Magellanic Cloud, a satellite galaxy of our Milky Way. The bright cluster of stars at left is known as R136.",https://science.nasa.gov/asset/hubble/vast-star-forming-region-30-doradus/,1999
,5,4,october-5-1994-m80.jpg,Globular Cluster Messier 80,"This stellar swarm is one of the densest of the 147 known globular star clusters in the Milky Way galaxy. M80, also called NGC 6093, contains hundreds of thousands of stars, all held together by their mutual gravitational attraction.",https://science.nasa.gov/asset/hubble/globular-cluster-m80-a-swarm-of-ancient-stars-in-the-milky-way/,1994
,5,5,october-5-2017-n44.jpg,Emission Nebula N44,"N44 is a complex nebula filled with glowing hydrogen gas, dark lanes of dust, and many stars of different ages. The dark, starry gap, about 250 light-years wide, is called a “superbubble.” Its presence is something of a mystery.",https://science.nasa.gov/missions/hubble/mysterious-asuperbubblea-hollows-out-nebula-in-new-hubble-image/,2017
10/6/2019 0:00:00,5,1,october-6-2004-goods-south-field.jpg,GOODS South Field,More than 12 billion years of cosmic history are shown in this panoramic view of thousands of galaxies in various stages of assembly. The view covers a portion of the southern field of a galaxy census called the Great Observatories Origins Deep Survey (GOODS).,https://science.nasa.gov/asset/hubble/goodsers2-field/,2004
,5,2,october-6-2012-milky-way-bulge.jpg,Stars in the Galactic Core,"These colorful stars reside at the heart of our Milky Way galaxy, about 26,000 light-years from Earth. Aging red giant stars coexist with their more plentiful younger cousins, the smaller, white, Sun-like stars, in this crowded region of our galaxy's central hub.",https://science.nasa.gov/asset/hubble/milky-way-bulge/,2012
,5,3,october-6-2019-butterfly-nebula.jpg,Butterfly Nebula,"This Hubble image shows NGC 6302, nicknamed the Butterfly Nebula. The ""wings"" are regions of heated gas that are tearing across space at more than 600,000 miles (965,600 km) an hour.",https://science.nasa.gov/asset/hubble/ngc-6302-the-butterfly-nebula/,2019
,5,4,october-6-2021-arp-madore-608-333.jpg,Interacting Galaxies Arp-Madore 608-333,"The two interacting galaxies making up the pair known as Arp-Madore 608-333 appear serene and unperturbed, but the two are subtly warping one another through a mutual gravitational interaction that is disrupting and distorting both galaxies.",https://science.nasa.gov/missions/hubble/hubble-snaps-a-pair-of-interacting-galaxies/,2021
,5,5,october-6-2004-ngc-3718.jpg,Disturbed Spiral Galaxy NGC 3718,"NGC 3718 is a disturbed spiral galaxy with a warped shape that looks like a plump letter “s” from Earth, with a thread of dark dust snaking through it. Hubble’s view shows the dust lane in detail as it sweeps by the core of the galaxy and curves into the surrounding gas.",https://science.nasa.gov/missions/hubble/hubble-views-a-twisted-spiral/,2004
10/7/2019 0:00:00,5,1,october-7-2004-goods-south-field.jpg,GOODS South Field,More than 12 billion years of cosmic history are shown in this panoramic view of thousands of galaxies in various stages of assembly. The view covers a portion of the southern field of a galaxy census called the Great Observatories Origins Deep Survey (GOODS).,https://science.nasa.gov/asset/hubble/goodsers2-field/,2004
,5,2,october-7-2010-hudf.jpg,Hubble Ultra Deep Field,This image of the Hubble Ultra Deep Field includes infrared observations that allowed Hubble to peer deeper into the universe than it ever had before. The faintest and reddest objects in the image are galaxies that formed 600 million years after the big bang.,https://science.nasa.gov/asset/hubble/hubble-uncovers-most-robust-sample-of-distant-galaxies/,2010
,5,3,october-7-2011-30-doradus-nebula-visible.jpg,30 Doradus Nebula,"Glowing hydrogen clouds and dark filamentary dust structures are visible in this close-up view of a star-birth region called the 30 Doradus Nebula. The giant stellar factory lies 170,000 light-years away inside the Large Magellanic Cloud.",https://science.nasa.gov/asset/hubble/30-doradus-nebula-visible-and-infrared-comparison/,2011
,5,4,october-7-2017-n44.jpg,Emission Nebula N44,"N44 is a complex nebula filled with glowing hydrogen gas, dark lanes of dust, and many stars of different ages. The dark, starry gap, about 250 light-years wide, is called a “superbubble.” Its presence is something of a mystery.",https://science.nasa.gov/missions/hubble/mysterious-asuperbubblea-hollows-out-nebula-in-new-hubble-image/,2017
,5,5,october-7-2023-ngc-5238.jpg,Dwarf Galaxy NGC 5238,"The blob-like appearance of the dwarf irregular galaxy NGC 5238 resembles an oversized star cluster more than the classic image of a galaxy. But despite its lackluster appearance, it has a complicated structure.",https://science.nasa.gov/missions/hubble/hubble-studies-a-potential-galactic-merger/,2023
10/8/2019 0:00:00,5,1,october-8-2012-galaxy-hercules-a.jpg,Galaxy Hercules A,At the center of this image sits a large galaxy called Hercules A that harbors a supermassive black hole more than a thousand times as massive as the one in the Milky Way's center. Radio observations reveal large jets shooting away from the galaxy's core.,https://science.nasa.gov/asset/hubble/a-multi-wavelength-view-of-radio-galaxy-hercules-a/,2012
,5,2,october-8-2011-ngc-986.jpg,Spiral Galaxy NGC 986,Barred spiral galaxies like NGC 986 are spiral galaxies with a central bar-shaped structure composed of stars. Young blue stars are dotted amongst the galaxy’s arms and the core of the galaxy is also aglow with star formation.,https://science.nasa.gov/centers-and-facilities/goddard/hubble-sees-a-spiral-in-a-furnace/,2001
,5,3,october-8-2003-kmhk-1231.jpg,Open Cluster KMHK 1231,"Open cluster KMHK 1231 is a group of stars loosely bound by gravity. This cluster in the Large Magellanic Cloud is surrounded by a crimson nebula of gas and dust extending across the image, where new stars may someday form.",https://science.nasa.gov/missions/hubble/hubble-spots-bright-splash-of-stars-amid-ripples-of-gas-and-dust/,2003
,5,4,october-8-2003-ngc-1858.jpg,Open Cluster NGC 1858,"The stars within the young open cluster NGC 1858 are at different phases of evolution, making it a complex collection. The glowing emission nebula also suggests that star formation recently occurred.",https://science.nasa.gov/missions/hubble/hubble-spies-emission-nebula-star-cluster-duo/,2003
,5,5,october-8-1997-lmcn63a.jpg,Supernova Remnant LMC N 63A,"This violent and chaotic-looking mass of gas is a nearby supernova remnant called N 63A. It is the remains of a massive star that exploded, spewing its gaseous layers out into an already turbulent region.",https://science.nasa.gov/asset/hubble/supernova-remnant-n-63a-menagerie/,1997
10/9/2019 0:00:00,5,1,october-9-2001-galaxy-cluster-abell-2667.jpg,Galaxy Cluster Abell 2667,"While looking at galaxy cluster Abell 2667, astronomers found an odd-looking spiral galaxy (in the upper left corner of the image) that is plowing through the cluster and being ripped apart by the galaxy cluster's gravitational field and harsh environment.",https://science.nasa.gov/asset/hubble/hubble-sees-comet-galaxy-being-ripped-apart-by-galaxy-cluster/,2001
,5,2,october-9-2013-comet-ison.jpg,Comet ISON,Comet ISON was inside Mars' orbit and 177 million miles (25 million km) from Earth when this photograph was taken. The tail forms as dust particles are pushed away from the comet's nucleus by the pressure of sunlight.,https://science.nasa.gov/asset/hubble/incoming-comet-ison-appears-intact-to-nasas-hubble/,2013
,5,3,october-9-2021-arp-140.jpg,Interacting Galaxies Arp 140,"A barred spiral galaxy and a lenticular galaxy come together to create this interacting pair known as Arp 140. The lenticular galaxy, NGC 274, is visible on the right side of this new image, and the barred spiral, NGC 275, is at left.",https://science.nasa.gov/missions/hubble/hubble-spies-side-by-side-galaxies/,2021
,5,4,october-9-2017-n44.jpg,Emission Nebula N44,"N44 is a complex nebula filled with glowing hydrogen gas, dark lanes of dust, and many stars of different ages. The dark, starry gap, about 250 light-years wide, is called a “superbubble.” Its presence is something of a mystery.",https://science.nasa.gov/missions/hubble/mysterious-asuperbubblea-hollows-out-nebula-in-new-hubble-image/,2017
,5,5,october-9-2003-hudf.jpg,Hubble Ultra Deep Field,"This view of nearly 10,000 galaxies is the deepest visible-light image of the cosmos. Called the Hubble Ultra Deep Field, this galaxy-studded view represents a ""deep"" core sample of the universe, cutting across billions of light-years.",https://science.nasa.gov/asset/hubble/hubble-ultra-deep-field-image-reveals-galaxies-galore/,2003
10/10/2019 0:00:00,5,1,october-10-1995-interacting-galaxies-arp-148.jpg,Interacting Galaxies Arp 148,"Arp 148 is the aftermath of an encounter between two galaxies, resulting in a ring-shaped galaxy and an elongated companion. The shapes and arrangement of the galaxies suggest that this is a snapshot of an ongoing collision.",https://science.nasa.gov/asset/hubble/hubble-interacting-galaxy-arp-148/,1995
,5,2,october-10-2001-galaxy-cluster-abell-2667.jpg,Galaxy Cluster Abell 2667,"An odd-looking spiral galaxy (upper left) is being ripped apart by a galaxy cluster's gravitational field and harsh environment. As it speeds through, it rams into the hot gas that permeates the cluster and its gas and stars are pulled away cluster's gravity.",https://science.nasa.gov/asset/hubble/hubble-sees-comet-galaxy-being-ripped-apart-by-galaxy-cluster/,2001
,5,3,october-10-2009-messier-92.jpg,Globular Cluster Messier 92,"This glittering bauble called M92 is one of the brightest globular clusters in the Milky Way. It is very tightly packed with stars, containing some 330,000 stars in total.",https://science.nasa.gov/mission/hubble/science/explore-the-night-sky/hubble-messier-catalog/messier-92/,2009
,5,4,october-10-2022-uranus.jpg,Uranus,"Captured by Hubble in visible and ultraviolet light, this image of Uranus shows its aurorae in glowing blue patches of light.",https://science.nasa.gov/asset/hubble/close-up-uranus-aurorae-october-2022/,2022
,5,5,october-10-2017-n44.jpg,Emission Nebula N44,"N44 is a complex nebula filled with glowing hydrogen gas, dark lanes of dust, and many stars of different ages. The dark, starry gap, about 250 light-years wide, is called a “superbubble.” Its presence is something of a mystery.",https://science.nasa.gov/missions/hubble/mysterious-asuperbubblea-hollows-out-nebula-in-new-hubble-image/,2017
10/11/2019 0:00:00,5,1,october-11-2009-goods-south-field.jpg,GOODS South Field,More than 12 billion years of cosmic history are shown in this panoramic view of thousands of galaxies in various stages of assembly. The view covers a portion of the southern field of a galaxy census called the Great Observatories Origins Deep Survey (GOODS).,https://science.nasa.gov/asset/hubble/goodsers2-field/,2009
,5,2,october-11-2022-didymos-dimorphos.jpg,Didymos-Dimorphos System,Hubble captured the aftermath of NASA's Double Asteroid Redirection Test (DART) spacecraft intentionally impacting the Didymos-Dimorphos asteroid system. Two tails of dust ejected by the impact are seen here.,https://science.nasa.gov/asset/hubble/didymos-dimorphos-system-on-october-11/,2022
,5,3,october-11-2011-needles-eye-galaxy.jpg,Needle's Eye Galaxy,"A portion of Caldwell 62, or the Needle's Eye Galaxy, shows clusters of stars and gas. The Needle's Eye is a dwarf spiral galaxy located about 11 million light-years away.",https://science.nasa.gov/mission/hubble/science/explore-the-night-sky/hubble-caldwell-catalog/caldwell-62/,2011
,5,4,october-11-2009-messier-92.jpg,Globular Cluster Messier 92,"This glittering bauble called M92 is one of the brightest globular clusters in the Milky Way. It is very tightly packed with stars, containing some 330,000 stars in total.",https://science.nasa.gov/mission/hubble/science/explore-the-night-sky/hubble-messier-catalog/messier-92/,2009
,5,5,october-11-2017-ngc-1559.jpg,Spiral Galaxy NGC 1559,"This magnificent barred spiral galaxy is NGC 1559. This picture is composed of a whopping 10 different Hubble images, from ultraviolet through visible light and into the near-infrared spectrum.",https://science.nasa.gov/missions/hubble/hubble-lights-the-way-with-new-multiwavelength-galaxy-view/,2017
10/12/2019 0:00:00,5,1,october-12-2004-orion-nebula.jpg,Orion Nebula,"The Orion Nebula is the nearest star-forming region to Earth. Massive, young stars are shaping the nebula with their winds and radiation. Pillars of dense gas may be the homes of budding stars. The bright central region is the home of the four heftiest stars in the nebula.",https://science.nasa.gov/asset/hubble/hubbles-sharpest-view-of-the-orion-nebula/,2004
,5,2,october-12-2019-comet2i-borisov.jpg,Comet 2I/Borisov,Hubble captured an image of Comet 2I/Borisov when it was 260 million miles (418 million km) from Earth. This was the second known interstellar object to have passed through our solar system.,https://science.nasa.gov/asset/hubble/comet-2iborisov/,2019
,5,3,october-12-2014-r136.jpg,Open Cluster R136,"The young and dense star cluster R136 lies near the center of the Tarantula Nebula. This cluster contains hundreds of young, massive, blue stars.",https://science.nasa.gov/missions/hubble/hubble-unveils-monster-stars/,2014
,5,4,october-12-2017-n44.jpg,Emission Nebula N44,"N44 is a complex nebula filled with glowing hydrogen gas, dark lanes of dust, and many stars of different ages. The dark, starry gap, about 250 light-years wide, is called a “superbubble.” Its presence is something of a mystery.",https://science.nasa.gov/missions/hubble/mysterious-asuperbubblea-hollows-out-nebula-in-new-hubble-image/,2017
,5,5,october-12-2003-hudf.jpg,Hubble Ultra Deep Field,"This view of nearly 10,000 galaxies is the deepest visible-light image of the cosmos. Called the Hubble Ultra Deep Field, this galaxy-studded view represents a ""deep"" core sample of the universe, cutting across billions of light-years.",https://science.nasa.gov/asset/hubble/hubble-ultra-deep-field-image-reveals-galaxies-galore/,2003
10/13/2019 0:00:00,5,1,october-13-2009-herbig-haro-24.jpg,Herbig-Haro Jet HH 24,"A partially obscured, newborn star near the center of this image is shooting twin jets into the surrounding gas and dust. The shocks from the collision light up patches of nebulosity collectively called Herbig-Haro 24.",https://science.nasa.gov/asset/hubble/herbig-haro-jet-hh-24/,2009
,5,2,october-13-2016-j11432952.jpg,Ultra-Bright Galaxies J114329.52,"A jumble of misshapen-looking galaxies is punctuated by arcs, streaks, and smeared rings. These unusual features are the stretched shapes of the universe's brightest infrared galaxies, magnified and distorted by natural cosmic lenses.",https://science.nasa.gov/asset/hubble/hubble-gallery-of-ultra-bright-galaxies/,2016
,5,3,october-13-2009-cb130-3.jpg,Dense Core CB 130-3,"CB 130-3 is an object known as a dense core, a compact agglomeration of gas and dust. Dense cores like this are the birthplaces of stars. A compact object teetering on the brink of becoming a star is embedded deep within CB 130-3.",https://science.nasa.gov/missions/hubble/hubble-views-a-billowing-cosmic-cloud/,2009
,5,4,october-13-2017-r-aquarii.jpg,R Aquarii,"The binary star system called R Aquarii undergoes violent eruptions that blast out huge filaments of glowing gas, weaving a spiral pattern among the stars.",https://science.nasa.gov/asset/hubble/r-aquarii-wfc3-image/,2017
,5,5,october-13-2023-ic-4709.jpg,Spiral Galaxy IC 4709,"Spiral galaxy IC 4709, located around 240 million light-years away, has a faint halo and swirling disk filled with stars and dust bands. The compact region at its core holds an active galactic nucleus.",https://science.nasa.gov/missions/hubble/hubble-examines-a-busy-galactic-center/,2023
10/14/2019 0:00:00,5,1,october-14-1994-galaxy-cluster-0024-1654.jpg,Galaxy Cluster 0024+1654,"The light from a distant galaxy, nearly 10 billion light-years away, was magnified into blue arcs and streaks by the gravity of galaxy cluster 0024+1654. The cluster's gravity acts as a lens, bending and amplifying light from the background galaxy.",https://science.nasa.gov/asset/hubble/gravitational-lens-captures-image-of-primeval-galaxy/,1994
,5,2,october-14-1995-m79.jpg,Globular Cluster Messier 79,"The globular star cluster M79 contains about 150,000 stars packed into an area measuring only 118 light-years across. Its stars are some of the oldest in our galaxy.",https://science.nasa.gov/asset/hubble/globular-cluster-messier-79-m79-ngc-1904-cropped/,1995
,5,3,october-14-2015-stein-2051b.jpg,White Dwarf Stein 2051 B,"The white dwarf star Stein 2051 B and the smaller star below it appear to be close neighbors, but actually reside far away from each other. Stein 2051 B is 17 light-years from Earth; the other star is about 5,000 light-years away.",https://science.nasa.gov/asset/hubble/white-dwarf-star-stein-2051-b/,2015
,5,4,october-14-2017-n44.jpg,Emission Nebula N44,"N44 is a complex nebula filled with glowing hydrogen gas, dark lanes of dust, and many stars of different ages. The dark, starry gap, about 250 light-years wide, is called a “superbubble.” Its presence is something of a mystery.",https://science.nasa.gov/missions/hubble/mysterious-asuperbubblea-hollows-out-nebula-in-new-hubble-image/,2017
,5,5,october-14-2003-hudf.jpg,Hubble Ultra Deep Field,"This view of nearly 10,000 galaxies is the deepest visible-light image of the cosmos. Called the Hubble Ultra Deep Field, this galaxy-studded view represents a ""deep"" core sample of the universe, cutting across billions of light-years.",https://science.nasa.gov/asset/hubble/hubble-ultra-deep-field-image-reveals-galaxies-galore/,2003
10/15/2019 0:00:00,5,1,october-15-2003-supernova-remnant-e0102.jpg,Supernova Remnant E0102,"In a nearby galaxy called the Small Magellanic Cloud, a massive star exploded as a supernova and dissipated its interior into a spectacular display of colorful filaments. The supernova remnant, known as E0102, is the greenish-blue field of debris just below center.",https://science.nasa.gov/asset/hubble/supernova-remnant-e0102-in-the-small-magellanic-cloud/,2003
,5,2,october-15-2011-markarian-231.jpg,Interacting Galaxy Markarian 231,"A bright, starlike glow emanates from the center of interacting galaxy Markarian 231, the nearest quasar at 581 million light-years away. Quasars are powered by a central black hole that heats the gas around it to unleash tremendous energy.",https://science.nasa.gov/asset/hubble/quasar-host-galaxy-markarian-231/,2011
,5,3,october-15-2014-snr-0454-672.jpg,Supernova Remnant 0454-67.2,"This dark, tangled web is an object named SNR 0454-67.2. It formed in a very violent fashion — it is a supernova remnant, created after a massive star ended its life in a cataclysmic explosion and threw its constituent material out into surrounding space.",https://science.nasa.gov/missions/hubble/hubble-captures-tangled-remnants-of-a-supernova/,2014
,5,4,october-15-2016-ngc-6951.jpg,Spiral Galaxy NGC 6951,"The intermediate spiral galaxy NGC 6951 intrigues scientists with its stellar history. It had its highest rates of star formation about 800 million years ago, then sat quietly for 300 million years before beginning to birth stars again.",https://science.nasa.gov/missions/hubble/stellar-sights-in-this-new-hubble-galaxy-snapshot/,2016
,5,5,october-15-2017-n44.jpg,Emission Nebula N44,"N44 is a complex nebula filled with glowing hydrogen gas, dark lanes of dust, and many stars of different ages. The dark, starry gap, about 250 light-years wide, is called a “superbubble.” Its presence is something of a mystery.",https://science.nasa.gov/missions/hubble/mysterious-asuperbubblea-hollows-out-nebula-in-new-hubble-image/,2017
10/16/2019 0:00:00,5,1,october-16-1998-ring-nebula.jpg,Ring Nebula,"About a light-year across, the Ring Nebula is formed by a dying star floating in a blue haze of hot gas at its center. This image reveals elongated, dark clumps of material embedded in the gas at the edge of the nebula.",https://science.nasa.gov/asset/hubble/the-ring-nebula-m57/,1998
,5,2,october-16-2011-ngc-7714.jpg,Interacting Galaxy NGC 7714,The disrupted galaxy NGC 7714 displays a striking smoke-ring-like structure. The golden loop is made of Sun-like stars that have been pulled deep into space by the gravity of a nearby galaxy that lies just out of view.,https://science.nasa.gov/asset/hubble/ngc-7714/,2011
,5,3,october-16-2003-supernova-remnant-e0102.jpg,Supernova Remnant E0102,"In a nearby galaxy called the Small Magellanic Cloud, a massive star exploded as a supernova and dissipated its interior into a spectacular display of colorful filaments. The supernova remnant, known as E0102, is the greenish-blue field of debris just below center.",https://science.nasa.gov/asset/hubble/supernova-remnant-e0102-in-the-small-magellanic-cloud/,2003
,5,4,october-16-1994-cartwheel-galaxy.jpg,Cartwheel Galaxy,The Cartwheel galaxy's unusual appearance was created by a nearly head-on collision with a smaller galaxy. Its spoke-like structures are wisps of material connecting the galaxy's nucleus to an outer ring of young stars.,https://science.nasa.gov/missions/hubble/hubble-spies-supersonic-comet-clouds-in-heart-of-galaxy/,1994
,5,5,october-16-2003-hudf.jpg,Hubble Ultra Deep Field,"This view of nearly 10,000 galaxies is the deepest visible-light image of the cosmos. Called the Hubble Ultra Deep Field, this galaxy-studded view represents a ""deep"" core sample of the universe, cutting across billions of light-years.",https://science.nasa.gov/asset/hubble/hubble-ultra-deep-field-image-reveals-galaxies-galore/,2003
10/17/2026 0:00:00,5,1,october-17-2013-messier-74.jpg,Spiral Galaxy Messier 74,"M74, also called NGC 628, is a stunning example of a ""grand-design"" spiral galaxy that is viewed from Earth nearly face-on. Its perfectly symmetrical spiral arms emanate from the central nucleus and are dotted with clusters of young stars.",https://science.nasa.gov/mission/hubble/science/explore-the-night-sky/hubble-messier-catalog/messier-74/,2013
,5,2,october-17-2003-hudf.jpg,Hubble Ultra Deep Field,"This view of nearly 10,000 galaxies is the deepest visible-light image of the cosmos. Called the Hubble Ultra Deep Field, this galaxy-studded view represents a ""deep"" core sample of the universe, cutting across billions of light-years.",https://science.nasa.gov/asset/hubble/hubble-ultra-deep-field-image-reveals-galaxies-galore/,2003
,5,3,october-17-2011-ngc1266.jpg,Lenticular Galaxy NGC 1266,"This enigmatic post-starburst galaxy has a bright center and a face that hints at spiral structure, yet it holds no discernable spiral arms.",https://science.nasa.gov/missions/hubble/hubble-sights-galaxy-in-transition/,2011
,5,4,october-17-2011-macs0329-0211.jpg,Galaxy Cluster MACS 0329-0211,"The gravity of this massive galaxy cluster acts as a lens, magnifying and distorting the light from a distant galaxy into an arc curving above a giant elliptical galaxy (upper right).",https://science.nasa.gov/missions/hubble/hubble-sees-swarm-of-galaxies/,2011
,5,5,october-17-2016-clg0016-16.jpg,Galaxy Cluster CLG-0016+16,"Several massive elliptical galaxies appear to sit in a line at the center of this enormous galaxy cluster. Numerous spiral, lenticular, and smaller elliptical galaxies dot the space surrounding the giant ellipticals.",https://science.nasa.gov/missions/hubble/hubble-glimpses-merging-galaxy-clusters/,2016
10/18/2019 0:00:00,5,1,october-18-2011-reflection-nebula-n30b.jpg,Reflection Nebula N30B,"A unique, peanut-shaped cocoon of dust surrounds a cluster of young, hot stars in this image. This reflection nebula, named N30B, is embedded in a much larger nebula called DEM L 106. The wispy filaments of DEM L 106 fill much of the image.",https://science.nasa.gov/asset/hubble/double-bubble-of-gas-and-dust-in-the-large-magellanic-cloud/,2001
,5,2,october-18-1995-ngc-3918.jpg,Planetary Nebula NGC 3918,"NGC 3918, also known as ""The Southerner,"" shows a roughly spherical outer envelope, but an elongated inner balloon inflated by a fast wind from its hot central star, which is starting to break out of its spherical envelope.",https://science.nasa.gov/asset/hubble/hubbles-planetary-nebula-gallery/,1995
,5,3,october-18-2010-abell-68.jpg,Galaxy Cluster Abell 68,"The immense gravity of massive galaxy cluster Abell 68, creates a natural lens in space, distorting, brightening, and magnifying the light coming from very distant background galaxies.",https://science.nasa.gov/asset/hubble/gravitational-lens-creates-cartoon-of-space-invader/,2010
,5,4,october-18-2020-jw100.jpg,Jellyfish Galaxy JW100,"The streams of star-forming gas dripping from the disk of the galaxy JW100 resemble dangling tentacles, leading astronomers to refer to it as a ‘jellyfish’ galaxy.",https://science.nasa.gov/missions/hubble/hubble-snaps-a-galactic-jellyfish/,2020
,5,5,october-18-2014-r-aquarii.jpg,R Aquarii,"The binary star system called R Aquarii undergoes violent eruptions that blast out huge filaments of glowing gas, weaving a spiral pattern among the stars.",https://science.nasa.gov/asset/hubble/r-aquarii-wfc3-image/,2014
10/19/2019 0:00:00,5,1,october-19-2014-comet-siding-spring.jpg,Comet Siding Spring,"Comet Siding Spring (C/2013 A1) had a close encounter with Mars on October 19, 2014. On that date the comet passed within approximately 87,000 miles (140,000 km) of Mars (or about one-third the distance between Earth and the Moon).",https://science.nasa.gov/asset/hubble/mars-and-comet-siding-spring-october-19-2014/,2014
,5,2,october-19-2016-j07485172.jpg,Ultra-Bright Galaxies J074851.72,"This image reveals a jumble of misshapen-looking galaxies punctuated by exotic patterns such as arcs, streaks, and smeared rings. These unusual features are the stretched shapes of the universe's brightest infrared galaxies that are boosted by natural cosmic magnifying lenses.",https://science.nasa.gov/asset/hubble/hubble-gallery-of-ultra-bright-galaxies/,2016
,5,3,october-19-2009-abell-370.jpg,Galaxy Cluster Abell 370,"The galaxy cluster Abell 370 contains several hundred galaxies tied together by the mutual pull of gravity. Entangled among the galaxies are arcs of blue light, actually distorted and magnified images of remote galaxies behind the cluster.",https://science.nasa.gov/asset/hubble/abell-370/,2009
,5,4,october-19-2017-ngc-7541.jpg,Spiral Galaxy NGC 7541,"A barred spiral like NGC 7541 is a galaxy with whirling, pinwheeling arms, and a bright center that is intersected by a bar of gas and stars. NGC 7541 also has a higher-than-usual star formation rate.",https://science.nasa.gov/missions/hubble/hubble-spies-bar-baby-stars/,2017
,5,5,october-19-2003-hudf.jpg,Hubble Ultra Deep Field,"This view of nearly 10,000 galaxies is the deepest visible-light image of the cosmos. Called the Hubble Ultra Deep Field, this galaxy-studded view represents a ""deep"" core sample of the universe, cutting across billions of light-years.",https://science.nasa.gov/asset/hubble/hubble-ultra-deep-field-image-reveals-galaxies-galore/,2003
10/20/2019 0:00:00,5,1,october-20-2009-30-doradus-nebula.jpg,30 Doradus Nebula,"This massive, young stellar grouping, called R136, is only a few million years old and resides in the 30 Doradus Nebula, a turbulent star-birth region in the Large Magellanic Cloud, a satellite galaxy of our Milky Way.",https://science.nasa.gov/asset/hubble/hubbles-festive-view-of-a-grand-star-forming-region/,2009
,5,2,october-20-2006-ngc-2442.jpg,Spiral Galaxy NGC 2442,"The spectacular galaxy NGC 2442 is nicknamed the Meathook Galaxy, owing to its extremely asymmetrical and irregular shape. This galaxy was host to a supernova explosion, known as SN 2015F, that was created by a white dwarf star.",https://science.nasa.gov/missions/hubble/hubble-hooks-a-supernova-host-galaxy/,2006
,5,3,october-20-2003-hudf.jpg,Hubble Ultra Deep Field,"This view of nearly 10,000 galaxies is the deepest visible-light image of the cosmos. Called the Hubble Ultra Deep Field, this galaxy-studded view represents a ""deep"" core sample of the universe, cutting across billions of light-years.",https://science.nasa.gov/asset/hubble/hubble-ultra-deep-field-image-reveals-galaxies-galore/,2003
,5,4,october-20-2005-i-zwicky-18.jpg,Irregular Galaxy I Zwicky 18,"This galaxy's youthful appearance resembles galaxies typically found in the early universe. However, Hubble found faint, older stars within it, suggesting that the galaxy may have formed at the same time as most other galaxies.",https://science.nasa.gov/asset/hubble/hubble-finds-mature-galaxy-masquerading-as-toddler/,2005
,5,5,october-20-2011-milky-way-bulge.jpg,Stars in the Galactic Core,"These colorful stars reside at the heart of our Milky Way galaxy, about 26,000 light-years from Earth. Aging red giant stars coexist with their more plentiful younger cousins, the smaller, white, Sun-like stars, in this crowded region of our galaxy's central hub.",https://science.nasa.gov/asset/hubble/milky-way-bulge/,2011
10/21/2019 0:00:00,5,1,october-21-1998-galaxy-ngc-1569.jpg,Dwarf Galaxy NGC 1569,"The nearby dwarf galaxy NGC 1569 is a hotbed of vigorous star birth and is one of the closest ""starburst"" galaxies to us. The galaxy's ""star factories"" are manufacturing brilliant blue star clusters.",https://science.nasa.gov/asset/hubble/supernova-bonanza-in-nearby-galaxy-ngc-1569/,1998
,5,2,october-21-2002-pencil-nebula.jpg,Pencil Nebula,"Thousands of years ago, a star exploded and left behind these cosmic remnants, called NGC 2736 – or the ""Pencil"" Nebula for its appearance. It's located about 815 light-years away.",https://science.nasa.gov/asset/hubble/the-pencil-nebula-remnants-of-an-exploded-star-ngc-2736/,2002
,5,3,october-21-2016-ngc-3631.jpg,Grand Design Spiral NGC 3631,"The “arms” of grand design spiral galaxies appear to wind around and into the galaxy’s nucleus, as in NGC 3631. Dark dust lanes and bright star-forming regions reside along the inner part of the spiral arms.",https://science.nasa.gov/missions/hubble/hubble-looks-at-a-face-on-grand-spiral/,2016
,5,4,october-21-2021-arp-madore-417-391.jpg,Interacting Galaxies Arp-Madore 417-391,"The two galaxies that make up Arp-Madore 417-391 were distorted by gravity and twisted into a colossal ring, leaving their cores nestled side by side.",https://science.nasa.gov/missions/hubble/hubble-hunts-an-unusual-galaxy-ehuey/,2021
,5,5,october-21-2015-orion-nebula-nursery.jpg,Orion Nebula,"The Orion Nebula, a turbulent stellar nursery, is a perfect laboratory to study how stars are born because it is just 1,500 light-years away, a relatively short distance within our galaxy.",https://science.nasa.gov/asset/hubble/orion-nebula-2/,2015
10/22/2019 0:00:00,5,1,october-22-2012-horsehead-nebula.jpg,Horsehead Nebula,"The backlit wisps along the Horsehead Nebula's upper ridge are being illuminated by a young five-star system just off the top of this image, taken in infrared light. Harsh radiation from one of these bright stars is slowly evaporating the nebula.",https://science.nasa.gov/asset/hubble/hubble-sees-a-horsehead-of-a-different-color/,2012
,5,2,october-22-2012-ugc-11185.jpg,Active Galaxy UGC 11185,"Extending from this active galaxy are bizarre, greenish knots of gas and dust glowing from the light of high-energy particles, blasted by powerful ultraviolet radiation from a supermassive black hole at the galaxy's center.",https://science.nasa.gov/asset/hubble/extended-gas-in-active-galaxies/,2012
,5,3,october-22-2015-ngc-1850.jpg,Globular Cluster NGC 1850,"This 100 million-year-old globular cluster is a spherical collection of densely packed stars held together by gravity. Unlike most globular clusters, however, the stars of NGC 1850 are relatively young. Globular clusters with young stars such are not present in our own Milky Way galaxy.",https://science.nasa.gov/missions/hubble/hubble-captures-dual-views-of-an-unusual-star-cluster/,2015
,5,4,october-22-2016-j23135664.jpg,Ultra-Bright Galaxies J231356.64,"A jumble of misshapen-looking galaxies is punctuated by arcs, streaks, and smeared rings. These unusual features are the stretched shapes of the universe's brightest infrared galaxies, magnified and distorted by natural cosmic lenses.",https://science.nasa.gov/asset/hubble/hubble-gallery-of-ultra-bright-galaxies/,2016
,5,5,october-22-2004-ngc-520.jpg,Interacting Galaxy NGC 520,"NGC 520 is the product of a collision between two disk galaxies that started 300 million years ago. It shows the middle stages of the merging process: the disks of the parent galaxies have merged together, but their centers haven't merged yet.",https://science.nasa.gov/asset/hubble/hubble-interacting-galaxy-ngc-520/,2004
10/23/2019 0:00:00,5,1,october-23-2012-horsehead-nebula.jpg,Horsehead Nebula,"The backlit wisps along the Horsehead Nebula's upper ridge are being illuminated by a young five-star system just off the top of this image, taken in infrared light. Harsh radiation from one of these bright stars is slowly evaporating the nebula.",https://science.nasa.gov/asset/hubble/hubble-sees-a-horsehead-of-a-different-color/,2012
,5,2,october-23-2015-orion-nebula-nursery.jpg,Orion Nebula,"The Orion Nebula, a turbulent stellar nursery, is a perfect laboratory to study how stars are born because it is just 1,500 light-years away, a relatively short distance within our galaxy.",https://science.nasa.gov/asset/hubble/orion-nebula-2/,2015
,5,3,october-23-2004-v838-monocerotis.jpg,V838 Monocerotis Light Echo,"This image captures a light echo from the star V838 Monocerotis. After the star brightened temporarily, light from that eruption began propagating outward through a dusty cloud around the star. The light reflects or ""echoes"" off the dust and then travels to Earth.",https://science.nasa.gov/asset/hubble/flash-from-star-v838-monocerotis-echoes-through-space/,2004
,5,4,october-23-2017-ngc-1559.jpg,Spiral Galaxy NGC 1559,"This magnificent barred spiral galaxy is NGC 1559. This picture is composed of a whopping 10 different Hubble images, from ultraviolet through visible light and into the near-infrared spectrum.",https://science.nasa.gov/missions/hubble/hubble-lights-the-way-with-new-multiwavelength-galaxy-view/,2017
,5,5,october-23-2012-el-gordo.jpg,Galaxy Cluster El Gordo,"This galaxy cluster, cataloged as ACT-CL J0102-4915 and nicknamed ""El Gordo"" (""the fat one"" in Spanish), contains several hundred galaxies swarming around under the collective gravitational pull. The total mass of the cluster is estimated to weigh as much as 3 million billion stars like our Sun.",https://science.nasa.gov/missions/hubble/hubble-finds-that-monster-el-gordo-galaxy-cluster-is-bigger-than-thought/,2012
10/24/2019 0:00:00,5,1,october-24-2011-galaxy-ngc-7714.jpg,Galaxy NGC 7714,"The disrupted galaxy NGC 7714 displays a striking smoke-ring-like structure. The golden loop is made of Sun-like stars that have been pulled deep into space, far from the galaxy's center, by the gravity of a nearby galaxy that lies just out of view.",https://science.nasa.gov/asset/hubble/ngc-7714/,2011
,5,2,october-24-2015-orion-nebula-nursery.jpg,Orion Nebula,"The Orion Nebula, a turbulent stellar nursery, is a perfect laboratory to study how stars are born because it is just 1,500 light-years away, a relatively short distance within our galaxy.",https://science.nasa.gov/asset/hubble/orion-nebula-2/,2015
,5,3,october-24-2019-ngc-612.jpg,Lenticular Galaxy NGC 612,"Lenticular galaxies like NGC 612 have a central bulge and disk much like spiral galaxies, but lack the characteristic arms. They typically have older star populations and little ongoing star formation.",https://science.nasa.gov/missions/hubble/hubble-records-rare-radio-galaxy/,2019
,5,4,october-24-2002-messier-67.jpg,Star Cluster Messier 67,"M67 is a collection of over 500 stars that are loosely gravitationally bound, known as an open cluster. M67 is one of the oldest known open clusters at approximately four billion years of age ― about the same as our Sun.",https://science.nasa.gov/mission/hubble/science/explore-the-night-sky/hubble-messier-catalog/messier-67/,2002
,5,5,october-24-2012-milky-way-bulge.jpg,Stars in the Galactic Core,"These colorful stars reside at the heart of our Milky Way galaxy, about 26,000 light-years from Earth. Aging red giant stars coexist with their more plentiful younger cousins, the smaller, white, Sun-like stars, in this crowded region of our galaxy's central hub.",https://science.nasa.gov/asset/hubble/milky-way-bulge/,2012
10/25/2019 0:00:00,5,1,october-25-2009-30-doradus-nebula.jpg,30 Doradus Nebula,"This massive, young stellar grouping, called R136, is only a few million years old and resides in the 30 Doradus Nebula, a turbulent star-birth region in the Large Magellanic Cloud, a satellite galaxy of our Milky Way.",https://science.nasa.gov/asset/hubble/hubbles-festive-view-of-a-grand-star-forming-region/,2009
,5,2,october-25-2004-fomalhautb.jpg,Fomalhaut and Fomalhaut b,"This image shows the debris disk around the star Fomalhaut. These disks often give rise to planets. Fomalhaut b, originally thought to be a planet when observed in 2015, was later discovered to be a rarely-seen collision between icy objects in the disk.",https://science.nasa.gov/asset/hubble/hst-image-of-fomalhaut-and-fomalhaut-b/,2004
,5,3,october-25-1999-ngc-1410-and-ngc-1409.jpg,Colliding Galaxies NGC 1410 and 1409,"An intergalactic ""pipeline"" of material flows between two battered galaxies, NGC 1410 (left) and NGC 1409 (right), that bumped into each other about 100 million years ago.",https://science.nasa.gov/asset/hubble/intergalactic-pipeline-funnels-matter-between-colliding-galaxies-ngc-1410-and-ngc-1409/,1999
,5,4,october-25-2023-ngc-3430.jpg,Spiral Galaxy NGC 3430,The spiral galaxy NGC 3430 lies 100 million light-years from Earth. This fine example of a galactic spiral holds a bright core from which a pinwheel array of arms appears to radiate outward. Dark dust lanes and bright star-forming regions help define these spiral arms.,https://science.nasa.gov/missions/hubble/hubble-images-a-classic-spiral/,2023
,5,5,october-25-2009-star-clusters-in-the-tarantula-nebula.jpg,Star Clusters in the Tarantula Nebula,"The Tarantula Nebula is an enormous star-forming region located 170,000 light-years from Earth. The collection of stars in the core of the nebula, shown here, is made up of two individual star clusters that differ in age by about a million years.",https://science.nasa.gov/asset/hubble/merging-clusters-in-30-doradus/,2009
10/26/2019 0:00:00,5,1,october-26-2009-star-clusters-in-the-tarantula-nebula.jpg,Star Clusters in the Tarantula Nebula,"The Tarantula Nebula is an enormous star-forming region located 170,000 light-years from Earth. The collection of stars in the core of the nebula, shown here, is made up of two individual star clusters that differ in age by about a million years.",https://science.nasa.gov/asset/hubble/merging-clusters-in-30-doradus/,2009
,5,2,october-26-2019-ngc-5283.jpg,Lenticular Galaxy NGC 5283,"Lenticular galaxy NGC 5283 contains an active galactic nucleus, or AGN. An AGN is an extremely bright region at the heart of a galaxy where a supermassive black hole exists.",https://science.nasa.gov/missions/hubble/hubble-views-a-beautiful-luminous-galaxy/,2019
,5,3,october-26-2006-ngc-3021.jpg,Spiral Galaxy NGC 3021,Spiral galaxy NGC 3021 is home to Cepheid variable stars. These stars pulsate at a rate that is closely related to their intrinsic brightness. Astronomers use this information to calculate a galaxy’s distance.,https://science.nasa.gov/asset/hubble/cepheid-variable-stars-in-spiral-galaxy-ngc-3021/,2006
,5,4,october-26-2012-horsehead-nebula.jpg,Horsehead Nebula,"The backlit wisps along the Horsehead Nebula's upper ridge are being illuminated by a young five-star system just off the top of this image, taken in infrared light. Harsh radiation from one of these bright stars is slowly evaporating the nebula.",https://science.nasa.gov/asset/hubble/hubble-sees-a-horsehead-of-a-different-color/,2012
,5,5,october-26-2003-squid-galaxy.jpg,The Squid Galaxy,"This majestic spiral galaxy has an intensely active core. Its nickname, the Squid Galaxy, comes from the extended, filamentary structure that curls around the galaxy’s disk like the tentacles of a squid.",https://science.nasa.gov/mission/hubble/science/explore-the-night-sky/hubble-messier-catalog/messier-77/,2003
10/27/2019 0:00:00,5,1,october-27-2008-interacting-galaxies-arp-147.jpg,Interacting Galaxies Arp 147,"Arp 147 consists of a pair of interacting galaxies. The left-most galaxy in this image appears nearly edge-on to our line of sight and features a smooth ring of starlight. The right-most galaxy exhibits a clumpy, blue ring of intense star formation.",https://science.nasa.gov/asset/hubble/interacting-galaxies-arp-147/,2008
,5,2,october-27-2009-star-clusters-in-the-tarantula-nebula.jpg,Star Clusters in the Tarantula Nebula,"The Tarantula Nebula is an enormous star-forming region located 170,000 light-years from Earth. The collection of stars in the core of the nebula, shown here, is made up of two individual star clusters that differ in age by about a million years.",https://science.nasa.gov/asset/hubble/merging-clusters-in-30-doradus/,2009
,5,3,october-27-2018-flame-nebula.jpg,Flame Nebula,"The Flame Nebula, also called NGC 2024, is a large star-forming region. This image focuses on the dark, dusty heart of the nebula where a star cluster resides, mostly hidden from view.",https://science.nasa.gov/missions/hubble/hubble-spots-swirls-of-dust-in-the-flame-nebula/,2018
,5,4,october-27-2018-dsf2237b.jpg,Galaxy Field DSF2237b,"Contained in this galaxy field, known as DSF2237b, are star-forming galaxies up to 11 billion light-years away. Nearly every dot of light in this image is a galaxy (with the exception of the objects with ""crosshairs"", which are stars in our own Milky Way ""photobombing"" this image).",https://science.nasa.gov/asset/hubble/dsf2237b/,2018
,5,5,october-27-2012-horsehead-nebula.jpg,Horsehead Nebula,"The backlit wisps along the Horsehead Nebula's upper ridge are being illuminated by a young five-star system just off the top of this image, taken in infrared light. Harsh radiation from one of these bright stars is slowly evaporating the nebula.",https://science.nasa.gov/asset/hubble/hubble-sees-a-horsehead-of-a-different-color/,2012
10/28/2019 0:00:00,5,1,october-28-2005-mars.jpg,Mars,"This image captures a dust storm on Mars. The dust storm, which is nearly in the middle of the planet in this image, is about 930 miles (1497 km) long measured diagonally.",https://science.nasa.gov/asset/hubble/a-dust-storm-on-mars/,2005
,5,2,october-28-1999-47-tucanae.jpg,Globular Cluster 47 Tucanae,"This image shows the core of the globular star cluster 47 Tucanae. The entire cluster contains about a million stars, with many packed tightly in the core.",https://science.nasa.gov/asset/hubble/stellar-sorting-in-globular-cluster-47-tucanae/,1999
,5,3,october-28-2015-orion-nebula-nursery.jpg,Orion Nebula,"The Orion Nebula, a turbulent stellar nursery, is a perfect laboratory to study how stars are born because it is just 1,500 light-years away, a relatively short distance within our galaxy.",https://science.nasa.gov/asset/hubble/orion-nebula-2/,2015
,5,4,october-28-2002-v838-monocerotis.jpg,V838 Monocerotis Light Echo,"This image captures a light echo from the star V838 Monocerotis. After the star brightened temporarily, light from that eruption began propagating outward through a dusty cloud around the star. The light reflects or ""echoes"" off the dust and then travels to Earth.",https://science.nasa.gov/asset/hubble/flash-from-star-v838-monocerotis-echoes-through-space/,2002
,5,5,october-28-2006-snr-0509675.jpg,Supernova Remnant 0509-67.5,"This red bubble is made of gas that is being shocked by the expanding blast wave from a supernova explosion. Called SNR 0509-67.5, the bubble is 23 light-years across and is expanding at more than 11 million miles (18 million km) per hour.",https://science.nasa.gov/asset/hubble/hubble-supernova-bubble-resembles-holiday-ornament/,2006
10/29/2019 0:00:00,5,1,october-29-2013-p2013-r3.jpg,Asteroid P/2013 R3,This image shows an asteroid called P/2013 R3 as it was breaking apart. The asteroid's fragments were slowly drifting away from each other and had tails of dust pushed back by the pressure of sunlight.,https://science.nasa.gov/missions/hubble/hubble-witnesses-an-asteroid-mysteriously-disintegrating/,2013
,5,2,october-29-2014-abell-370.jpg,Galaxy Cluster Abell 370,"The galaxy cluster Abell 370 contains several hundred galaxies tied together by the mutual pull of gravity. Entangled among the galaxies are arcs of blue light, actually distorted and magnified images of remote galaxies behind the cluster.",https://science.nasa.gov/asset/hubble/abell-370/,2014
,5,3,october-29-2015-orion-nebula-nursery.jpg,Orion Nebula,"The Orion Nebula, a turbulent stellar nursery, is a perfect laboratory to study how stars are born because it is just 1,500 light-years away, a relatively short distance within our galaxy.",https://science.nasa.gov/asset/hubble/orion-nebula-2/,2015
,5,4,october-29-2005-i-zwicky-18.jpg,Irregular Galaxy I Zwicky 18,"This galaxy's youthful appearance resembles galaxies typically found in the early universe. However, Hubble found faint, older stars within it, suggesting that the galaxy may have formed at the same time as most other galaxies.",https://science.nasa.gov/asset/hubble/hubble-finds-mature-galaxy-masquerading-as-toddler/,2005
,5,5,october-29-2011-30-doradus-nebula-visible.jpg,30 Doradus Nebula,"Glowing hydrogen clouds and dark filamentary dust structures are visible in this close-up view of a star-birth region called the 30 Doradus Nebula. The giant stellar factory lies 170,000 light-years away inside the Large Magellanic Cloud.",https://science.nasa.gov/asset/hubble/30-doradus-nebula-visible-and-infrared-comparison/,2011
10/30/2019 0:00:00,5,1,october-30-2004-star-cluster-ngc-290.jpg,Star Cluster NGC 290,"This image features a cluster of stars called NGC 290. The star cluster resides in the Small Magellanic Cloud, one of the small galaxies orbiting our Milky Way galaxy.",https://science.nasa.gov/asset/hubble/magellanic-gemstones-in-the-southern-sky/,2004
,5,2,october-30-2014-pisces-a.jpg,Dwarf Galaxy Pisces A,"This image captures the glow of new stars in the small, ancient dwarf galaxy Pisces A, which contains about 10 million stars. Astronomers estimate that less than 100 million years ago, Pisces A doubled its star-formation rate.",https://science.nasa.gov/asset/hubble/dwarf-galaxies-in-pisces/,2014
,5,3,october-30-2009-ngc-4150.jpg,Elliptical Galaxy NGC 4150,"This image captures the ancient elliptical galaxy NGC 4150, located about 44 million light-years away. It shows streamers of dust and gas wrapped around the galaxy's core. Closer views of the core reveal clumps of young, blue stars less than a billion years old.",https://science.nasa.gov/asset/hubble/hubble-spies-young-stars-in-ancient-galaxys-core/,2009
,5,4,october-30-2001-ngc-6670.jpg,Interacting Galaxy NGC 6670,"NGC 6670 is a gorgeous pair of interacting, overlapping, edge-on galaxies resembling a leaping dolphin.",https://science.nasa.gov/asset/hubble/hubble-interacting-galaxy-ngc-6670/,2001
,5,5,october-30-2009-abell-2744.jpg,Galaxy Cluster Abell 2744,"Abell 2744 contains several hundred galaxies and might be a pile-up of at least four smaller galaxy clusters. Abell 2744's strong gravitational field acts as a lens, distorting and magnifying the light of nearly 3,000 distant background galaxies.",https://science.nasa.gov/asset/hubble/frontier-fields-target-galaxy-clusters/,2009
10/31/2019 0:00:00,5,1,october-31-2005-nebula-ngc-281.jpg,Nebula NGC 281,"The dark knots of gas and dust in this image are called ""Bok globules,"" and they are absorbing light in the center of the nearby nebula and star-forming region called NGC 281.",https://science.nasa.gov/asset/hubble/nearby-dust-clouds-in-the-milky-way/,2005
,5,2,october-31-2001-2masx-jo9133888.jpg,Interacting Galaxy 2MASX J09133888-1019196,"These two interacting galaxies are disturbed by gravitational interaction. Their wide separation ― approximately 130,000 light-years ― suggests that the galaxies are just beginning to merge.",https://science.nasa.gov/asset/hubble/hubble-interacting-galaxy-2masx-j09133888-1019196/,2001
,5,3,october-31-2016-ngc-3287.jpg,SN2013ge in Galaxy NGC 3287,"Images of the spiral galaxy NGC 3287 show Supernova 2013ge fading over time, revealing the steady source of ultraviolet light astronomers have identified as its binary companion star.",https://science.nasa.gov/missions/hubble/hubble-reveals-surviving-companion-star-in-aftermath-of-supernova/,2016
,5,4,october-31-2004-orion-nebula.jpg,Orion Nebula,"The Orion Nebula is the nearest star-forming region to Earth. Massive, young stars are shaping the nebula with their winds and radiation. Pillars of dense gas may be the homes of budding stars. The bright central region is the home of the four heftiest stars in the nebula.",https://science.nasa.gov/asset/hubble/hubbles-sharpest-view-of-the-orion-nebula/,2004
,5,5,october-31-2013-abell-2744.jpg,Galaxy Cluster Abell 2744,"Abell 2744 contains several hundred galaxies and might be a pile-up of at least four smaller galaxy clusters. Abell 2744's strong gravitational field acts as a lens, distorting and magnifying the light of nearly 3,000 distant background galaxies.",https://science.nasa.gov/asset/hubble/hubble-uncovers-one-of-the-smallest-and-farthest-galaxies-in-the-universe/,2013
11/1/2019 0:00:00,5,1,november-1-2006-globular-cluster-ngc-2808.jpg,Globular Cluster NGC 2808,"This dense swarm of stars lies at the center of the globular star cluster NGC 2808. Of the about 150 known globular clusters in our Milky Way galaxy, NGC 2808 is one of the most massive, containing more than a million stars.",https://science.nasa.gov/asset/hubble/globular-cluster-with-multiple-stellar-populations/,2006
,5,2,november-1-2004-orion-nebula.jpg,Orion Nebula,The Orion Nebula is the nearest star-forming region to Earth. Massive young stars are shaping the nebula with their winds and radiation. Pillars of dense gas may be the homes of budding stars. The bright central region is the home of the four heftiest stars in the nebula.,https://science.nasa.gov/asset/hubble/hubbles-sharpest-view-of-the-orion-nebula/,2004
,5,3,november-1-2015-abell-s1063.jpg,Galaxy Cluster Abell S1063,The immense galaxy cluster Abell S1063 is surrounded by magnified images of galaxies much farther away. The huge mass of the cluster distorts and magnifies the light from galaxies that lie far behind it due to an effect called gravitational lensing.,https://science.nasa.gov/asset/hubble/nasas-hubble-looks-to-the-final-frontier/,2015
,5,4,november-1-1994-hh111.jpg,Herbig-Haro Object HH111,"A pair of 12 light-year-long jets of gas are blasted into space from a young system of three stars. The jet is seen in visible light, and its dusty disk and stars are seen in infrared light.",https://science.nasa.gov/asset/hubble/three-stars-blast-12-light-year-long-jets-of-gas-into-space/,1994
,5,5,november-1-2005-iras-054372502.jpg,Nebula IRAS 05437+2502,"The little-known nebula IRAS 05437+2502 billows out among the bright stars and dark dust clouds that surround it. Unlike many astronomical targets, this object has not been studied in detail and its exact nature is unclear.",https://science.nasa.gov/missions/hubble/hubbles-lucky-observation-of-an-enigmatic-cloud/,2005
11/2/2019 0:00:00,5,1,november-2-2010-hudf.jpg,Hubble Ultra Deep Field,This image of the Hubble Ultra Deep Field includes infrared observations that allowed Hubble to peer deeper into the universe than it ever had before. The faintest and reddest objects in the image are galaxies that formed 600 million years after the big bang.,https://science.nasa.gov/asset/hubble/hubble-uncovers-most-robust-sample-of-distant-galaxies/,2010
,5,2,november-2-2001-iras-21101.jpg,Interacting Galaxy IRAS 21101,The gravitational interaction between these two galaxies is disturbing their shapes. The lower galaxy has a bizarre structure and a tidal tail emerges from the main body of the upper galaxy. The several bright stars in this image are within our own galaxy.,https://science.nasa.gov/asset/hubble/hubble-interacting-galaxy-iras-21101/,2001
,5,3,november-2-2009-messier-78.jpg,Reflection Nebula Messier 78,"This colorful image was taken in infrared light and features a small part of M78, a reflection nebula created when light from a star is scattered or reflected off a nearby dust cloud.",https://science.nasa.gov/mission/hubble/science/explore-the-night-sky/hubble-messier-catalog/messier-78/,2009
,5,4,november-2-2013-ngc-7250.jpg,Irregular Galaxy NGC 7250,"The irregular galaxy NGC 7250 is home to bright bursts of star formation and recorded supernova explosions. It shares this image with the bright star TYC 3203-450-1, which appears so much brighter because it is around 7,500 times closer to us than NGC 7250.",https://science.nasa.gov/missions/hubble/hubbles-bright-shining-lizard-star/,2013
,5,5,november-2-2013-abell-2744.jpg,Galaxy Cluster Abell 2744,"Abell 2744 contains several hundred galaxies and might be a pile-up of at least four smaller galaxy clusters. Abell 2744's strong gravitational field acts as a lens, distorting and magnifying the light of nearly 3,000 distant background galaxies.",https://science.nasa.gov/asset/hubble/hubble-uncovers-one-of-the-smallest-and-farthest-galaxies-in-the-universe/,2013
11/3/2019 0:00:00,5,1,november-3-2006-einstein-ring-sdss-j0946-1006.jpg,Einstein Ring SDSS J0946+1006,"Einstein rings like this form when two galaxies are almost perfectly aligned, one behind the other, and the gravitational field of the closer galaxy bends and magnifies the light from the more distant galaxy into bright arcs around itself.",https://science.nasa.gov/asset/hubble/gravitational-lens-system-sdssj09461006-double-einstein-ring/,2006
,5,2,november-3-2014-supernova-refsdal.jpg,Supernova Refsdal,"This massive cluster of galaxies is MACS J1149.6+2223. In this image, light from a distant supernova appears in four different places. The multiple supernova images are created as the exploding star's light is bent and magnified by the powerful gravity of a large galaxy in the cluster.",https://science.nasa.gov/asset/hubble/supernova-refsdal-and-galaxy-cluster-macs-j114962223/,2014
,5,3,november-3-1997-47-tucanae.jpg,Globular Cluster 47 Tucanae,"This image shows the core of the globular star cluster 47 Tucanae. The entire cluster contains about a million stars, with many packed tightly in the core.",https://science.nasa.gov/asset/hubble/stellar-sorting-in-globular-cluster-47-tucanae/,1997
,5,4,november-3-2001-helix-nebula.jpg,Helix Nebula,The Helix Nebula's intricate form was created by a torrential gush of gases escaping from a dying star. This planetary nebula offers a dizzying look down what is actually a trillion-mile-long tunnel of glowing gases.,https://science.nasa.gov/asset/hubble/iridescent-glory-of-nearby-helix-nebula/,2001
,5,5,november-3-2020-jo204.jpg,Jellyfish Galaxy JO204,"JO204 is known as a ""jellyfish galaxy,"" so named for the bright tendrils of gas that appear to be drifting lazily below the galaxy's bright central bulk.",https://science.nasa.gov/missions/hubble/hubble-spots-a-galaxy-with-tendrils/,2020
11/4/2019 0:00:00,5,1,november-4-2010-supernova-remnant-0509-67-5.jpg,Supernova Remnant 0509-67.5,"This red bubble is made of gas that is being shocked by the expanding blast wave from a supernova explosion. Called SNR 0509-67.5, the bubble is 23 light-years across and is expanding at more than 11 million miles (18 million km) per hour.",https://science.nasa.gov/asset/hubble/hubble-supernova-bubble-resembles-holiday-ornament/,2010
,5,2,november-4-2007-comet-holmes.jpg,Comet Holmes,This Hubble image shows the heart of Comet 17P/Holmes and highlights variations in the dust distribution near the nucleus.,https://science.nasa.gov/asset/hubble/hubble-zooms-in-on-heart-of-mystery-comet/,2007
,5,3,november-4-2004-galaxy-cluster-cl002417.jpg,Galaxy Cluster CL0024+17,"This rich galaxy cluster, cataloged as Cl 0024+17, allows astronomers to probe the distribution of dark matter in space. The blue streaks near the center of the image are the smeared, magnified images of very distant galaxies that are not part of the cluster.",https://science.nasa.gov/asset/hubble/searching-for-dark-matter-in-a-galaxy-cluster/,2004
,5,4,november-4-2005-i-zwicky-18.jpg,Irregular Galaxy I Zwicky 18,"This galaxy's youthful appearance resembles galaxies typically found in the early universe. However, Hubble found faint, older stars within it, suggesting that the galaxy may have formed at the same time as most other galaxies.",https://science.nasa.gov/asset/hubble/hubble-finds-mature-galaxy-masquerading-as-toddler/,2005
,5,5,november-4-2004-eagle-nebula-pillar.jpg,Pillar in the Eagle Nebula,"Appearing like a winged fairy-tale creature poised on a pedestal, this object is actually a billowing tower of cold gas and dust rising from a stellar nursery called the Eagle Nebula.",https://science.nasa.gov/asset/hubble/the-eagle-has-risen-stellar-spire-in-the-eagle-nebula/,2004
11/5/2019 0:00:00,5,1,november-5-2012-horsehead-nebula.jpg,Horsehead Nebula,"The backlit wisps along the Horsehead Nebula's upper ridge are being illuminated by a young five-star system just off the top of this image, taken in infrared light. Harsh radiation from one of these bright stars is slowly evaporating the nebula.",https://science.nasa.gov/asset/hubble/hubble-sees-a-horsehead-of-a-different-color/,2012
,5,2,november-5-2001-ngc-3256.jpg,Interacting Galaxy NGC 3256,NGC 3256 is an example of a peculiar galaxy that is actually the relic of a collision between two separate galaxies in the distant past.,https://science.nasa.gov/asset/hubble/hubble-interacting-galaxy-ngc-3256/,2001
,5,3,november-5-2015-abell-s1063.jpg,Galaxy Cluster Abell S1063,The immense galaxy cluster Abell S1063 is surrounded by magnified images of galaxies much farther away. The huge mass of the cluster distorts and magnifies the light from galaxies that lie far behind it due to an effect called gravitational lensing.,https://science.nasa.gov/asset/hubble/nasas-hubble-looks-to-the-final-frontier/,2015
,5,4,november-5-2001-ic-2545.jpg,Interacting Galaxy IC 2545,"IC 2545 is a beautiful but deceptive object that appears to be a single S-shaped galaxy, but is actually a pair of merging galaxies.",https://science.nasa.gov/asset/hubble/hubble-interacting-galaxy-ic-2545/,2001
,5,5,november-5-2004-eagle-nebula-pillar.jpg,Pillar in the Eagle Nebula,"Appearing like a winged fairy-tale creature poised on a pedestal, this object is actually a billowing tower of cold gas and dust rising from a stellar nursery called the Eagle Nebula.",https://science.nasa.gov/asset/hubble/the-eagle-has-risen-stellar-spire-in-the-eagle-nebula/,2004
11/6/2019 0:00:00,5,1,november-6-2018-storm-on-neptune.jpg,Storm on Neptune,"This image reveals a dark storm on Neptune, seen at top center. The storm is roughly 6,800 miles (10,944 km) across. To the right of the dark feature are bright white ""companion clouds,"" which have also been seen alongside previous storms on Neptune.",https://science.nasa.gov/asset/hubble/uranus-and-neptune/,2018
,5,2,november-6-2010-dwarf-planet-2007-or10.jpg,Dwarf Planet 2007 OR10,"This image reveals a moon orbiting the dwarf planet 2007 OR10, the third-largest known dwarf planet behind Pluto and Eris. It's located in the Kuiper Belt, a realm of icy debris left over from the solar system's formation.",https://science.nasa.gov/asset/hubble/moon-around-the-dwarf-planet-2007-or10/,2009
,5,3,november-6-2005-henize-2-10.jpg,Dwarf Galaxy Henize 2-10,"The dwarf starburst galaxy Henize 2-10 sparkles in this view. The bright region at the center, surrounded by pink clouds and dark dust lanes, is the location of the galaxy's massive black hole and active stellar nurseries.",https://science.nasa.gov/asset/hubble/black-hole-triggering-star-formation-in-henize-2-10/,2005
,5,4,november-6-2001-ngc-1275.jpg,Spiral Galaxy NGC 1275,"A dusty spiral galaxy appears to be rotating on-edge as it slides through the larger and brighter galaxy, NGC 1275. These galaxies are believed to be colliding at a speed of 6 million miles (9.6 million km) per hour!",https://science.nasa.gov/asset/hubble/freewheeling-galaxies-collide-in-a-blaze-of-star-birth-ngc-1275/,2001
,5,5,november-6-2010-idcs-j1426-5-3508.jpg,Galaxy Cluster IDCS J1426.5+3508,"The light we observe from this rare, extremely massive young galaxy cluster, IDCS 1426, left the cluster when the universe was less than a third of its current age.",https://science.nasa.gov/asset/hubble/hubble-chandra-spitzer-composite-of-massive-galaxy-cluster-idcs-j142653508/,2010
11/7/2019 0:00:00,5,1,november-7-2012-horsehead-nebula.jpg,Horsehead Nebula,"The backlit wisps along the Horsehead Nebula's upper ridge are being illuminated by a young five-star system just off the top of this image, taken in infrared light. Harsh radiation from one of these bright stars is slowly evaporating the nebula.",https://science.nasa.gov/asset/hubble/hubble-sees-a-horsehead-of-a-different-color/,2012
,5,2,november-7-2015-ngc-5714.jpg,Spiral Galaxy NGC 5714,"NGC 5714 is classified as a spiral galaxy, but its spiral arms — the dominating feature of spiral galaxies — are almost impossible to see, as NGC 5714 presents itself at an almost perfectly edge-on angle.",https://science.nasa.gov/missions/hubble/hubbles-curious-case-of-a-calcium-rich-supernova/,2015
,5,3,november-7-2010-idcs-j1426-5-3508.jpg,Galaxy Cluster IDCS J1426.5+3508,"The light we observe from this rare, extremely massive young galaxy cluster, IDCS 1426, left the cluster when the universe was less than a third of its current age.",https://science.nasa.gov/asset/hubble/hubble-chandra-spitzer-composite-of-massive-galaxy-cluster-idcs-j142653508/,2010
,5,4,november-7-2012-beehive-cluster.jpg,Beehive Cluster,"Messier 44, or the ""Beehive Cluster,"" swarms with activity as its name would suggest. This open cluster of around 1,000 stars, loosely connected by gravity, is one of the closest such clusters to Earth.",https://science.nasa.gov/mission/hubble/science/explore-the-night-sky/hubble-messier-catalog/messier-44/,2012
,5,5,november-7-2017-am-1054-325.jpg,Interacting Galaxy AM 1054-325,Galaxy AM 1054-325 has been distorted into an S-shape from a normal pancake-like spiral shape by the gravitational pull of a neighboring galaxy. This string-of-pearls star formation may have been more common in the early universe.,https://science.nasa.gov/missions/hubble/nasas-hubble-traces-string-of-pearls-star-clusters-in-galaxy-collisions/,2017
11/8/2019 0:00:00,5,1,november-8-2004-star-cluster-ngc-265.jpg,Star Cluster NGC 265,"This image displays a cluster of stars called NGC 265. The cluster resides in the Small Magellanic Cloud, one of the small galaxies orbiting our Milky Way galaxy.",https://science.nasa.gov/asset/hubble/magellanic-gemstones-in-the-southern-sky/,2004
,5,2,november-8-2012-sdss-2201-11.jpg,Active Galaxy SDSS 2201+11,"Extending from this active galaxy are bizarre, greenish knots of gas and dust glowing from the light of high-energy particles, blasted by powerful ultraviolet radiation from a supermassive black hole at the galaxy's center.",https://science.nasa.gov/asset/hubble/extended-gas-in-active-galaxies/,2012
,5,3,november-8-2005-mars.jpg,Mars,"The red planet Mars, the fourth planet in the solar system, is opposite the Sun in our nighttime sky every 26 months. This image was taken at Mars's opposition in 2005.",https://science.nasa.gov/asset/hubble/two-views-of-mars/,2005
,5,4,november-8-2014-pisces-b.jpg,Dwarf Galaxy Pisces B,"This image captures the glow of new stars in the small, ancient dwarf galaxy Pisces B, which contains about 10 million stars. Astronomers estimate that less than 100 million years ago, Pisces B doubled its star-formation rate.",https://science.nasa.gov/asset/hubble/dwarf-galaxies-in-pisces/,2014
,5,5,november-8-2005-i-zwicky-18.jpg,Irregular Galaxy I Zwicky 18,"This galaxy's youthful appearance resembles galaxies typically found in the early universe. However, Hubble found faint, older stars within it, suggesting that the galaxy may have formed at the same time as most other galaxies.",https://science.nasa.gov/asset/hubble/hubble-finds-mature-galaxy-masquerading-as-toddler/,2005
11/9/2019 0:00:00,5,1,november-9-2009-galaxy-ngc-4150.jpg,Elliptical Galaxy NGC 4150,"This image captures the ancient elliptical galaxy NGC 4150, located about 44 million light-years away. It shows streamers of dust and gas wrapped around the galaxy's core. Closer views of the core reveal clumps of young, blue stars less than a billion years old.",https://science.nasa.gov/missions/hubble/hubble-captures-new-life-in-an-ancient-galaxy/,2009
,5,2,november-9-2015-abell-s1063.jpg,Galaxy Cluster Abell S1063,The immense galaxy cluster Abell S1063 is surrounded by magnified images of galaxies much farther away. The huge mass of the cluster distorts and magnifies the light from galaxies that lie far behind it due to an effect called gravitational lensing.,https://science.nasa.gov/asset/hubble/nasas-hubble-looks-to-the-final-frontier/,2015
,5,3,november-9-2006-ngc-300.jpg,Spiral Galaxy NGC 300,"This detailed image of the galaxy NGC 300 looks at a portion of the galaxy. Numerous star clusters and star-forming clouds, called nebulae, dot the galaxy's spiral arms.",https://science.nasa.gov/asset/hubble/hubble-snaps-close-up-views-of-diverse-galaxies/,2006
,5,4,november-9-2010-hudf.jpg,Hubble Ultra Deep Field,This image of the Hubble Ultra Deep Field includes infrared observations that allowed Hubble to peer deeper into the universe than it ever had before. The faintest and reddest objects in the image are galaxies that formed 600 million years after the Big Bang.,https://science.nasa.gov/asset/hubble/hubble-uncovers-most-robust-sample-of-distant-galaxies/,2010
,5,5,november-9-2016-ngc-34.jpg,Interacting Galaxy NGC 34,"NGC 34 looks more like an otherworldly creature from the deep oceans than a galaxy. This image shows the galaxy's bright center, a result of a merging event between two spiral galaxies that has created a burst of new star formation.",https://science.nasa.gov/missions/hubble/hubble-captures-luminous-beauty-in-a-galaxy-collision/,2016
11/10/2019 0:00:00,5,1,november-10-1998-galaxy-ngc-1600.jpg,Elliptical Galaxy NGC 1600,The huge elliptical galaxy NGC 1600 is located 209 million light-years from Earth. The black hole that lurks at the center of the galaxy is one of the most massive black holes ever detected and 10 times more massive than expected for a galaxy of its size.,https://science.nasa.gov/asset/hubble/a-view-of-the-giant-elliptical-galaxy-ngc-1600/,1998
,5,2,november-10-1995-bow-tie-nebula.jpg,Bow Tie Nebula,"This hazy image captures a portion of the planetary nebula Caldwell 2, or NGC 40. A shell of gas is expanding outward from the nebula’s central star, which has reached the final stage of its life.",https://science.nasa.gov/mission/hubble/science/explore-the-night-sky/hubble-caldwell-catalog/caldwell-2/,1995
,5,3,november-10-2014-supernova-refsdal.jpg,Supernova Refsdal,"This massive cluster of galaxies is MACS J1149.6+2223. In this image, light from a distant supernova appears in four different places. The multiple supernova images are created as the exploding star's light is bent and magnified by the powerful gravity of a large galaxy in the cluster.",https://science.nasa.gov/asset/hubble/supernova-refsdal-and-galaxy-cluster-macs-j114962223/,2014
,5,4,november-10-2020-j0204.jpg,Jellyfish Galaxy JO204,"JO204 is known as a ""jellyfish galaxy,"" so named for the bright tendrils of gas that appear to be drifting lazily below the galaxy's bright central bulk.",https://science.nasa.gov/missions/hubble/hubble-spots-a-galaxy-with-tendrils/,2020
,5,5,november-10-2022-ngc-7292.jpg,Irregular Galaxy NGC 7292,"This galaxy, NGC 7292, is irregular, meaning that it lacks the distinct spiral arms or elliptical shape of some galaxies. Unusually, its core is stretched out into a distinct bar, a feature seen in many spiral galaxies, and this galaxy is also remarkably faint.",https://science.nasa.gov/missions/hubble/hubble-captures-a-billowing-irregular-galaxy/,2022
11/11/2019 0:00:00,5,1,november-11-1998-interacting-galaxies-ngc-2207-and-ic-2163.jpg,Interacting Galaxies NGC 2207 and IC 2163,"This image shows two interacting galaxies. The larger and more massive galaxy on the left is NGC 2207, and the smaller one on the right is IC 2163. Strong tidal forces from NGC 2207 have distorted the shape of IC 2163.",https://science.nasa.gov/asset/hubble/a-grazing-encounter-between-two-spiral-galaxies-ngc-2207-and-ic2163/,1998
,5,2,november-11-2006-ngc-4589.jpg,Elliptical Galaxy NGC 4589,"This image shows an elliptical galaxy with dark, wispy dust lanes, the signature of a recent galaxy merger. The dust is the only relic of a smaller galaxy that was consumed by the larger elliptical galaxy.",https://science.nasa.gov/asset/hubble/host-galaxies-of-calcium-rich-supernovae/,2006
,5,3,november-11-2010-caldwell-73.jpg,Globular Cluster Caldwell 73,"C73, or NGC 1851, may be a remnant of two star clusters that collided within a dwarf galaxy that once hosted them both. Unlike many globular clusters, C73 hosts stellar populations with different ages.",https://science.nasa.gov/mission/hubble/science/explore-the-night-sky/hubble-caldwell-catalog/caldwell-73/,2010
,5,4,november-11-1994-hh111.jpg,Herbig-Haro Object HH111,"A pair of 12 light-year-long jets of gas are blasted into space from a young system of three stars. The jet is seen in visible light, and its dusty disk and stars are seen in infrared light.",https://science.nasa.gov/asset/hubble/three-stars-blast-12-light-year-long-jets-of-gas-into-space/,1994
,5,5,november-11-2019-pegasus-dwarf-galaxy.jpg,Pegasus Dwarf Galaxy,"The Pegasus Dwarf spheroidal galaxy is a mini-galaxy in orbit around the Milky Way's neighbor, the Andromeda Galaxy. Dwarf spheroidal galaxies are the dimmest and least massive galaxies known.",https://science.nasa.gov/missions/hubble/hubble-pinpoints-a-dim-starry-mini-galaxy/,2019
11/12/2019 0:00:00,5,1,november-12-2005-galaxy-pair-ngc-6090.jpg,Galaxy Pair NGC 6090,"NGC 6090 is a pair of spiral galaxies with overlapping central regions and two long tidal tails made of material ripped out of the galaxies by gravitational interactions. The two visible cores are approximately 10,000 light-years apart.",https://science.nasa.gov/asset/hubble/hubble-interacting-galaxy-ngc-6090/,2005
,5,2,november-12-2010-hudf.jpg,Hubble Ultra Deep Field,This image of the Hubble Ultra Deep Field includes infrared observations that allowed Hubble to peer deeper into the universe than it ever had before. The faintest and reddest objects in the image are galaxies that formed 600 million years after the Big Bang.,https://science.nasa.gov/asset/hubble/hubble-uncovers-most-robust-sample-of-distant-galaxies/,2010
,5,3,november-12-2019-pegasus-dwarf-galaxy.jpg,Pegasus Dwarf Galaxy,"The Pegasus Dwarf spheroidal galaxy is a mini-galaxy in orbit around the Milky Way's neighbor, the Andromeda Galaxy. Dwarf spheroidal galaxies are the dimmest and least massive galaxies known.",https://science.nasa.gov/missions/hubble/hubble-pinpoints-a-dim-starry-mini-galaxy/,2019
,5,4,november-12-2010-caldwell-73.jpg,Globular Cluster Caldwell 73,"C73, or NGC 1851, may be a remnant of two star clusters that collided within a dwarf galaxy that once hosted them both. Unlike many globular clusters, C73 hosts stellar populations with different ages.",https://science.nasa.gov/mission/hubble/science/explore-the-night-sky/hubble-caldwell-catalog/caldwell-73/,2010
,5,5,november-12-2005-ngc-3021.jpg,Spiral Galaxy NGC 3021,Spiral galaxy NGC 3021 is home to Cepheid variable stars. These stars pulsate at a rate that is closely related to their intrinsic brightness. Astronomers use this information to calculate a galaxy’s distance.,https://science.nasa.gov/asset/hubble/cepheid-variable-stars-in-spiral-galaxy-ngc-3021/,2005
11/13/2019 0:00:00,5,1,november-13-1996-nebula-n44c.jpg,Nebula N44C,"These wispy clouds of glowing gas make up a nebula known as N44C. It is part of the larger N44 complex, which includes young, hot, massive stars, other nebulae, and a ""superbubble"" blown out by multiple supernova explosions.",https://science.nasa.gov/asset/hubble/gaseous-streamers-from-nebula-n44c-flutter-in-stellar-breeze/,1996
,5,2,november-13-2005-i-zwicky-18.jpg,Irregular Galaxy I Zwicky 18,"This galaxy's youthful appearance resembles galaxies typically found in the early universe. However, Hubble found faint, older stars within it, suggesting that the galaxy may have formed at the same time as most other galaxies.",https://science.nasa.gov/asset/hubble/hubble-finds-mature-galaxy-masquerading-as-toddler/,2005
,5,3,november-13-2006-ngc-1569.jpg,Starburst Galaxy NGC 1569,The starburst galaxy NGC 1569 sparkles with the light from millions of newly formed young stars. NGC 1569 is pumping out new stars at a rate that is 100 times faster than the rate observed in our Milky Way Galaxy.,https://science.nasa.gov/asset/hubble/starburst-galaxy-ngc-1569/,2006
,5,4,november-13-2013-abell-2744.jpg,Galaxy Cluster Abell 2744,"Abell 2744 contains several hundred galaxies and might be a pile-up of at least four smaller galaxy clusters. Abell 2744's strong gravitational field acts as a lens, distorting and magnifying the light of nearly 3,000 distant background galaxies.",https://science.nasa.gov/asset/hubble/hubble-uncovers-one-of-the-smallest-and-farthest-galaxies-in-the-universe/,2013
,5,5,november-13-2017-ngc-3717.jpg,Spiral Galaxy NGC 3717,"The spiral galaxy NGC 3717 is not captured perfectly edge-on in this image; the nearer part of the galaxy is tilted ever so slightly down, and the far side tilted up. This angle offers a view across the disk and the central bulge (of which only one side is visible).",https://science.nasa.gov/missions/hubble/hubble-snaps-spirals-profile/,2017
11/14/2019 0:00:00,5,1,november-14-1998-reflection-nebula-n30b.jpg,Reflection Nebula N30B,"A unique, peanut-shaped cocoon of dust surrounds a cluster of young, hot stars in this image. This reflection nebula, named N30B, is embedded in a much larger nebula called DEM L 106. The wispy filaments of DEM L 106 fill much of the image.",https://science.nasa.gov/asset/hubble/double-bubble-of-gas-and-dust-in-the-large-magellanic-cloud/,1998
,5,2,november-14-2010-abell-68.jpg,Galaxy Cluster Abell 68,"The immense gravity of massive galaxy cluster Abell 68, creates a natural lens in space, distorting, brightening and magnifying the light coming from very distant background galaxies.",https://science.nasa.gov/asset/hubble/gravitational-lens-creates-cartoon-of-space-invader/,2010
,5,3,november-14-2011-hh-45.jpg,HH 45 in Running Man Nebula,"Herbig-Haro objects like HH 45 are rarely seen nebulae that occur when hot gas ejected by a newborn star collides with the gas and dust around it, creating bright shock waves.",https://science.nasa.gov/missions/hubble/hubble-witnesses-shock-wave-of-colliding-gases-in-running-man-nebula/,2011
,5,4,november-14-2012-47-tucanae.jpg,Globular Cluster 47 Tucanae,"This image of the heart of the giant globular star cluster 47 Tucanae reveals the glow of 200,000 stars. Young white dwarfs ― the burned-out relics of stars that have used up their nuclear fuel, cooled down, and lost most of their mass ― are beginning to migrate outward.",https://science.nasa.gov/asset/hubble/white-dwarfs-migrating-from-globular-cluster-47-tucanaes-core/,2012
,5,5,november-14-2020-jo201.jpg,Jellyfish Galaxy JO201,"As jellyfish galaxies like JO201 move through space, gas is slowly stripped away, forming trails illuminated by clumps of star formation. These blue tendrils are visible below the core of this galaxy, giving it a jellyfish-like appearance.",https://science.nasa.gov/missions/hubble/hubble-peers-at-a-galactic-seascape/,2020
11/15/2019 0:00:00,5,1,november-15-2007-planetary-nebula-ngc-2371.jpg,Planetary Nebula NGC 2371,"This image captures the planetary nebula NGC 2371, the glowing remains of a Sun-like star. The remnant star visible at the center of NGC 2371 is the super-hot core of the former red giant, now stripped of its outer layers.",https://science.nasa.gov/asset/hubble/planetary-nebula-ngc-2371/,2007
,5,2,november-15-2013-p2013-r3.jpg,Asteroid P/2013 R3,This image shows an asteroid called P/2013 R3 as it was breaking apart. The asteroid's fragments were slowly drifting away from each other and had tails of dust pushed back by the pressure of sunlight.,https://science.nasa.gov/missions/hubble/hubble-witnesses-an-asteroid-mysteriously-disintegrating/,2013
,5,3,november-15-2004-galaxy-cluster-cl002417.jpg,Galaxy Cluster CL0024+17,"Astronomers probed the distribution of dark matter in this rich galaxy cluster. The blue streaks near the center of the image are the smeared, gravitationally lensed images of very distant galaxies that are not part of the cluster.",https://science.nasa.gov/asset/hubble/searching-for-dark-matter-in-a-galaxy-cluster/,2004
,5,4,november-15-2001-ngc-1275.jpg,Spiral Galaxy NGC 1275,"A dusty spiral galaxy appears to be rotating on-edge as it slides through the larger and brighter galaxy, NGC 1275. These galaxies are believed to be colliding at a speed of 6 million miles (9.6 million km) per hour!",https://science.nasa.gov/asset/hubble/freewheeling-galaxies-collide-in-a-blaze-of-star-birth-ngc-1275/,2001
,5,5,november-15-2009-hubble-extreme-deep-field.jpg,Hubble Extreme Deep Field,"The eXtreme Deep Field, or XDF, was assembled by combining 10 years of photographs taken of a patch of sky at the center of the original Hubble Ultra Deep Field.",https://science.nasa.gov/asset/hubble/hubble-extreme-deep-field-xdf/,2009
11/16/2019 0:00:00,5,1,november-16-2006-ngc-3021.jpg,Spiral Galaxy NGC 3021,Spiral galaxy NGC 3021 is home to Cepheid variable stars. These stars pulsate at a rate that is closely related to their intrinsic brightness. Astronomers use this information to calculate a galaxy’s distance.,https://science.nasa.gov/asset/hubble/cepheid-variable-stars-in-spiral-galaxy-ngc-3021/,2006
,5,2,november-16-1995-ngc-1275.jpg,Spiral Galaxy NGC 1275,"A dusty spiral galaxy appears to be rotating on-edge as it slides through the larger and brighter galaxy, NGC 1275. These galaxies are believed to be colliding at a speed of 6 million miles (9.6 million km) per hour!",https://science.nasa.gov/asset/hubble/freewheeling-galaxies-collide-in-a-blaze-of-star-birth-ngc-1275/,1995
,5,3,november-16-2001-markarian-273.jpg,Interacting Galaxy Markarian 273,"Mrk 273 is a galaxy with a bizarre structure that somewhat resembles a toothbrush. It has an intense region of starburst, where 60 solar masses of new stars are born each year.",https://science.nasa.gov/asset/hubble/hubble-interacting-galaxy-mrk-273/,2001
,5,4,november-16-2001-ngc-5256.jpg,Interacting Galaxy NGC 5256,"NGC 5256, also known as Markarian 266, is an example of two disk galaxies that are about to merge. Each galaxy contains an active galactic nucleus, evidence that the chaos is allowing gas to fall into the regions around central black holes.",https://science.nasa.gov/asset/hubble/hubble-interacting-galaxy-ngc-5256/,2001
,5,5,november-16-2017-minkowskis-object.jpg,Minkowski’s Object,"This striking pair is an elliptical galaxy NGC 541 and an unusual star-forming, irregular dwarf galaxy known as Minkowski’s Object (the bluish object to the lower left of NGC 541). A radio jet from NGC 541 likely caused the star-formation in Minkowski’s Object.",https://science.nasa.gov/missions/hubble/ngc-541-fuels-an-irregular-galaxy-in-new-hubble-image/,2017
11/17/2019 0:00:00,5,1,november-17-2005-v838-monocerotis-light-echo.jpg,V838 Monocerotis Light Echo,"This image captures a light echo from the star V838 Monocerotis. After the star brightened temporarily, light from that eruption began propagating outward through a dusty cloud around the star. The light reflects or ""echoes"" off the dust and then travels to Earth.",https://science.nasa.gov/asset/hubble/hubbles-latest-views-of-light-echo-from-star-v838-monocerotis/,2005
,5,2,november-17-1995-saturn-and-its-moons.jpg,Saturn and its Moons,"This image captures the moons Mimas, Enceladus, and Dione as they begin their race across Saturn's disk. The planet's rings are tilted nearly edge-on toward the Sun, an event that occurs once every 15 years.",https://science.nasa.gov/asset/hubble/hubble-sees-moons-racing-across-saturn/,1995
,5,3,november-17-2018-ngc-2525.jpg,Spiral Galaxy NGC 2525,"Located about 70 million light-years away, this spiral galaxy is known as NGC 2525. The bright blue-white burst of light at the left of the galaxy shows a star's explosive death in a supernova.",https://science.nasa.gov/asset/hubble/ngc-2525/,2018
,5,4,november-17-2001-ngc-3521.jpg,Spiral Galaxy NGC 3521,"The spiral galaxy NGC 3521 has a soft, woolly appearance. This galaxy belongs to a class known as flocculent spirals, in which fluffy patches of stars and dust are scattered throughout the disk.",https://science.nasa.gov/missions/hubble/hubble-shears-a-woolly-galaxy-rggrk/,2001
,5,5,november-17-2005-ngc-4449.jpg,Dwarf Galaxy NGC 4449,Hundreds of thousands of vibrant blue and red stars blaze in this dwarf galaxy located some 12.5 million light-years away.,https://science.nasa.gov/asset/hubble/stellar-fireworks-are-ablaze-in-galaxy-ngc-4449/,2005
11/18/2019 0:00:00,5,1,november-18-2004-galaxy-cluster-cl002417.jpg,Galaxy Cluster Cl 0024+17,"In this image of the galaxy cluster Cl 0024+17, blue streaks are images of very distant galaxies that are behind the cluster. The distant galaxies appear distorted because their light is bent and magnified by the cluster's gravity.",https://science.nasa.gov/asset/hubble/searching-for-dark-matter-in-a-galaxy-cluster/,2004
,5,2,november-18-1995-ngc-2440.jpg,Planetary Nebula NGC 2440,"NGC 2440 is a planetary nebula with a chaotic structure, created when a dying star ejected its outer layers. Its central star is one of the hottest known, with a surface temperature around 360,000 degrees Fahrenheit (200,000 degrees Celsius).",https://science.nasa.gov/asset/hubble/ngc-2440/,1995
,5,3,november-18-2006-ngc-3021.jpg,Spiral Galaxy NGC 3021,Spiral galaxy NGC 3021 is home to Cepheid variable stars. These stars pulsate at a rate that is closely related to their intrinsic brightness. Astronomers use this information to calculate a galaxy’s distance.,https://science.nasa.gov/asset/hubble/cepheid-variable-stars-in-spiral-galaxy-ngc-3021/,2006
,5,4,november-18-2018-ngc-2217.jpg,Spiral Galaxy NGC 2217,"The magnificent central bar of NGC 2217 (also known as Arp-Madore 0619-271) shines bright in this barred spiral galaxy, which is a similar size to our own Milky Way.",https://science.nasa.gov/missions/hubble/hubble-spots-a-magnificent-barred-galaxy/,2018
,5,5,november-18-2016-messier-87.jpg,Elliptical Galaxy Messier 87,"This image of the giant galaxy M87 shows a 3,000-light-year-long jet of plasma blasting from the galaxy's 6.5-billion-solar-mass central black hole. The jet seems to cause stars to erupt along its trajectory.",https://science.nasa.gov/asset/hubble/m87-4/,2016
11/19/2019 0:00:00,5,1,november-19-2001-dumbbell-nebula.jpg,Dumbbell Nebula,"This image captures a small part of the Dumbbell Nebula, which resides more than 1,200 light-years away. Known as a planetary nebula, it is the result of an old star that has shed its outer layers in a glowing display of color. It was the first planetary nebula ever discovered.",https://science.nasa.gov/asset/hubble/close-up-of-m27-the-dumbbell-nebula/,2001
,5,2,november-19-2006-ngc-3021.jpg,Spiral Galaxy NGC 3021,Spiral galaxy NGC 3021 is home to Cepheid variable stars. These stars pulsate at a rate that is closely related to their intrinsic brightness. Astronomers use this information to calculate a galaxy’s distance.,https://science.nasa.gov/asset/hubble/cepheid-variable-stars-in-spiral-galaxy-ngc-3021/,2006
,5,3,november-19-2002-helix-nebula.jpg,Helix Nebula,The Helix Nebula's intricate form was created by a torrential gush of gases escaping from a dying star. This planetary nebula offers a dizzying look down what is actually a trillion-mile-long tunnel of glowing gases.,https://science.nasa.gov/asset/hubble/iridescent-glory-of-nearby-helix-nebula/,2002
,5,4,november-19-2001-ic-2810.jpg,Interacting Galaxy IC 2810,"IC 2810 is a disk galaxy viewed nearly edge-on. It is slightly disturbed by gravitational interaction with a smaller, dusty companion (located below it). The larger galaxy shows blue knots of star formation.",https://science.nasa.gov/asset/hubble/hubble-interacting-galaxy-ic-2810/,2001
,5,5,november-19-2013-abell-2744.jpg,Galaxy Cluster Abell 2744,"Abell 2744 contains several hundred galaxies and might be a pile-up of at least four smaller galaxy clusters. Abell 2744's strong gravitational field acts as a lens, distorting and magnifying the light of nearly 3,000 distant background galaxies.",https://science.nasa.gov/asset/hubble/hubble-uncovers-one-of-the-smallest-and-farthest-galaxies-in-the-universe/,2013
11/20/2019 0:00:00,5,1,november-20-2005-interacting-galaxies-arp-148.jpg,Interacting Galaxies Arp 148,"Arp 148 is the aftermath of an encounter between two galaxies, resulting in a ring-shaped galaxy and an elongated companion. The shapes and arrangement of the galaxies suggest that this is a snapshot of an ongoing collision.",https://science.nasa.gov/asset/hubble/hubble-interacting-galaxy-arp-148/,2005
,5,2,november-20-2015-rxc-j094981707.jpg,Galaxy Cluster RXC J0949.8+1707,"The numerous fuzzy blobs and glowing shapes scattered across this image make up a galaxy cluster named RXC J0949.8+1707. Located to the upper right of the frame sits an especially beautiful and interesting barred spiral galaxy, seen face-on.",https://science.nasa.gov/missions/hubble/hubble-sees-galaxy-with-3-supernovas/,2015
,5,3,november-20-2014-supernova-refsdal.jpg,Supernova Refsdal,"This massive cluster of galaxies is MACS J1149.6+2223. In this image, light from a distant supernova appears in four different places. The multiple supernova images are created as the exploding star's light is bent and magnified by the powerful gravity of a large galaxy in the cluster.",https://science.nasa.gov/asset/hubble/supernova-refsdal-and-galaxy-cluster-macs-j114962223/,2014
,5,4,november-20-2003-messier-74.jpg,Spiral Galaxy Messier 74,"Messier 74, also called NGC 628, is a stunning example of a ""grand-design"" spiral galaxy that is viewed from Earth nearly face-on. Its perfectly symmetrical spiral arms emanate from the central nucleus and are dotted with clusters of young stars.",https://science.nasa.gov/asset/hubble/spiral-galaxy-m74/,2003
,5,5,november-20-2013-abell-2744.jpg,Galaxy Cluster Abell 2744,"Abell 2744 contains several hundred galaxies and might be a pile-up of at least four smaller galaxy clusters. Abell 2744's strong gravitational field acts as a lens, distorting and magnifying the light of nearly 3,000 distant background galaxies.",https://science.nasa.gov/asset/hubble/hubble-uncovers-one-of-the-smallest-and-farthest-galaxies-in-the-universe/,2013
11/21/2019 0:00:00,5,1,november-21-2014-supernova-refsdal.jpg,Supernova Refsdal,"This massive cluster of galaxies is MACS J1149.6+2223. In this image, light from a distant supernova appears in four different places. The multiple supernova images are created as the exploding star's light is bent and magnified by the powerful gravity of a large galaxy in the cluster.",https://science.nasa.gov/asset/hubble/supernova-refsdal-and-galaxy-cluster-macs-j114962223/,2014
,5,2,november-21-2010-47-tucanae.jpg,Globular Cluster 47 Tucanae,"This image of the heart of the giant globular star cluster 47 Tucanae reveals the glow of 200,000 stars. Young white dwarfs ― the burned-out relics of stars that have used up their nuclear fuel, cooled down, and lost most of their mass ― are beginning to migrate outward.",https://science.nasa.gov/asset/hubble/white-dwarfs-migrating-from-globular-cluster-47-tucanaes-core/,2010
,5,3,november-21-2012-ngc3489.jpg,Lenticular Galaxy NGC 3489,"Lenticular galaxies like NGC 3489 exhibit traits of both spirals and ellipticals. They have a central bulge and a thin, circular disk, like spiral galaxies, but they lack arms. And like elliptical galaxies, they have older stars and little ongoing star formation.",https://science.nasa.gov/missions/hubble/hubble-observes-an-in-between-galaxy/,2012
,5,4,november-21-1996-markarian-231.jpg,Interacting Galaxy Markarian 231,"A bright, star-like glow emanates from the center of interacting galaxy Markarian 231, the nearest quasar at 581 million light-years away. Quasars are powered by a central black hole that heats the gas around it to unleash tremendous energy.",https://science.nasa.gov/asset/hubble/quasar-host-galaxy-markarian-231/,1996
,5,5,november-21-2010-hudf.jpg,Hubble Ultra Deep Field,This image of the Hubble Ultra Deep Field includes infrared observations that allowed Hubble to peer deeper into the universe than it ever had before. The faintest and reddest objects in the image are galaxies that formed 600 million years after the big bang.,https://science.nasa.gov/asset/hubble/hubble-uncovers-most-robust-sample-of-distant-galaxies/,2010
11/22/2019 0:00:00,5,1,november-22-2003-galaxy-ngc-1313.jpg,Spiral Galaxy NGC 1313,This image captures the central region of the barred spiral galaxy NGC 1313. The galaxy is located roughly 14 million light-years away in the constellation Reticulum.,https://science.nasa.gov/asset/hubble/stellar-infant-mortality-in-spiral-galaxy-ngc-1313/,2003
,5,2,november-22-2010-hudf.jpg,Hubble Ultra Deep Field,This image of the Hubble Ultra Deep Field includes infrared observations that allowed Hubble to peer deeper into the universe than it ever had before. The faintest and reddest objects in the image are galaxies that formed 600 million years after the big bang.,https://science.nasa.gov/asset/hubble/hubble-uncovers-most-robust-sample-of-distant-galaxies/,2010
,5,3,november-22-2010-47-tucanae.jpg,Globular Cluster 47 Tucanae,"This image of the heart of the giant globular star cluster 47 Tucanae reveals the glow of 200,000 stars. Young white dwarfs ― the burned-out relics of stars that have used up their nuclear fuel, cooled down, and lost most of their mass ― are beginning to migrate outward.",https://science.nasa.gov/asset/hubble/white-dwarfs-migrating-from-globular-cluster-47-tucanaes-core/,2010
,5,4,november-22-2012-abell-78.jpg,Planetary Nebula Abell 78,"Abell 78 is a “re-energized” planetary nebula, which is an elaborate cloud of dust and gas formed by a dying star casting off outer layers of material. This nebula is located approximately 5,000 light-years away.",https://science.nasa.gov/missions/hubble/hubble-captures-re-energized-planetary-nebula/,2012
,5,5,november-22-2012-ngc3489.jpg,Lenticular Galaxy NGC 3489,"Lenticular galaxies like NGC 3489 exhibit traits of both spirals and ellipticals. They have a central bulge and a thin, circular disk, like spiral galaxies, but they lack arms. And like elliptical galaxies, they have older stars and little ongoing star formation.",https://science.nasa.gov/missions/hubble/hubble-observes-an-in-between-galaxy/,2012
11/23/2019 0:00:00,5,1,november-23-2013-galaxy-cluster-abell-2744.jpg,Galaxy Cluster Abell 2744,"Located 3.5 billion light-years away, Abell 2744 contains several hundred galaxies and might be a pile-up of at least four smaller galaxy clusters. Abell 2744's strong gravitational field acts as a lens, distorting and magnifying the light of nearly 3,000 distant background galaxies.",https://science.nasa.gov/asset/hubble/abell-2744-frontier-field/,2013
,5,2,november-23-2014-supernova-refsdal.jpg,Supernova Refsdal,"This massive cluster of galaxies is MACS J1149.6+2223. In this image, light from a distant supernova appears in four different places. The multiple supernova images are created as the exploding star's light is bent and magnified by the powerful gravity of a large galaxy in the cluster.",https://science.nasa.gov/asset/hubble/supernova-refsdal-and-galaxy-cluster-macs-j114962223/,2014
,5,3,november-23-2006-ngc-3982.jpg,Spiral Galaxy NGC 3982,"This image captures the face-on spiral galaxy NGC 3982. Its arms are lined with pink star-forming regions of glowing hydrogen, blue newborn star clusters, and dark dust lanes that provide the raw material for future generations of stars.",https://science.nasa.gov/asset/hubble/face-on-spiral-galaxy-ngc-3982/,2006
,5,4,november-23-2009-m84.jpg,Elliptical Galaxy Messier 84,"M84 is an elliptical galaxy, one of over a thousand galaxies that make up the Virgo cluster. This image combines observations taken at visible, infrared, and ultraviolet wavelengths.",https://science.nasa.gov/mission/hubble/science/explore-the-night-sky/hubble-messier-catalog/messier-84/,2009
,5,5,november-23-2020-omega-centauri.jpg,Omega Centauri,Omega Centauri consists of roughly 10 million stars that are gravitationally bound. The cluster is about 10 times as massive as other big globular clusters – almost as massive as a small galaxy.,https://science.nasa.gov/asset/hubble/omega-centauri-2/,2020
11/24/2019 0:00:00,5,1,november-24-2013-galaxy-cluster-abell-2744.jpg,Galaxy Cluster Abell 2744,"Located 3.5 billion light-years away, Abell 2744 contains several hundred galaxies and might be a pile-up of at least four smaller galaxy clusters. Abell 2744's strong gravitational field acts as a lens, distorting and magnifying the light of nearly 3,000 distant background galaxies.",https://science.nasa.gov/asset/hubble/abell-2744-frontier-field/,2013
,5,2,november-24-2014-andromeda-iii.jpg,Dwarf Galaxy Andromeda III,"Andromeda III is a faint, spheroidal collection of old, reddish stars, one of at least 13 dwarf satellite galaxies in orbit around the Andromeda galaxy.",https://science.nasa.gov/missions/hubble/hubble-observes-an-oddly-organized-satellite/,2014
,5,3,november-24-2014-abell-370.jpg,Galaxy Cluster Abell 370,"The galaxy cluster Abell 370 contains several hundred galaxies tied together by the mutual pull of gravity. Entangled among the galaxies are arcs of blue light, actually distorted and magnified images of remote galaxies behind the cluster.",https://science.nasa.gov/asset/hubble/abell-370/,2014
,5,4,november-24-2017-ic-2051.jpg,Spiral Galaxy IC 2051,"IC 2051 is a spiral galaxy, as evidenced by its characteristic whirling, pinwheeling arms, and has a bar of stars slicing through its center. Spiral galaxies like IC 2051 are shaped a bit like flying saucers when seen from the side.",https://science.nasa.gov/missions/hubble/hubbles-close-up-of-spirals-disk-bulge/,2017
,5,5,november-24-2017-ngc-3147.jpg,Spiral Galaxy NGC 3147,"The graceful, winding arms of the majestic spiral galaxy NGC 3147 appear like a grand spiral staircase. They are actually long lanes of young blue stars, pinkish nebulae, and dust in silhouette.",https://science.nasa.gov/asset/hubble/spiral-galaxy-ngc-3147/,2017
11/25/2019 0:00:00,5,1,november-25-2014-westerlund-2.jpg,Star Cluster Westerlund 2,"This image captures a giant cluster of about 3,000 stars called Westerlund 2. The cluster resides inside a vibrant stellar breeding ground known as Gum 29, located 20,000 light-years away in the constellation Carina.",https://science.nasa.gov/asset/hubble/nasa-unveils-celestial-fireworks-as-official-hubble-25th-anniversary-image/,2014
,5,2,november-25-1995-cleopatras-eye.jpg,Cleopatra's Eye,"Cleopatra’s Eye, or NGC 1535, is a planetary nebula with a dimmer outer region surrounding a brighter inner center. The dying star exhaled its outer layers into space as the core turned into a white dwarf star.",https://science.nasa.gov/missions/hubble/hubble-spies-eye-in-the-sky/,1995
,5,3,november-25-2024-andromeda-iii.jpg,Dwarf Galaxy Andromeda III,"Andromeda III is a faint, spheroidal collection of old, reddish stars, one of at least 13 dwarf satellite galaxies in orbit around the Andromeda galaxy.",https://science.nasa.gov/missions/hubble/hubble-observes-an-oddly-organized-satellite/,2024
,5,4,november-25-2021-hickson-compact-group-40.jpg,Hickson Compact Group 40,"Hickson Compact Group 40 is one of the most densely packed compact galaxy groups. Hubble snapped this image of the five close-knit galaxies, which are about 300 million light-years away!",https://science.nasa.gov/asset/hubble/hickson-compact-group-40/,2021
,5,5,november-25-2017-ngc3489.jpg,Lenticular Galaxy NGC 3489,"Lenticular galaxies like NGC 3489 exhibit traits of both spirals and ellipticals. They have a central bulge and a thin, circular disk, like spiral galaxies, but they lack arms. And like elliptical galaxies, they have older stars and little ongoing star formation.",https://science.nasa.gov/missions/hubble/hubble-observes-an-in-between-galaxy/,2017
11/26/2019 0:00:00,5,1,november-26-1998-galaxy-ngc-3079.jpg,Galaxy NGC 3079,"This image reveals the dramatic activities within the core of the galaxy NGC 3079, where a bubble of hot gas is rising from a cauldron of glowing material. The structure is more than 3,000 light-years wide and rises 3,500 light-years above the galaxy's disk.",https://science.nasa.gov/asset/hubble/burst-of-star-formation-drives-bubble-in-galaxy-ngc-3079s-core/,1998
,5,2,november-26-2016-j02263398.jpg,Ultra-Bright Galaxies J022633.98,"A jumble of misshapen-looking galaxies is punctuated by arcs, streaks, and smeared rings. These unusual features are the stretched shapes of the universe's brightest infrared galaxies, magnified and distorted by natural cosmic lenses.",https://science.nasa.gov/asset/hubble/hubble-gallery-of-ultra-bright-galaxies/,2016
,5,3,november-26-2020-ngc-261.jpg,Emission Nebula NGC 261,"The ionized gas blazing from within this diffuse region marks NGC 261 as an emission nebula. It is home to numerous stars hot enough to irradiate surrounding hydrogen gas, causing the cloud to emit a pinkish-red glow.",https://science.nasa.gov/missions/hubble/hubble-traces-star-formation-in-a-nearby-nebula/,2020
,5,4,november-26-2021-hickson-compact-group-40.jpg,Hickson Compact Group 40,"Hickson Compact Group 40 is one of the most densely packed compact galaxy groups. Hubble snapped this image of the five close-knit galaxies, which are about 300 million light-years away!",https://science.nasa.gov/asset/hubble/hickson-compact-group-40/,2021
,5,5,november-26-1998-aurora-at-jupiters-north-pole.jpg,Aurora at Jupiter's North Pole,"A curtain of glowing gas, called an aurora, wraps around Jupiter's north pole like a lasso. Aurorae are produced when high-energy electrons race along the planet's magnetic field and excite atmospheric gases, causing them to glow.",https://science.nasa.gov/asset/hubble/aurora-crowns-jupiters-north-pole/,1998
11/27/2019 0:00:00,5,1,november-27-2008-planetary-nebula-ngc-2818.jpg,Planetary Nebula NGC 2818,"The spectacular structure of the planetary nebula NGC 2818 contains the outer layers of a dying star that were expelled into interstellar space. Our own Sun will undergo a similar process, but not for another 5 billion years or so.",https://science.nasa.gov/asset/hubble/hubble-snaps-a-splendid-planetary-nebula/,2008
,5,2,november-27-1992-markarian-231.jpg,Interacting Galaxy Markarian 231,"A bright, star-like glow emanates from the center of interacting galaxy Markarian 231, the nearest quasar at 581 million light-years away. Quasars are powered by a central black hole that heats the gas around it to unleash tremendous energy.",https://science.nasa.gov/asset/hubble/quasar-host-galaxy-markarian-231/,1992
,5,3,november-27-2005-ngc-3021.jpg,Spiral Galaxy NGC 3021,Spiral galaxy NGC 3021 is home to Cepheid variable stars. These stars pulsate at a rate that is closely related to their intrinsic brightness. Astronomers use this information to calculate a galaxy’s distance.,https://science.nasa.gov/asset/hubble/cepheid-variable-stars-in-spiral-galaxy-ngc-3021/,2005
,5,4,november-27-2017-ngc-1559.jpg,Spiral Galaxy NGC 1559,"This magnificent barred spiral galaxy is NGC 1559. This picture is composed of a whopping 10 different Hubble images, from ultraviolet through visible light and into the near-infrared spectrum.",https://science.nasa.gov/missions/hubble/hubble-lights-the-way-with-new-multiwavelength-galaxy-view/,2017
,5,5,november-27-2013-abell-2744.jpg,Galaxy Cluster Abell 2744,"Abell 2744 contains several hundred galaxies and might be a pile-up of at least four smaller galaxy clusters. Abell 2744's strong gravitational field acts as a lens, distorting and magnifying the light of nearly 3,000 distant background galaxies.",https://science.nasa.gov/asset/hubble/hubble-uncovers-one-of-the-smallest-and-farthest-galaxies-in-the-universe/,2013
11/28/2019 0:00:00,5,1,november-28-2003-supernova-1987a.jpg,Supernova 1987A,"Many bright spots glow along a ring of gas like pearls on a necklace. These cosmic ""pearls"" are produced as a shock wave from a supernova called SN 1987A slams into the gas ring at more than a million miles per hour. The collision heats the ring, causing it to glow.",https://science.nasa.gov/asset/hubble/supersonic-shock-wave-heats-gas-ring-around-supernova-1987a-sn1987a/,2003
,5,2,november-28-2003-47-tucanae.jpg,Globular Cluster 47 Tucanae,"This image of the heart of the giant globular star cluster 47 Tucanae reveals the glow of 200,000 stars. Young white dwarfs ― the burned-out relics of stars that have used up their nuclear fuel, cooled down, and lost most of their mass ― are beginning to migrate outward.",https://science.nasa.gov/asset/hubble/white-dwarfs-migrating-from-globular-cluster-47-tucanaes-core/,2003
,5,3,november-28-2014-westerlund-2.jpg,Star Cluster Westerlund 2,"This image captures a giant cluster of about 3,000 stars called Westerlund 2. The cluster resides inside a vibrant stellar breeding ground known as Gum 29, located 20,000 light-years away in the constellation Carina.",https://science.nasa.gov/asset/hubble/nasa-unveils-celestial-fireworks-as-official-hubble-25th-anniversary-image/,2014
,5,4,november-28-2016-messier-87.jpg,Elliptical Galaxy Messier 87,"This image of the giant galaxy M87 shows a 3,000-light-year-long jet of plasma blasting from the galaxy's 6.5-billion-solar-mass central black hole. The jet seems to cause stars to erupt along its trajectory.",https://science.nasa.gov/asset/hubble/m87-4/,2016
,5,5,november-28-2013-abell-2744.jpg,Galaxy Cluster Abell 2744,"Abell 2744 contains several hundred galaxies and might be a pile-up of at least four smaller galaxy clusters. Abell 2744's strong gravitational field acts as a lens, distorting and magnifying the light of nearly 3,000 distant background galaxies.",https://science.nasa.gov/asset/hubble/hubble-uncovers-one-of-the-smallest-and-farthest-galaxies-in-the-universe/,2013
11/29/2019 0:00:00,5,1,november-29-1996-mars.jpg,Mars,Hubble took this image of Mars as part of a sequence tracking a storm near the planet's northern polar cap. The remnants of the storm are visible as salmon-colored streaks against the cap.,https://science.nasa.gov/solar-system/planets/mars/springtime-dust-storm-swirls-at-martian-north-pole/,1996
,5,2,november-29-2008-abell-1795.jpg,Galaxy Abell 1795,"Chains of star formation appear in a galaxy in ultraviolet light. Brilliant knots of hot, blue stars like these form along the jets of active black holes found in the centers of giant elliptical galaxies.",https://science.nasa.gov/missions/hubble/nasas-hubble-finds-evidence-of-galaxy-star-birth-regulated-by-black-hole-fountain/,2008
,5,3,november-29-2014-supernova-refsdal.jpg,Supernova Refsdal,"This massive cluster of galaxies is MACS J1149.6+2223. In this image, light from a distant supernova appears in four different places. The multiple supernova images are created as the exploding star's light is bent and magnified by the powerful gravity of a large galaxy in the cluster.",https://science.nasa.gov/asset/hubble/supernova-refsdal-and-galaxy-cluster-macs-j114962223/,2014
,5,4,november-29-2020-ngc-105.jpg,Spiral Galaxy NGC 105,"While it looks like the spiral galaxy NGC 105 is plunging edge-on into a neighboring galaxy, this is just a circumstance of perspective. NGC 105’s elongated neighbor is actually far more distant.",https://science.nasa.gov/missions/hubble/hubble-sees-cosmic-clues-in-a-galactic-duo/,2020
,5,5,november-29-2020-ngc-976.jpg,Spiral Galaxy NGC 976,"Despite its tranquil appearance, the spiral galaxy NGC 976 has played host to one of the most violent astronomical phenomena known: a supernova explosion. These violent events take place at the end of the lives of massive stars and can outshine entire galaxies for a short period.",https://science.nasa.gov/missions/hubble/hubble-views-a-tranquil-galaxy-with-an-explosive-past/,2020
11/30/2019 0:00:00,5,1,november-30-2014-westerlund-2.jpg,Star Cluster Westerlund 2,"This image captures a giant cluster of about 3,000 stars called Westerlund 2. The cluster resides inside a vibrant stellar breeding ground known as Gum 29, located 20,000 light-years away in the constellation Carina.",https://science.nasa.gov/asset/hubble/nasa-unveils-celestial-fireworks-as-official-hubble-25th-anniversary-image/,2014
,5,2,november-30-2005-ngc-3021.jpg,Spiral Galaxy NGC 3021,Spiral galaxy NGC 3021 is home to Cepheid variable stars. These stars pulsate at a rate that is closely related to their intrinsic brightness. Astronomers use this information to calculate a galaxy’s distance.,https://science.nasa.gov/asset/hubble/cepheid-variable-stars-in-spiral-galaxy-ngc-3021/,2005
,5,3,november-30-2025-comet-3i-atlas.jpg,Comet 3/I ATLAS,"After the interstellar comet 3I/ATLAS was first discovered and observed in July of 2025, it was later observed once again as it moved through our solar system. This image was taken by Hubble when the comet was 178 million miles (286 million kilometers) from Earth.",https://science.nasa.gov/blogs/3iatlas/2025/12/04/nasas-hubble-space-telescope-revisits-interstellar-comet/,2025
,5,4,november-30-2013-ngc-3447.jpg,Interacting Galaxy NGC 3447,"This pair of interacting galaxies is called NGC 3447. The two are strongly distorted by the gravitational forces between them, twisting them into the unusual shapes seen here. Astronomers are unsure what each looked like before they began to tear one another apart.",https://science.nasa.gov/missions/hubble/hubble-spots-two-interacting-galaxies-defying-cosmic-convention/,2013
,5,5,november-30-2014-macs-j04161-2403.jpg,Galaxy Cluster MACS J0416.1-2403,"Amid the bright light of its member galaxies, the galaxy cluster MACS J0416.1-2403 also emits a soft glow of ""intracluster light,"" produced by stars that are not part of any individual galaxy.",https://science.nasa.gov/asset/hubble/macs-j04161-2403-2/,2014
12/1/2019 0:00:00,5,1,december-1-2007-mars-on-dec-01.jpg,Mars,"Hubble captured this image of Mars soon before the planet made its closest approach to Earth in 2007. White clouds cover the north polar region. The long, dark feature to the lower left of center is the canyon system Valles Marineris.",https://science.nasa.gov/missions/hubble/mars-closest-approach-2007/,2007
,5,2,december-1-2019-arp-86.jpg,Interacting Galaxies Arp 86,"Arp 86 is a peculiar pair of interacting galaxies, composed of NGC 7753, the large spiral galaxy, and NGC 7752, its smaller companion. The gravitational dance between the two will eventually result in NGC 7752 being tossed out into intergalactic space or entirely engulfed by its larger neighbor.",https://science.nasa.gov/missions/hubble/hubble-watches-an-intergalactic-dance/,2019
,5,3,december-1-2013-ngc-7250.jpg,Irregular Galaxy NGC 7250,"The irregular galaxy NGC 7250 is home to bright bursts of star formation and recorded supernova explosions. It shares this image with the bright star TYC 3203-450-1, which appears so much brighter because it is around 7,500 times closer to us than NGC 7250.",https://science.nasa.gov/missions/hubble/hubbles-bright-shining-lizard-star/,2013
,5,4,december-1-2014-supernova-refsdal.jpg,Supernova Refsdal,"This massive cluster of galaxies is MACS J1149.6+2223. In this image, light from a distant supernova appears in four different places. The multiple supernova images are created as the exploding star's light is bent and magnified by the powerful gravity of a large galaxy in the cluster.",https://science.nasa.gov/asset/hubble/supernova-refsdal-and-galaxy-cluster-macs-j114962223/,2014
,5,5,december-1-2007-ngc-3021.jpg,Spiral Galaxy NGC 3021,Spiral galaxy NGC 3021 is home to Cepheid variable stars. These stars pulsate at a rate that is closely related to their intrinsic brightness. Astronomers use this information to calculate a galaxy’s distance.,https://science.nasa.gov/asset/hubble/cepheid-variable-stars-in-spiral-galaxy-ngc-3021/,2006
12/2/2019 0:00:00,5,1,december-2-2005-whirlpool-galaxy-in-infrared.jpg,Whirlpool Galaxy in Infrared,"This image reveals the Whirlpool galaxy's skeletal dust structure, as seen in infrared light. The red color in this infrared image traces the galaxy's dust, which is punctuated by hundreds of clumps of stars, each about 65 light-years wide.",https://science.nasa.gov/missions/hubble/the-two-faced-whirlpool-galaxy/,2005
,5,2,december-2-2017-ngc-4455.jpg,Spiral Galaxy NGC 4455,"This smattering of celestial sequins is a spiral galaxy named NGC 4455, though it doesn't resemble the more-common ""grand design"" spiral shape at first glance. The galaxy is about 45 million light-years away.",https://science.nasa.gov/missions/hubble/hubble-sights-galaxys-celestial-sequins/,2017
,5,3,december-2-2011-sn-wilson.jpg,Supernova Wilson in CANDELS Survey,"In this image of the Cosmic Assembly Near-infrared Deep Extragalactic Legacy Survey (CANDELS), astronomers found a supernova called SN UDS10Wil, nicknamed SN Wilson. It exploded over 10 billion years ago.",https://science.nasa.gov/asset/hubble/supernova-uds10wil-in-the-candels-ultra-deep-survey/,2011
,5,4,december-2-2017-ngc-4237.jpg,Spiral Galaxy NGC 4237,"NGC 4237 is classified as a flocculent spiral galaxy. This means that its spiral arms are not clearly distinguishable from each other, but are instead patchy and discontinuous. This gives the galaxy a tuft-like appearance, somewhat resembling fluffy cotton.",https://science.nasa.gov/missions/hubble/hubble-gazes-at-fluffy-looking-galaxy/,2017
,5,5,december-2-2020-ngc-1068.jpg,Spiral Galaxy NGC 1068,"Hydrogen clouds at the center of barred spiral galaxy NGC 1068 are glowing because they are caught in a ""searchlight"" of radiation beamed out of the galaxy's black hole, which is larger and more active than the black hole in the heart of our galaxy.",https://science.nasa.gov/asset/hubble/black-hole-driven-outflow-from-active-galaxy-ngc-1068/,2020
12/3/2019 0:00:00,5,1,december-3-2009-nebula-and-star-cluster-ngc-3603.jpg,Nebula and Star Cluster NGC 3603,"In NGC 3603, a glittering cluster of stars is surrounded by clouds of gas and dust. The cluster contains some of the most massive stars known. These huge stars live fast and die young, ultimately ending their lives in supernova explosions.",https://science.nasa.gov/asset/hubble/starburst-cluster-shows-celestial-fireworks/,2009
,5,2,december-3-2009-messier-106.jpg,Spiral Galaxy Messier 106,"A striking feature of M106 is its extra pair of arms. Most spiral galaxies only have one pair of arms, but M106 has an extra set, seen here as red wisps of gas. Unlike the other arms, these two extra arms are made up of hot gas rather than stars.",https://science.nasa.gov/mission/hubble/science/explore-the-night-sky/hubble-messier-catalog/messier-106/,2009
,5,3,december-3-2010-lrll-54361.jpg,LRLL 54361 Light Echo,"A pulse of light emanates from the protostellar object LRLL 54361, a mysterious infant star that behaves like a police strobe light. The extent and shape of the scattered light changes substantially over a 25.34-day period.",https://science.nasa.gov/asset/hubble/protostar-lrll-54361/,2010
,5,4,december-3-2005-i-zwicky-18.jpg,Irregular Galaxy I Zwicky 18,"This galaxy's youthful appearance resembles galaxies typically found in the early universe. However, Hubble found faint, older stars within it, suggesting that the galaxy may have formed at the same time as most other galaxies.",https://science.nasa.gov/asset/hubble/hubble-finds-mature-galaxy-masquerading-as-toddler/,2005
,5,5,december-3-2017-ngc-4380.jpg,Spiral Galaxy NGC 4380,"The galaxy NGC 4380 looks straight out of a science fiction film, swirling like a gaping portal to another dimension. In the grand scheme of things, though, it is actually quite ordinary. Spiral galaxies like NGC 4380 are common in the universe.",https://science.nasa.gov/missions/hubble/hubble-snags-starry-galaxy/,2017
12/4/2019 0:00:00,5,1,december-4-2002-andromeda-galaxy-halo.jpg,Andromeda Galaxy Halo,"This image captures the light from 300,000 stars (and a star cluster) in the Andromeda galaxy's halo, a vast spherical cloud of stars surrounding the galaxy's bright disk. Also embedded in the image are many background galaxies that are much farther away.",https://science.nasa.gov/asset/hubble/young-and-old-stars-found-in-andromedas-halo/,2002
,5,2,december-4-2007-ngc-3021.jpg,Spiral Galaxy NGC 3021,Spiral galaxy NGC 3021 is home to Cepheid variable stars. These stars pulsate at a rate that is closely related to their intrinsic brightness. Astronomers use this information to calculate a galaxy’s distance.,https://science.nasa.gov/asset/hubble/cepheid-variable-stars-in-spiral-galaxy-ngc-3021/,2005
,5,3,december-4-2001-grasshopper-galaxies.jpg,The Grasshopper Galaxies,"UGC 4881, known as the ""The Grasshopper,"" is a stunning system of two colliding galaxies. The galaxies are thought to be halfway through a merger; the cores of the parent galaxies are still clearly separated, but their disks are overlapping.",https://science.nasa.gov/asset/hubble/hubble-interacting-galaxy-ugc-4881/,2001
,5,4,december-4-2004-supernova-remnant-cassiopeia-a.jpg,Supernova Remnant Cassiopeia A,"The tattered remains of a supernova explosion known as Cassiopeia A is located in the Milky Way some 10,000 light-years away from Earth.",https://science.nasa.gov/missions/hubble/cassiopeia-a-the-colorful-aftermath-of-a-violent-stellar-death/,2004
,5,5,december-4-2024-ngc-4535.jpg,Spiral Galaxy NGC 4535,"The galaxy NGC 4535’s young star clusters dot its spiral arms. Glowing-pink clouds surround many of these bright-blue star groupings. These clouds are a sign that the galaxy is home to especially young, hot, and massive stars.",https://science.nasa.gov/missions/hubble/hubble-seeks-clusters-in-lost-galaxy/,2024
12/5/2019 0:00:00,5,1,december-5-2019-spiral-galaxy-m81.jpg,Spiral Galaxy Messier 81,"The arms of the ""grand design"" spiral galaxy M81 are filled with young, bluish, hot stars. The greenish regions in the image are bright, gaseous clouds where new stars are forming.",https://science.nasa.gov/asset/hubble/hubble-photographs-grand-design-spiral-galaxy-m81/,2005
,5,2,december-5-2014-supernova-refsdal.jpg,Supernova Refsdal,"This massive cluster of galaxies is MACS J1149.6+2223. In this image, light from a distant supernova appears in four different places. The multiple supernova images are created as the exploding star's light is bent and magnified by the powerful gravity of a large galaxy in the cluster.",https://science.nasa.gov/asset/hubble/supernova-refsdal-and-galaxy-cluster-macs-j114962223/,2014
,5,3,december-5-2009-messier-106.jpg,Spiral Galaxy Messier 106,"A striking feature of M106 is its extra pair of arms. Most spiral galaxies only have one pair of arms, but M106 has an extra set, seen here as red wisps of gas. Unlike the other arms, these two extra arms are made up of hot gas rather than stars.",https://science.nasa.gov/mission/hubble/science/explore-the-night-sky/hubble-messier-catalog/messier-106/,2009
,5,4,december-5-2019-ugca-307.jpg,Dwarf Galaxy UGCA 307,"Appearing as just a small patch of stars, UGCA 307 is a diminutive dwarf galaxy without a defined structure, resembling nothing more than a hazy patch of passing cloud.",https://science.nasa.gov/missions/hubble/hubble-sees-a-diminutive-dwarf-galaxy/,2019
,5,5,december-5-2020-jw100.jpg,Jellyfish Galaxy JW100,"The streams of star-forming gas dripping from the disk of the galaxy JW100 bear a resemblance to dangling tentacles, leading astronomers to refer to it as a ‘jellyfish’ galaxy.",https://science.nasa.gov/missions/hubble/hubble-snaps-a-galactic-jellyfish/,2020
12/6/2019 0:00:00,5,1,december-6-2006-supernova-1987a.jpg,Supernova 1987A,"This image shows the remnant of Supernova 1987A, a stellar explosion in a nearby galaxy that astronomers witnessed in 1987. A shock wave of material unleashed by the stellar blast is slamming into a surrounding ring of gas, causing it to glow.",https://science.nasa.gov/missions/hubble/new-hubble-observations-of-supernova-1987a-trace-shock-wave/,2006
,5,2,december-6-2019-ngc-4654.jpg,Intermediate Spiral Galaxy NGC 4654,"Intermediate spiral galaxy NGC 4654 interacted gravitationally with a companion galaxy about 500 million years ago that stripped gas along its edge, limiting star formation in that region and causing the asymmetrical distribution of the galaxy’s stars.",https://science.nasa.gov/missions/hubble/hubble-views-a-vibrant-virgo-cluster-galaxy/,2019
,5,3,december-6-2005-messier-82.jpg,Heart of Messier 82,"This image features the star-powered heart of the starburst galaxy M82, home to brilliant stars whose light is shaded by sculptural clouds made of clumps and streaks of dust and gas. The galaxy forms stars 10 times faster than our Milky Way Galaxy.",https://science.nasa.gov/missions/hubble/hubble-images-celestial-cigars-smoldering-heart/,2005
,5,4,december-6-2003-hudf.jpg,Hubble Ultra Deep Field,"This view of nearly 10,000 galaxies is the deepest visible-light image of the cosmos. Called the Hubble Ultra Deep Field, this galaxy-studded view represents a ""deep"" core sample of the universe, cutting across billions of light-years.",https://science.nasa.gov/asset/hubble/hubble-ultra-deep-field-image-reveals-galaxies-galore/,2003
,5,5,december-6-2005-spiral-galaxy-m81.jpg,Spiral Galaxy Messier 81,"The arms of the ""grand design"" spiral galaxy M81 are filled with young, bluish, hot stars. The greenish regions in the image are bright, gaseous clouds where new stars are forming.",https://science.nasa.gov/asset/hubble/hubble-photographs-grand-design-spiral-galaxy-m81/,2005
12/7/2019 0:00:00,5,1,december-7-1995-southern-ring-nebula.jpg,Southern Ring Nebula,"This image of the Southern Ring Nebula clearly shows two stars near the center of the nebula: a bright, white one, and a fainter companion to its upper right. The faint star is actually the star that has ejected the material that forms the nebula.",https://science.nasa.gov/asset/hubble/a-glowing-pool-of-light-planetary-nebula-ngc-3132/,1995
,5,2,december-7-2010-lrll-54361.jpg,LRLL 54361 Light Echo,"A pulse of light emanates from the protostellar object LRLL 54361, a mysterious infant star that behaves like a police strobe light. The extent and shape of the scattered light changes substantially over a 25.34-day period.",https://science.nasa.gov/asset/hubble/protostar-lrll-54361/,2010
,5,3,december-7-2019-ngc-4536.jpg,Spiral Galaxy NGC 4536,"Sweeping spiral arms extend from NGC 4536, littered with bright blue clusters of star formation, red hydrogen gas, and dark dust lanes. The galaxy is an “intermediate galaxy,” a hybrid between an unbarred and barred spiral.",https://science.nasa.gov/missions/hubble/hubble-spies-a-spectacular-starburst-galaxy/,2019
,5,4,december-7-2007-mars.jpg,Mars,"In December 2007, Mars had its closest approach to Earth and was opposite the Sun in our sky within a week of each other. This meant that Mars was very bright and appeared slightly larger than normal.",https://science.nasa.gov/missions/hubble/mars-closest-approach-2007/,2007
,5,5,december-7-2005-spiral-galaxy-m81.jpg,Spiral Galaxy Messier 81,"The arms of the ""grand design"" spiral galaxy M81 are filled with young, bluish, hot stars. The greenish regions in the image are bright, gaseous clouds where new stars are forming.",https://science.nasa.gov/asset/hubble/hubble-photographs-grand-design-spiral-galaxy-m81/,2005
12/8/2019 0:00:00,5,1,december-8-2006-supernova-1987a.jpg,Supernova 1987A,"This image shows the remnant of Supernova 1987A, a stellar explosion in a nearby galaxy that astronomers witnessed in 1987. A shock wave of material unleashed by the stellar blast is slamming into a surrounding ring of gas, causing it to glow.",https://science.nasa.gov/missions/hubble/new-hubble-observations-of-supernova-1987a-trace-shock-wave/,2006
,5,2,december-8-2007-ngc-3021.jpg,Spiral Galaxy NGC 3021,Spiral galaxy NGC 3021 is home to Cepheid variable stars. These stars pulsate at a rate that is closely related to their intrinsic brightness. Astronomers use this information to calculate a galaxy’s distance.,https://science.nasa.gov/asset/hubble/cepheid-variable-stars-in-spiral-galaxy-ngc-3021/,2005
,5,3,december-8-2014-abell-370.jpg,Galaxy Cluster Abell 370,"The galaxy cluster Abell 370 contains several hundred galaxies tied together by the mutual pull of gravity. Entangled among the galaxies are arcs of blue light, actually magnified and distorted images of remote galaxies behind the cluster.",https://science.nasa.gov/asset/hubble/abell-370/,2014
,5,4,december-8-2006-ngc-4163.jpg,Dwarf Galaxy NGC 4163,"This image shows a swarm of young, blue stars in the diffuse dwarf irregular galaxy NGC 4163. NGC 4163 is a member of a group of dwarf galaxies near our own Milky Way.",https://science.nasa.gov/asset/hubble/hubble-snaps-close-up-views-of-diverse-galaxies/,2006
,5,5,december-8-2005-spiral-galaxy-m81.jpg,Spiral Galaxy Messier 81,"The arms of the ""grand design"" spiral galaxy M81 are filled with young, bluish, hot stars. The greenish regions in the image are bright, gaseous clouds where new stars are forming.",https://science.nasa.gov/asset/hubble/hubble-photographs-grand-design-spiral-galaxy-m81/,2005
12/9/2019 0:00:00,5,1,december-9-2006-supernova-1987a.jpg,Supernova 1987A,"This image shows the remnant of Supernova 1987A, a stellar explosion in a nearby galaxy that astronomers witnessed in 1987. A shock wave of material unleashed by the stellar blast is slamming into a surrounding ring of gas, causing it to glow.",https://science.nasa.gov/missions/hubble/new-hubble-observations-of-supernova-1987a-trace-shock-wave/,2006
,5,2,december-9-2013-30-doradus-nebula-infrared.jpg,30 Doradus Nebula,"Glowing hydrogen clouds and dark filamentary dust structures are visible in this close-up infrared view of a star-birth region called the 30 Doradus Nebula. The giant stellar factory lies 170,000 light-years away inside the Large Magellanic Cloud.",https://science.nasa.gov/asset/hubble/30-doradus-nebula-visible-and-infrared-comparison/,2013
,5,3,december-9-2003-hudf.jpg,Hubble Ultra Deep Field,"This view of nearly 10,000 galaxies is the deepest visible-light image of the cosmos. Called the Hubble Ultra Deep Field, this galaxy-studded view represents a ""deep"" core sample of the universe, cutting across billions of light-years.",https://science.nasa.gov/asset/hubble/hubble-ultra-deep-field-image-reveals-galaxies-galore/,2003
,5,4,december-9-2023-arp-105.jpg,Interacting Galaxies Arp 105,"Arp 105 is a dazzling ongoing merger between an elliptical galaxy, NGC 3561B, and a spiral galaxy, NGC 3561A, drawn together by gravity. It is characterized by a long, drawn out tidal tail of stars and gas.",https://science.nasa.gov/centers-and-facilities/goddard/hubble-jams-with-a-cosmic-guitar/,2023
,5,5,december-9-2019-messier-91.jpg,Spiral Galaxy Messier 91,"M91, as is evident in this image, is a barred spiral galaxy. While M91’s prominent bar makes for a spectacular galactic portrait, it also hides an astronomical monstrosity. Like our own galaxy, M91 contains a supermassive black hole at its center.",https://science.nasa.gov/missions/hubble/hubble-snaps-a-spectacular-spiral/,2019
12/10/2019 0:00:00,5,1,december-10-2019-spiral-galaxy-m81.jpg,Spiral Galaxy Messier 81,"The arms of the ""grand design"" spiral galaxy M81 are filled with young, bluish, hot stars. The greenish regions in the image are bright, gaseous clouds where new stars are forming.",https://science.nasa.gov/asset/hubble/hubble-photographs-grand-design-spiral-galaxy-m81/,2005
,5,2,december-10-2014-abell-370.jpg,Galaxy Cluster Abell 370,"The galaxy cluster Abell 370 contains several hundred galaxies tied together by the mutual pull of gravity. Entangled among the galaxies are arcs of blue light, actually magnified and distorted images of remote galaxies behind the cluster.",https://science.nasa.gov/asset/hubble/abell-370/,2014
,5,3,december-10-2015-arp-308.jpg,Galaxy Pair Arp 308,"This pair consists of elliptical galaxy NGC 547 and companion galaxy NGC 545. NGC 547 (center) is a bright radio galaxy, meaning it has giant regions of radio emission extending well beyond its visible structure.",https://science.nasa.gov/missions/hubble/hubble-spots-an-energetic-galaxy/,2015
,5,4,december-10-2007-ngc-3021.jpg,Spiral Galaxy NGC 3021,Spiral galaxy NGC 3021 is home to Cepheid variable stars. These stars pulsate at a rate that is closely related to their intrinsic brightness. Astronomers use this information to calculate a galaxy’s distance.,https://science.nasa.gov/asset/hubble/cepheid-variable-stars-in-spiral-galaxy-ngc-3021/,2006
,5,5,december-10-2003-hudf.jpg,Hubble Ultra Deep Field,"This view of nearly 10,000 galaxies is the deepest visible-light image of the cosmos. Called the Hubble Ultra Deep Field, this galaxy-studded view represents a ""deep"" core sample of the universe, cutting across billions of light-years.",https://science.nasa.gov/asset/hubble/hubble-ultra-deep-field-image-reveals-galaxies-galore/,2003
12/11/2019 0:00:00,5,1,december-11-2019-spiral-galaxy-m81.jpg,Spiral Galaxy Messier 81,"The arms of the ""grand design"" spiral galaxy M81 are filled with young, bluish, hot stars. The greenish regions in the image are bright, gaseous clouds where new stars are forming.",https://science.nasa.gov/asset/hubble/hubble-photographs-grand-design-spiral-galaxy-m81/,2005
,5,2,december-11-2014-supernova-refsdal.jpg,Supernova Refsdal,"This massive cluster of galaxies is MACS J1149.6+2223. In this image, light from a distant supernova appears in four different places. The multiple supernova images are created as the exploding star's light is bent and magnified by the powerful gravity of a large galaxy in the cluster.",https://science.nasa.gov/asset/hubble/supernova-refsdal-and-galaxy-cluster-macs-j114962223/,2014
,5,3,december-11-2010-lrll-54361.jpg,LRLL 54361 Light Echo,"A pulse of light emanates from the protostellar object LRLL 54361, a mysterious infant star that behaves like a police strobe light. The extent and shape of the scattered light changes substantially over a 25.34-day period.",https://science.nasa.gov/asset/hubble/protostar-lrll-54361/,2010
,5,4,december-11-2004-omega-centauri.jpg,Omega Centauri,Omega Centauri consists of roughly 10 million stars that are gravitationally bound. The cluster is about 10 times as massive as other big globular clusters – almost as massive as a small galaxy.,https://science.nasa.gov/asset/hubble/omega-centauri-2/,2004
,5,5,december-11-2022-arp-263.jpg,Irregular Galaxy Arp 263,"Arp 263 is a patchy, irregular galaxy studded with regions of recent star formation, and astronomers believe that its ragged appearance is due to its origins as the merger of two galaxies. It is being ""photobombed"" by the bright star BD+17 2217.",https://science.nasa.gov/missions/hubble/hubble-images-a-starstruck-galaxy/,2022
12/12/2019 0:00:00,5,1,december-12-2005-SDSS-J1004-4112.jpg,Galaxy Cluster SDSS J1004+4112,"This picture captures a galaxy cluster called SDSS J1004+4112 that's so massive that its gravity bends and magnifies light from galaxies behind it. The light of a distant quasar (the brilliant core of an active galaxy) has been bent around the cluster, appearing in five places in this image.",https://science.nasa.gov/asset/hubble/hubble-captures-a-five-star-rated-gravitational-lens/,2005
,5,2,december-12-2007-ngc-3021.jpg,Spiral Galaxy NGC 3021,Spiral galaxy NGC 3021 is home to Cepheid variable stars. These stars pulsate at a rate that is closely related to their intrinsic brightness. Astronomers use this information to calculate a galaxy’s distance.,https://science.nasa.gov/asset/hubble/cepheid-variable-stars-in-spiral-galaxy-ngc-3021/,2005
,5,3,december-12-2003-flame-nebula.jpg,Flame Nebula,"The Flame Nebula or NGC 2024 is a large star-forming region in the constellation Orion that lies about 1,400 light-years from Earth.",https://science.nasa.gov/missions/hubble/hubble-finds-flame-nebulas-searing-stars-may-halt-planet-formation/,2003
,5,4,december-12-2000-blue-snowball-nebula.jpg,Blue Snowball Nebula,"Caldwell 22 (C22), nicknamed the Blue Snowball Nebula, is a planetary nebula located about 2,500 light-years from Earth. Nebulae like these represent a stage in evolution that stars like our Sun undergo when they run out of fuel.",https://science.nasa.gov/mission/hubble/science/explore-the-night-sky/hubble-caldwell-catalog/caldwell-22/,2000
,5,5,december-12-2019-ngc-4571.jpg,Spiral Galaxy NGC 4571,"This cosmic portrait shows a stunning view of the majestic spiral galaxy NGC 4571, which lies approximately 60 million light-years from Earth. NGC 4571 is part of the Virgo cluster, which contains more than a thousand galaxies.",https://science.nasa.gov/missions/hubble/hubble-spies-a-stunning-spiral-qrcyn/,2019
12/13/2019 0:00:00,5,1,december-13-2018-comet-wirtanen.jpg,Comet Wirtanen,"In this image, the nucleus of comet 46P/Wirtanen is hidden in the center of a fuzzy glow from the comet's coma. The coma is a cloud of gas and dust that the comet has ejected as it is heated by the Sun during its passage through the inner solar system.",https://science.nasa.gov/asset/hubble/comet-46pwirtanen/,2018
,5,2,december-13-2013-p2013-r3.jpg,Asteroid P/2013 R3,This image shows an asteroid called P/2013 R3 as it was breaking apart. The asteroid's fragments were slowly drifting away from each other and had tails of dust pushed back by the pressure of sunlight.,https://science.nasa.gov/missions/hubble/hubble-witnesses-an-asteroid-mysteriously-disintegrating/,2013
,5,3,december-13-2005-sdss-j1004-4112.jpg,Gravitational Lens SDSS J1004+4112,"The five star-like, blue-white points of light near the center of the image are the light from a single distant quasar, the bright core of a galaxy 10 billion light-years away. The quasar is magnified and replicated by the galaxy cluster 7 billion light-years distant.",https://science.nasa.gov/asset/hubble/hubble-captures-a-five-star-rated-gravitational-lens/,2005
,5,4,december-13-2001-ngc-604.jpg,Star-Forming Nebula NGC 604,"This festively colorful nebula, called NGC 604, is one of the largest known regions of star birth in the nearby Messier 33, the Triangulum Galaxy. The bright stars in NGC 604 are extremely young, having formed a mere 3 million years ago.",https://science.nasa.gov/asset/hubble/firestorm-of-star-birth-in-galaxy-m33/,2001
,5,5,december-13-2021-sdsscgb-10189.jpg,Merging Galaxies SDSSCGB 10189,"These three galaxies, together known as SDSSCGB 10189, are set on a collision course and will eventually merge into a single larger galaxy, distorting one another’s spiral structures through mutual gravitational interaction.",https://science.nasa.gov/missions/hubble/hubble-views-a-merging-galactic-trio/,2021
12/14/2019 0:00:00,5,1,december-14-2014-supernova-refsdal.jpg,Supernova Refsdal,"This massive cluster of galaxies is MACS J1149.6+2223. In this image, light from a distant supernova appears in four different places. The multiple supernova images are created as the exploding star's light is bent and magnified by the powerful gravity of a large galaxy in the cluster.",https://science.nasa.gov/asset/hubble/supernova-refsdal-and-galaxy-cluster-macs-j114962223/,2014
,5,2,december-14-2006-ngc-4911.jpg,Spiral Galaxy NGC 4911,"Spiral galaxy NGC 4911 contains rich lanes of dust and gas near its center, silhouetted against glowing newborn star clusters and pink clouds of hydrogen. The galaxy's outer spiral arms are being distorted by forces from a companion galaxy, NGC 4911A (upper right).",https://science.nasa.gov/asset/hubble/spiral-galaxy-ngc-4911-in-the-coma-cluster/,2006
,5,3,december-14-2010-andromeda-galaxy.jpg,Andromeda Galaxy,"Over 100 million stars are on display in this portion of the Andromeda galaxy, located over 2 million light-years away. This portrait of our galactic neighbor uses 7,398 exposures taken over 411 individual pointings of the telescope.",https://science.nasa.gov/asset/hubble/hubble-m31-phat-mosaic/,2010
,5,4,december-14-2001-ngc-604.jpg,Star-Forming Nebula NGC 604,"This festively colorful nebula, called NGC 604, is one of the largest known regions of star birth in the nearby Messier 33, the Triangulum Galaxy. The bright stars in NGC 604 are extremely young, having formed a mere 3 million years ago.",https://science.nasa.gov/asset/hubble/firestorm-of-star-birth-in-galaxy-m33/,2001
,5,5,december-14-2012-omega-centauri.jpg,Omega Centauri,Omega Centauri consists of roughly 10 million stars that are gravitationally bound. The cluster is about 10 times as massive as other big globular clusters – almost as massive as a small galaxy.,https://science.nasa.gov/asset/hubble/omega-centauri-2/,2012
12/15/2019 0:00:00,5,1,december-15-2019-spiral-galaxy-m81.jpg,Spiral Galaxy Messier 81,"The arms of the ""grand design"" spiral galaxy M81 are filled with young, bluish, hot stars. The greenish regions in the image are bright, gaseous clouds where new stars are forming.",https://science.nasa.gov/asset/hubble/hubble-photographs-grand-design-spiral-galaxy-m81/,2005
,5,2,december-15-2010-lrll-54361.jpg,LRLL 54361 Light Echo,"A pulse of light emanates from the protostellar object LRLL 54361, a mysterious infant star that behaves like a police strobe light. The extent and shape of the scattered light changes substantially over a 25.34-day period.",https://science.nasa.gov/asset/hubble/protostar-lrll-54361/,2010
,5,3,december-15-2014-abell-370.jpg,Galaxy Cluster Abell 370,"The galaxy cluster Abell 370 contains several hundred galaxies tied together by the mutual pull of gravity. Entangled among the galaxies are arcs of blue light, actually magnified and distorted images of remote galaxies behind the cluster.",https://science.nasa.gov/asset/hubble/abell-370/,2014
,5,4,december-15-2012-30-doradus-nebula-infrared.jpg,30 Doradus Nebula,"Glowing hydrogen clouds and dark filamentary dust structures are visible in this close-up infrared view of a star-birth region called the 30 Doradus Nebula. The giant stellar factory lies 170,000 light-years away inside the Large Magellanic Cloud.",https://science.nasa.gov/asset/hubble/30-doradus-nebula-visible-and-infrared-comparison/,2012
,5,5,december-15-2003-hudf.jpg,Hubble Ultra Deep Field,"This view of nearly 10,000 galaxies is the deepest visible-light image of the cosmos. Called the Hubble Ultra Deep Field, this galaxy-studded view represents a ""deep"" core sample of the universe, cutting across billions of light-years.",https://science.nasa.gov/asset/hubble/hubble-ultra-deep-field-image-reveals-galaxies-galore/,2003
12/16/2019 0:00:00,5,1,december-16-2002-andromeda-galaxy-halo.jpg,Andromeda Galaxy Halo,"This image captures the light from 300,000 stars (and a star cluster) in the Andromeda galaxy's halo, a vast spherical cloud of stars surrounding the galaxy's bright disk. Also embedded in the image are many background galaxies that are much farther away.",https://science.nasa.gov/asset/hubble/young-and-old-stars-found-in-andromedas-halo/,2002
,5,2,december-16-2006-ngc-4911.jpg,Spiral Galaxy NGC 4911,"Spiral galaxy NGC 4911 contains rich lanes of dust and gas near its center, silhouetted against glowing newborn star clusters and pink clouds of hydrogen. The galaxy's outer spiral arms are being distorted by forces from a companion galaxy, NGC 4911A (upper right).",https://science.nasa.gov/asset/hubble/spiral-galaxy-ngc-4911-in-the-coma-cluster/,2006
,5,3,december-16-2005-caldwell-5.jpg,Spiral Galaxy Caldwell 5,"This image of spiral galaxy IC 342, also known as C5, shows a sparkling, face-on view of the center of the galaxy. Intertwined tendrils of dust in spectacular arms wrap around a brilliant core of hot gas and stars.",https://science.nasa.gov/missions/hubble/hubble-spies-a-hidden-galaxy/,2005
,5,4,december-16-1998-messier-15.jpg,Globular Cluster Messier 15,"Nestled among the stars of M15 is an astronomical oddity. The pinkish object to the upper left of the cluster's core is a gas cloud surrounding a dying star. Known as Kuestner 648, this was the first planetary nebula found in a globular cluster.",https://science.nasa.gov/asset/hubble/a-dying-star-in-globular-cluster-m15/,1998
,5,5,december-16-2022-vega-disk.jpg,Vega's Circumstellar Disk,"The summer star Vega is encircled by a nearly 100-billion-mile-diameter disk of debris, known as a circumstellar disk, that's far more smooth than those we see in many other young star systems.",https://science.nasa.gov/missions/hubble/nasas-hubble-webb-probe-surprisingly-smooth-disk-around-vega/,2022
12/17/2019 0:00:00,5,1,december-17-2010-interacting-galaxies-arp-273.jpg,Interacting Galaxies Arp 273,"Arp 273 is of a pair of interacting galaxies that form a shape resembling a rose. The larger of the spiral galaxies, known as UGC 1810, has a disk that is distorted by the gravitational pull of the galaxy below it, known as UGC 1813.",https://science.nasa.gov/asset/hubble/a-rose-made-of-galaxies-highlights-hubbles-21st-anniversary/,2010
,5,2,december-17-2009-messier-106.jpg,Spiral Galaxy Messier 106,"A striking feature of M106 is its extra pair of arms. Most spiral galaxies only have one pair of arms, but M106 has an extra set, seen here as red wisps of gas. Unlike the other arms, these two extra arms are made up of hot gas rather than stars.",https://science.nasa.gov/mission/hubble/science/explore-the-night-sky/hubble-messier-catalog/messier-106/,2009
,5,3,december-17-2007-ngc-3021.jpg,Spiral Galaxy NGC 3021,Spiral galaxy NGC 3021 is home to Cepheid variable stars. These stars pulsate at a rate that is closely related to their intrinsic brightness. Astronomers use this information to calculate a galaxy’s distance.,https://science.nasa.gov/asset/hubble/cepheid-variable-stars-in-spiral-galaxy-ngc-3021/,2005
,5,4,december-17-2002-v838-monocerotis.jpg,V838 Monocerotis Light Echo,"This image captures a light echo from the star V838 Monocerotis. After the star brightened temporarily, light from that eruption began propagating outward through a dusty cloud around the star. The light reflects or ""echoes"" off the dust and then travels to Earth.",https://science.nasa.gov/asset/hubble/flash-from-star-v838-monocerotis-echoes-through-space/,2002
,5,5,december-17-1995-hodge-301.jpg,Star Cluster Hodge 301,"Hodge 301 (lower right corner) is the most active starburst region in the local universe. This cluster of massive stars is part of the Tarantula Nebula. Many of the stars have exploded as supernovae, unleashing material that plows into the nebula and creates the filaments and sheets to the left.",https://science.nasa.gov/asset/hubble/the-hodge-301-cluster-multiple-generations-of-stars-in-the-tarantula-nebula/,1995
12/18/2019 0:00:00,5,1,december-18-1995-hubble-deep-field.jpg,Hubble Deep Field,"Called the Hubble Deep Field, this image captures several hundred galaxies that had never been seen before. Some galaxies are near and some are very far. Their various shapes and colors provide clues about the evolution of the universe.",https://science.nasa.gov/asset/hubble/hubble-deep-field-image-unveils-myriad-galaxies-back-to-the-beginning-of-time/,1995
,5,2,december-18-1998-messier-15.jpg,Globular Cluster Messier 15,"Nestled among the stars of M15 is an astronomical oddity. The pinkish object to the upper left of the cluster's core is a gas cloud surrounding a dying star. Known as Kuestner 648, this was the first planetary nebula found in a globular cluster.",https://science.nasa.gov/asset/hubble/a-dying-star-in-globular-cluster-m15/,1998
,5,3,december-18-2010-lrll-54361.jpg,LRLL 54361 Light Echo,"A pulse of light emanates from the protostellar object LRLL 54361, a mysterious infant star that behaves like a police strobe light. The extent and shape of the scattered light changes substantially over a 25.34-day period.",https://science.nasa.gov/asset/hubble/protostar-lrll-54361/,2010
,5,4,december-18-2018-ngc-2298.jpg,Globular Cluster NGC 2298,"Globular clusters like NGC 2298, a sparkling collection of thousands of stars held together by mutual gravitational attraction, are typically home to older populations of stars.",https://science.nasa.gov/missions/hubble/stars-sparkle-in-new-hubble-image/,2018
,5,5,december-18-2020-jw39.jpg,Jellyfish Galaxy JW39,"Despite jellyfish galaxy JW39’s serene appearance, it is adrift in a ferociously hostile environment: a galaxy cluster. Galaxies in galaxy clusters are often distorted by the gravitational pull of larger neighbors, twisting them into a variety of shapes.",https://science.nasa.gov/missions/hubble/hubble-captures-a-drifting-galaxy/,2020
12/19/2019 0:00:00,5,1,december-19-1995-hubble-deep-field.jpg,Hubble Deep Field,"Called the Hubble Deep Field, this image captures several hundred galaxies that had never been seen before. Some galaxies are near and some are very far. Their various shapes and colors provide clues about the evolution of the universe.",https://science.nasa.gov/asset/hubble/hubble-deep-field-image-unveils-myriad-galaxies-back-to-the-beginning-of-time/,1995
,5,2,december-19-2012-idcs-j1426-5-3508.jpg,Galaxy Cluster IDCS J1426.5+3508,"The light we observe from this rare, extremely massive young galaxy cluster, IDCS 1426, left the cluster when the universe was less than a third of its current age.",https://science.nasa.gov/asset/hubble/hubble-chandra-spitzer-composite-of-massive-galaxy-cluster-idcs-j142653508/,2012
,5,3,december-19-1998-messier-15.jpg,Globular Cluster Messier 15,"Nestled among the stars of M15 is an astronomical oddity. The pinkish object to the upper left of the cluster's core is a gas cloud surrounding a dying star. Known as Kuestner 648, this was the first planetary nebula found in a globular cluster.",https://science.nasa.gov/asset/hubble/a-dying-star-in-globular-cluster-m15/,1998
,5,4,december-19-2023-messier-90.jpg,Spiral Galaxy Messier 90,"M90 is a bright, beautiful spiral galaxy that is expected to evolve into a lenticular, or ""lens-shaped,"" galaxy. It is one of very few galaxies in the universe that is moving closer to our Milky Way Galaxy instead of farther away.",https://science.nasa.gov/mission/hubble/science/explore-the-night-sky/hubble-messier-catalog/messier-90/,2023
,5,5,december-19-2022-asteroid-dimorphos.jpg,Asteroid Dimorphos,This image of the asteroid Dimorphos was taken nearly four months after the asteroid was impacted by NASA's Double Asteroid Redirection Test (DART) mission.,https://science.nasa.gov/missions/hubble/hubble-sees-boulders-escaping-from-asteroid-dimorphos/,2022
12/20/2019 0:00:00,5,1,december-20-1998-messier-15.jpg,Globular Cluster Messier 15,"Nestled among the stars of M15 is an astronomical oddity. The pinkish object to the upper left of the cluster's core is a gas cloud surrounding a dying star. Known as Kuestner 648, this was the first planetary nebula found in a globular cluster.",https://science.nasa.gov/asset/hubble/a-dying-star-in-globular-cluster-m15/,1998
,5,2,december-20-2010-andromeda-galaxy.jpg,Andromeda Galaxy,"Over 100 million stars are on display in this portion of the Andromeda galaxy, located over 2 million light-years away. This portrait of our galactic neighbor uses 7,398 exposures taken over 411 individual pointings of the telescope.",https://science.nasa.gov/asset/hubble/hubble-m31-phat-mosaic/,2010
,5,3,december-20-2009-messier-106.jpg,Spiral Galaxy Messier 106,"A striking feature of M106 is its extra pair of arms. Most spiral galaxies only have one pair of arms, but M106 has an extra set, seen here as red wisps of gas. Unlike the other arms, these two extra arms are made up of hot gas rather than stars.",https://science.nasa.gov/mission/hubble/science/explore-the-night-sky/hubble-messier-catalog/messier-106/,2009
,5,4,december-20-2005-i-zwicky-18.jpg,Irregular Galaxy I Zwicky 18,"This galaxy's youthful appearance resembles galaxies typically found in the early universe. However, Hubble found faint, older stars within it, suggesting that the galaxy may have formed at the same time as most other galaxies.",https://science.nasa.gov/asset/hubble/hubble-finds-mature-galaxy-masquerading-as-toddler/,2005
,5,5,december-20-2001-arp-240.jpg,Interacting Galaxies Arp 240,"Arp 240 is an astonishing galaxy pair, composed of spiral galaxies of similar mass and size, NGC 5257 and NGC 5258. The galaxies are visibly interacting with each other via a bridge of dim stars connecting them.",https://science.nasa.gov/asset/hubble/hubble-interacting-galaxy-ngc-5257/,2001
12/21/2019 0:00:00,5,1,december-21-1995-hubble-deep-field.jpg,Hubble Deep Field,"Called the Hubble Deep Field, this image captures several hundred galaxies that had never been seen before. Some galaxies are near and some are very far. Their various shapes and colors provide clues about the evolution of the universe.",https://science.nasa.gov/asset/hubble/hubble-deep-field-image-unveils-myriad-galaxies-back-to-the-beginning-of-time/,1995
,5,2,december-21-2010-andromeda-galaxy.jpg,Andromeda Galaxy,"Over 100 million stars are on display in this portion of the Andromeda galaxy, located over 2 million light-years away. This portrait of our galactic neighbor uses 7,398 exposures taken over 411 individual pointings of the telescope.",https://science.nasa.gov/asset/hubble/hubble-m31-phat-mosaic/,2010
,5,3,december-21-2015-abell-370.jpg,Galaxy Cluster Abell 370,"The galaxy cluster Abell 370 contains several hundred galaxies tied together by the mutual pull of gravity. Entangled among the galaxies are arcs of blue light, actually distorted and magnified images of remote galaxies behind the cluster.",https://science.nasa.gov/asset/hubble/galaxy-cluster-abell-370/,2015
,5,4,december-21-2007-ngc-3021.jpg,Spiral Galaxy NGC 3021,Spiral galaxy NGC 3021 is home to Cepheid variable stars. These stars pulsate at a rate that is closely related to their intrinsic brightness. Astronomers use this information to calculate a galaxy’s distance.,https://science.nasa.gov/asset/hubble/cepheid-variable-stars-in-spiral-galaxy-ngc-3021/,2005
,5,5,december-21-2006-ngc-3982.jpg,Spiral Galaxy NGC 3982,"This image captures the face-on spiral galaxy NGC 3982. Its arms are lined with pink star-forming regions of glowing hydrogen, blue newborn star clusters, and dark dust lanes that provide the raw material for future generations of stars.",https://science.nasa.gov/asset/hubble/face-on-spiral-galaxy-ngc-3982/,2006
12/22/2019 0:00:00,5,1,december-22-2009-galaxy-ngc-4214.jpg,Dwarf Galaxy NGC 4214,"The dwarf galaxy NGC 4214 is ablaze with young stars and gas clouds. This image captures intricate patterns of glowing hydrogen shaped during the star-birthing process, cavities blown clear of gas by stellar winds, and bright stellar clusters.",https://science.nasa.gov/asset/hubble/galaxy-ngc-4214-a-star-formation-laboratory/,2009
,5,2,december-22-2010-andromeda-tendril.jpg,Andromeda Galaxy Tendril,"Swaths of ionized gas glow in a tendril of the Milky Way's neighboring galaxy, Andromeda. These regions, which are common in spiral and irregular galaxies, often indicate the presence of recent star formation.",https://science.nasa.gov/missions/hubble/hubble-zooms-into-the-rosy-tendrils-of-andromeda/,2010
,5,3,december-22-1998-messier-15.jpg,Globular Cluster Messier 15,"Nestled among the stars of M15 is an astronomical oddity. The pinkish object to the upper left of the cluster's core is a gas cloud surrounding a dying star. Known as Kuestner 648, this was the first planetary nebula found in a globular cluster.",https://science.nasa.gov/asset/hubble/a-dying-star-in-globular-cluster-m15/,1998
,5,4,december-22-2001-ngc-5331.jpg,Interacting Galaxy NGC 5331,"NGC 5331 is a pair of interacting galaxies. It glows very brightly in infrared light, with about 100 billion times the luminosity of the Sun.",https://science.nasa.gov/asset/hubble/hubble-interacting-galaxy-ngc-5331/,2001
,5,5,december-22-2001-vv-283.jpg,Interacting Galaxy VV 283,"VV 283 looks like a single peculiar galaxy, but is in fact a pair of merging galaxies. A tidal tail swirls out from a messy central region and splits into two branches. The upward twisting branch is brightened by luminous blue star knots.",https://science.nasa.gov/asset/hubble/hubble-interacting-galaxy-vv-283/,2001
12/23/2019 0:00:00,5,1,december-23-2009-galaxy-ngc-4214.jpg,Dwarf Galaxy NGC 4214,"The dwarf galaxy NGC 4214 is ablaze with young stars and gas clouds. This image captures intricate patterns of glowing hydrogen shaped during the star-birthing process, cavities blown clear of gas by stellar winds, and bright stellar clusters.",https://science.nasa.gov/asset/hubble/galaxy-ngc-4214-a-star-formation-laboratory/,2009
,5,2,december-23-2002-ngc-4900.jpg,Spiral Galaxy NGC 4900,"While the sparkling spiral galaxy and the prominent star in this image appear to be close to one another, they’re actually a great distance apart. The star is just 7,109 light-years away from Earth, while the galaxy, named NGC 4900, lies about 45 million light-years from Earth.",https://science.nasa.gov/missions/hubble/hubble-sees-a-spiral-and-a-star/,2002
,5,3,december-23-2020-ngc-105.jpg,Spiral Galaxy NGC 105,"While it looks like the spiral galaxy NGC 105 is plunging edge-on into a neighboring galaxy, this is just a circumstance of perspective. NGC 105’s elongated neighbor is actually far more distant.",https://science.nasa.gov/missions/hubble/hubble-sees-cosmic-clues-in-a-galactic-duo/,2020
,5,4,december-23-2016-messier-87.jpg,Elliptical Galaxy Messier 87,"This image of the giant galaxy M87 shows a 3,000-light-year-long jet of plasma blasting from the galaxy's 6.5-billion-solar-mass central black hole. The jet seems to cause stars to erupt along its trajectory.",https://science.nasa.gov/asset/hubble/m87-4/,2016
,5,5,december-23-2011-hubble-extreme-deep-field.jpg,Hubble Extreme Deep Field,"The eXtreme Deep Field, or XDF, was assembled by combining 10 years of photographs taken of a small patch of sky. About 5,500 galaxies appear in the XDF!",https://science.nasa.gov/asset/hubble/hubble-extreme-deep-field-xdf/,2011
12/24/2019 0:00:00,5,1,december-24-2009-galaxy-ngc-4214.jpg,Dwarf Galaxy NGC 4214,"The dwarf galaxy NGC 4214 is ablaze with young stars and gas clouds. This image captures intricate patterns of glowing hydrogen shaped during the star-birthing process, cavities blown clear of gas by stellar winds, and bright stellar clusters.",https://science.nasa.gov/asset/hubble/galaxy-ngc-4214-a-star-formation-laboratory/,2009
,5,2,december-24-2010-andromeda-galaxy.jpg,Andromeda Galaxy,"Over 100 million stars are on display in this portion of the Andromeda galaxy, located over 2 million light-years away. This portrait of our galactic neighbor uses 7,398 exposures taken over 411 individual pointings of the telescope.",https://science.nasa.gov/asset/hubble/hubble-m31-phat-mosaic/,2010
,5,3,december-24-2015-abell-370.jpg,Galaxy Cluster Abell 370,"The galaxy cluster Abell 370 contains several hundred galaxies tied together by the mutual pull of gravity. Entangled among the galaxies are arcs of blue light, actually distorted and magnified images of remote galaxies behind the cluster.",https://science.nasa.gov/asset/hubble/galaxy-cluster-abell-370/,2015
,5,4,december-24-2011-supernova-1993J.jpg,Supernova 1993J,Supernova 1993J is an exploding star in the galaxy Messier 81. It originated in a double-star system where one member was a massive star that exploded after siphoning most of its hydrogen envelope to its companion star.,https://science.nasa.gov/missions/hubble/hubble-finds-companion-star-hidden-for-21-years-in-a-supernovas-glare/,2011
,5,5,december-24-2003-hudf.jpg,Hubble Ultra Deep Field,"This view of nearly 10,000 galaxies is the deepest visible-light image of the cosmos. Called the Hubble Ultra Deep Field, this galaxy-studded view represents a ""deep"" core sample of the universe, cutting across billions of light-years.",https://science.nasa.gov/asset/hubble/hubble-ultra-deep-field-image-reveals-galaxies-galore/,2003
12/25/2019 0:00:00,5,1,december-25-2009-galaxy-ngc-4214.jpg,Dwarf Galaxy NGC 4214,"The dwarf galaxy NGC 4214 is ablaze with young stars and gas clouds. This image captures intricate patterns of glowing hydrogen shaped during the star-birthing process, cavities blown clear of gas by stellar winds, and bright stellar clusters.",https://science.nasa.gov/asset/hubble/galaxy-ngc-4214-a-star-formation-laboratory/,2009
,5,2,december-25-2010-andromeda-galaxy.jpg,Andromeda Galaxy,"Over 100 million stars are on display in this portion of the Andromeda galaxy, located over 2 million light-years away. This portrait of our galactic neighbor uses 7,398 exposures taken over 411 individual pointings of the telescope.",https://science.nasa.gov/asset/hubble/hubble-m31-phat-mosaic/,2010
,5,3,december-25-2012-47-tucanae.jpg,Globular Cluster 47 Tucanae,"This image of the heart of the giant globular star cluster 47 Tucanae reveals the glow of 200,000 stars. Young white dwarfs ― the burned-out relics of stars that have used up their nuclear fuel, cooled down, and lost most of their mass ― are beginning to migrate outward.",https://science.nasa.gov/asset/hubble/white-dwarfs-migrating-from-globular-cluster-47-tucanaes-core/,2012
,5,4,december-25-2017-omega-centauri.jpg,Omega Centauri,Omega Centauri consists of roughly 10 million stars that are gravitationally bound. The cluster is about 10 times as massive as other big globular clusters – almost as massive as a small galaxy.,https://science.nasa.gov/asset/hubble/omega-centauri-2/,2017
,5,5,december-25-2020-jo201.jpg,Jellyfish Galaxy JO201,"As jellyfish galaxies like JO201 move through space, gas is slowly stripped away, forming trails illuminated by clumps of star formation. These blue tendrils are visible below the core of this galaxy, giving it a jellyfish-like appearance.",https://science.nasa.gov/missions/hubble/hubble-peers-at-a-galactic-seascape/,2020
12/26/2019 0:00:00,5,1,december-26-1995-hubble-deep-field.jpg,Hubble Deep Field,"Called the Hubble Deep Field, this image captures several hundred galaxies that had never been seen before. Some galaxies are near and some are very far. Their various shapes and colors provide clues about the evolution of the universe.",https://science.nasa.gov/asset/hubble/hubble-deep-field-image-unveils-myriad-galaxies-back-to-the-beginning-of-time/,1995
,5,2,december-26-2007-ngc-3021.jpg,Spiral Galaxy NGC 3021,Spiral galaxy NGC 3021 is home to Cepheid variable stars. These stars pulsate at a rate that is closely related to their intrinsic brightness. Astronomers use this information to calculate a galaxy’s distance.,https://science.nasa.gov/asset/hubble/cepheid-variable-stars-in-spiral-galaxy-ngc-3021/,2005
,5,3,december-26-2010-lrll-54361.jpg,LRLL 54361 Light Echo,"A pulse of light emanates from the protostellar object LRLL 54361, a mysterious infant star that behaves like a police strobe light. The extent and shape of the scattered light changes substantially over a 25.34-day period.",https://science.nasa.gov/asset/hubble/protostar-lrll-54361/,2010
,5,4,december-26-2019-omega-centauri.jpg,Omega Centauri,Omega Centauri consists of roughly 10 million stars that are gravitationally bound. The cluster is about 10 times as massive as other big globular clusters – almost as massive as a small galaxy.,https://science.nasa.gov/asset/hubble/omega-centauri-2/,2019
,5,5,december-26-2005-leo-a.jpg,Dwarf Galaxy Leo A,This image features the nearby dwarf irregular galaxy Leo A. Astronomers study dwarf galaxies like Leo A because they are numerous and may offer clues to how galaxies grow and evolve.,https://science.nasa.gov/missions/hubble/hubble-finds-structure-in-an-unstructured-galaxy/,2005
12/27/2019 0:00:00,5,1,december-27-2006-ngc-2976.jpg,Spiral Galaxy NGC 2976,"This picture shows the inner region of NGC 2976, located roughly 11 million light-years away in the constellation Ursa Major. Despite the lack of well-defined arms visible in this image, NGC 2976 is a spiral galaxy.",https://science.nasa.gov/asset/hubble/star-birth-party-almost-over-in-ngc-2976/,2006
,5,2,december-27-2010-caldwell-73.jpg,Globular Cluster Caldwell 73,"C73, or NGC 1851, may be a remnant of two star clusters that collided within a dwarf galaxy that once hosted them both. Unlike many globular clusters, C73 hosts stellar populations with different ages.",https://science.nasa.gov/mission/hubble/science/explore-the-night-sky/hubble-caldwell-catalog/caldwell-73/,2010
,5,3,december-27-2015-abell-370.jpg,Galaxy Cluster Abell 370,"The galaxy cluster Abell 370 contains several hundred galaxies tied together by the mutual pull of gravity. Entangled among the galaxies are arcs of blue light, actually distorted and magnified images of remote galaxies behind the cluster.",https://science.nasa.gov/asset/hubble/galaxy-cluster-abell-370/,2015
,5,4,december-27-2024-rosette-nebula.jpg,Rosette Nebula,"Hubble captured a small portion of the Rosette Nebula, which is a huge star-forming region spanning 100 light-years across and located 5,200 light-years away.",https://science.nasa.gov/asset/hubble/dark-clouds-in-rosette-nebula/,2024
,5,5,december-27-2003-hudf.jpg,Hubble Ultra Deep Field,"This view of nearly 10,000 galaxies is the deepest visible-light image of the cosmos. Called the Hubble Ultra Deep Field, this galaxy-studded view represents a ""deep"" core sample of the universe, cutting across billions of light-years.",https://science.nasa.gov/asset/hubble/hubble-ultra-deep-field-image-reveals-galaxies-galore/,2003
12/28/2019 0:00:00,5,1,december-28-1997-galaxy-i-zwicky-18.jpg,Irregular Galaxy I Zwicky 18,"This image captures the irregular dwarf galaxy I Zwicky 18 and a companion galaxy to its upper right. The two galaxies are interacting, triggering star formation in I Zwicky 18.",https://science.nasa.gov/asset/hubble/i-zwicky-18-possibly-the-youngest-galaxy-ever-seen/,1997
,5,2,december-28-2003-ngc-4458.jpg,Elliptical Galaxy NGC 4458,"The elliptical galaxy NGC 4458 is a member of the Virgo cluster, the nearest large galaxy cluster to Earth. Comprised of over 2,000 galaxies, the Virgo cluster is located about 54 million light-years away.",https://science.nasa.gov/asset/hubble/hubble-acs-images-of-virgo-cluster-galaxies-ngc-4660-ngc-4458-ic-3506-and-vcc-1993/,2003
,5,3,december-28-2012-ugc-9391.jpg,Spiral Galaxy UGC 9391,"This spiral galaxy, UGC 9391, contains two types of stars that astronomers use to calculate accurate distances to galaxies and refine the measurement for how fast the universe expands with time, called the Hubble constant.",https://science.nasa.gov/asset/hubble/galaxy-ugc-9391/,2012
,5,4,december-28-2022-ngc-1333.jpg,Reflection Nebula NGC 1333,"This ethereal Hubble view shows NGC 1333, a nearby star-forming region. Glowing gases and pitch-black dust are stirred up and blown around by several hundred newly forming stars embedded within this dark cloud.",https://science.nasa.gov/asset/hubble/ngc-1333/,2022
,5,5,december-28-2024-mars.jpg,Mars,Mars was approximately 61 million miles (98 million km) from Earth when Hubble captured this image. Thin water-ice clouds that are apparent in ultraviolet light give the Red Planet a frosty appearance.,https://science.nasa.gov/asset/hubble/mars-near-opposition-2024/,2024
12/29/2019 0:00:00,5,1,december-29-2005-nebula-and-star-cluster-ngc-3603.jpg,Nebula and Star Cluster NGC 3603,"In NGC 3603, thousands of sparkling, young stars are nestled within a giant nebula. This stellar ""jewel box"" is one of the most massive young star clusters in our Milky Way galaxy.",https://science.nasa.gov/asset/hubble/star-cluster-bursts-into-life-in-new-hubble-image/,2005
,5,2,december-29-2003-messier-74.jpg,Spiral Galaxy Messier 74,"Messier 74, also called NGC 628, is a stunning example of a ""grand-design"" spiral galaxy that is viewed from Earth nearly face-on. Its perfectly symmetrical spiral arms emanate from the central nucleus and are dotted with clusters of young stars.",https://science.nasa.gov/asset/hubble/spiral-galaxy-m74/,2003
,5,3,december-29-2003-messier-35.jpg,Star Cluster Messier 35,"The young open cluster M35 is home to some 400 stars. M35 contains numerous hot blue stars, as well as some cooler and older orange and red giant stars.",https://science.nasa.gov/mission/hubble/science/explore-the-night-sky/hubble-messier-catalog/messier-35/,2003
,5,4,december-29-2022-ngc-1333.jpg,Reflection Nebula NGC 1333,"This ethereal Hubble view shows NGC 1333, a nearby star-forming region. Glowing gases and pitch-black dust are stirred up and blown around by several hundred newly forming stars embedded within this dark cloud.",https://science.nasa.gov/asset/hubble/ngc-1333/,2022
,5,5,december-29-2017-triangulum-galaxy.jpg,Triangulum Galaxy,This mosaic captures the nearby Triangulum galaxy. Striking areas of star birth glow bright blue throughout the galaxy.,https://science.nasa.gov/asset/hubble/triangulum-galaxy-messier-33-m33/,2017
12/30/2019 0:00:00,5,1,december-30-1998-stephans-quintet.jpg,Stephan's Quintet,"This close-up shows four of the five galaxies that make up Stephan's Quintet. The image reveals bright, blue clusters of stars, born from the violent interactions between some of the member galaxies.",https://science.nasa.gov/asset/hubble/star-clusters-born-among-the-interacting-galaxies-of-stephans-quintet/,1998
,5,2,december-30-2018-arp-40.jpg,Galaxy Pair Arp 40,"Arp 40 is a curious pair of spiral galaxies some 800 million light-years away. The smaller galaxy is superimposed on the larger one, which is a type of active galaxy called a Seyfert galaxy.",https://science.nasa.gov/missions/hubble/hubble-captures-a-peculiar-pair/,2018
,5,3,december-30-2022-ngc-1333.jpg,Reflection Nebula NGC 1333,"This ethereal Hubble view shows NGC 1333, a nearby star-forming region. Glowing gases and pitch-black dust are stirred up and blown around by several hundred newly forming stars embedded within this dark cloud.",https://science.nasa.gov/asset/hubble/ngc-1333/,2022
,5,4,december-30-2020-ngc-3568.jpg,Spiral Galaxy NGC 3568,"This image captures a side-on view of NGC 3568, a barred spiral galaxy. In 2014, the light from a supernova explosion in NGC 3568 reached Earth – a sudden flare of light caused by the titanic explosion accompanying the death of a massive star.",https://science.nasa.gov/missions/hubble/hubble-views-a-galaxy-with-an-explosive-past/,2020
,5,5,december-30-2003-asteroid-ceres.jpg,Asteroid Ceres,"The largest known asteroid, Ceres, is approximately 590 miles (949 km) across, about the size of Texas. It resides with tens of thousands of other asteroids in the main asteroid belt.",https://science.nasa.gov/asset/hubble/images-of-the-asteroid-ceres-rotation/,2003
12/31/2019 0:00:00,5,1,december-31-2019-spiral-galaxy-m81.jpg,Spiral Galaxy Messier 81,"The arms of the ""grand design"" spiral galaxy M81 are filled with young, bluish, hot stars. The greenish regions in the image are bright, gaseous clouds where new stars are forming.",https://science.nasa.gov/asset/hubble/hubble-photographs-grand-design-spiral-galaxy-m81/,2006
,5,2,december-31-2022-ngc-1333.jpg,Reflection Nebula NGC 1333,"This ethereal Hubble view shows NGC 1333, a nearby star-forming region. Glowing gases and pitch-black dust are stirred up and blown around by several hundred newly forming stars embedded within this dark cloud.",https://science.nasa.gov/asset/hubble/ngc-1333/,2022
,5,3,december-31-1993-pinwheel-galaxy.jpg,Pinwheel Galaxy,"This image of Messier 100, also called the Pinwheel Galaxy, was one of the first images taken by Hubble after the completion of its first servicing mission, which installed a new-and-improved camera and additional instruments.",https://science.nasa.gov/asset/hubble/the-spiral-galaxy-m100-as-seen-with-the-hubbles-improved-vision/,1993
,5,4,december-31-2020-ngc-3568.jpg,Spiral Galaxy NGC 3568,"This image captures a side-on view of NGC 3568, a barred spiral galaxy. In 2014, the light from a supernova explosion in NGC 3568 reached Earth – a sudden flare of light caused by the titanic explosion accompanying the death of a massive star.",https://science.nasa.gov/missions/hubble/hubble-views-a-galaxy-with-an-explosive-past/,2020
,5,5,december-31-2019-ngc-2835.jpg,Spiral Galaxy NGC 2835,"The twisting patterns created by the multiple spiral arms of NGC 2835, a stunning barred spiral galaxy, create the illusion of an eye. A supermassive black hole with a mass millions of times that of our Sun is known to nestle in the very center of NGC 2835.",https://science.nasa.gov/missions/hubble/hubble-locks-eyes-with-a-snake/,2019